CVE_AGEB,geometry_wkt
0027,"MULTIPOLYGON (((-89.66487 21.089754, -89.664837 21.089343, -89.664786 21.088853, -89.665055 21.08883, -89.666032 21.088749, -89.666816 21.088684, -89.666829 21.088683, -89.667962 21.088574, -89.668525 21.088519, -89.669109 21.088463, -89.669222 21.089584, -89.669323 21.090814, -89.669401 21.091761, -89.668865 21.091786, -89.668257 21.091828, -89.666333 21.09194, -89.66582 21.09197, -89.66493 21.092021, -89.664884 21.09152, -89.664837 21.091019, -89.664793 21.09054, -89.664775 21.090345, -89.663975 21.09041, -89.663334 21.090397, -89.663308 21.089936, -89.663655 21.090035, -89.664746 21.089977, -89.664863 21.089966, -89.66487 21.089754)))"
0031,"MULTIPOLYGON (((-89.525373 20.988888, -89.526159 20.988881, -89.527027 20.988872, -89.527715 20.988866, -89.528038 20.98886, -89.528313 20.988863, -89.528752 20.989119, -89.529049 20.989293, -89.529305 20.989289, -89.530632 20.989266, -89.53064 20.989801, -89.530647 20.99028, -89.530649 20.990688, -89.530656 20.991213, -89.529089 20.991227, -89.528062 20.991237, -89.527046 20.99125, -89.527049 20.991495, -89.526196 20.991499, -89.525383 20.991504, -89.525373 20.988888)))"
0120,"MULTIPOLYGON (((-89.592828 21.003804, -89.592814 21.003794, -89.59325 21.003418, -89.593516 21.00318, -89.593621 21.003086, -89.593677 21.003032, -89.5937 21.003012, -89.594386 21.00241, -89.594561 21.002257, -89.594773 21.002116, -89.594828 21.002095, -89.595286 21.001917, -89.595468 21.001849, -89.595593 21.001812, -89.59574 21.001779, -89.595885 21.001759, -89.596105 21.001731, -89.596261 21.001665, -89.597098 21.001806, -89.598069 21.001972, -89.598209 21.001998, -89.59866 21.002082, -89.599177 21.001281, -89.599721 21.000464, -89.600082 20.999892, -89.600214 20.999679, -89.600704 20.999122, -89.600863 20.998946, -89.601013 20.998779, -89.601755 20.997951, -89.601776 20.997928, -89.602357 20.997282, -89.602177 20.998244, -89.602174 20.998306, -89.60215 20.998483, -89.602024 20.999127, -89.601876 20.999937, -89.601871 20.999974, -89.601722 21.000765, -89.601711 21.000797, -89.601698 21.000837, -89.601673 21.000915, -89.601541 21.001677, -89.601375 21.002487, -89.601219 21.003335, -89.600296 21.003194, -89.600206 21.003713, -89.601392 21.003926, -89.60129 21.004527, -89.601193 21.005085, -89.600203 21.004908, -89.599386 21.004766, -89.598817 21.004674, -89.598188 21.004574, -89.597618 21.00448, -89.597087 21.004386, -89.596336 21.004247, -89.596114 21.004553, -89.59539 21.005532, -89.594589 21.005005, -89.594554 21.004982, -89.59374 21.004427, -89.592828 21.003804)))"
0154,"MULTIPOLYGON (((-89.705957 20.935773, -89.705934 20.935773, -89.705063 20.935789, -89.703577 20.933371, -89.70337 20.933035, -89.705455 20.931738, -89.706855 20.931079, -89.706983 20.929367, -89.708523 20.929394, -89.710806 20.929864, -89.716193 20.930821, -89.716205 20.931393, -89.716236 20.932885, -89.710668 20.93301, -89.708084 20.933068, -89.707508 20.933081, -89.707521 20.933657, -89.707532 20.934128, -89.707544 20.93465, -89.707557 20.935206, -89.70757 20.93576, -89.707583 20.936317, -89.707588 20.936658, -89.705962 20.936689, -89.705952 20.936343, -89.705957 20.935773)))"
0169,"MULTIPOLYGON (((-89.614297 20.998431, -89.614215 20.998418, -89.61409 20.998399, -89.613835 20.998359, -89.613394 20.998286, -89.613287 20.998268, -89.613194 20.998253, -89.612422 20.998128, -89.612042 20.998067, -89.611637 20.998002, -89.611491 20.997978, -89.611359 20.997953, -89.610632 20.997824, -89.610555 20.997811, -89.610477 20.997797, -89.610402 20.997783, -89.610103 20.997734, -89.610013 20.997718, -89.609923 20.997704, -89.609664 20.997666, -89.608758 20.997514, -89.607961 20.997376, -89.607891 20.997365, -89.607785 20.997347, -89.607663 20.997327, -89.606992 20.997216, -89.60654 20.99714, -89.606297 20.997102, -89.606175 20.997082, -89.606173 20.997094, -89.60617 20.997101, -89.606167 20.997109, -89.606163 20.997116, -89.606158 20.997122, -89.606152 20.997128, -89.606146 20.997134, -89.606139 20.997139, -89.606132 20.997143, -89.606124 20.997146, -89.606116 20.997149, -89.606108 20.997151, -89.606099 20.997152, -89.606091 20.997152, -89.606082 20.997151, -89.606074 20.997149, -89.606066 20.997147, -89.606062 20.997146, -89.606054 20.997142, -89.606047 20.997138, -89.60604 20.997133, -89.606034 20.997127, -89.606028 20.997121, -89.606023 20.997115, -89.60602 20.997107, -89.606016 20.9971, -89.606014 20.997092, -89.606012 20.997084, -89.606012 20.997069, -89.606014 20.997057, -89.605776 20.997015, -89.605343 20.99694, -89.605331 20.996938, -89.605636 20.996386, -89.605678 20.996378, -89.606232 20.995433, -89.606297 20.995315, -89.606794 20.994403, -89.607219 20.993661, -89.607373 20.993394, -89.607635 20.992606, -89.607953 20.991647, -89.60837 20.99029, -89.60708 20.989732, -89.607095 20.989723, -89.607122 20.98971, -89.608102 20.989132, -89.60826 20.989039, -89.609117 20.988532, -89.609172 20.988502, -89.609209 20.988482, -89.609252 20.988456, -89.609908 20.988062, -89.610111 20.987941, -89.610227 20.987874, -89.610232 20.98787, -89.610437 20.987751, -89.610667 20.987615, -89.611163 20.987323, -89.611461 20.987147, -89.611515 20.987657, -89.611547 20.987975, -89.611608 20.988381, -89.611628 20.988436, -89.611635 20.988455, -89.611782 20.988863, -89.611928 20.989178, -89.612126 20.989486, -89.612428 20.989876, -89.612643 20.990108, -89.61288 20.99033, -89.612927 20.990369, -89.614613 20.99163, -89.614626 20.99164, -89.61622 20.992813, -89.616512 20.993039, -89.616533 20.993055, -89.61653 20.993117, -89.616527 20.993176, -89.616496 20.993847, -89.616494 20.993892, -89.616457 20.994595, -89.616457 20.994619, -89.616342 20.995555, -89.616335 20.995605, -89.616205 20.996643, -89.616202 20.996667, -89.616015 20.998149, -89.615999 20.998273, -89.615971 20.998493, -89.615943 20.99849, -89.61592 20.99849, -89.615897 20.998493, -89.615874 20.998498, -89.615852 20.998505, -89.615831 20.998514, -89.615811 20.998525, -89.615793 20.998538, -89.615776 20.998553, -89.61576 20.99857, -89.615747 20.998588, -89.615736 20.998607, -89.615726 20.998627, -89.61572 20.998648, -89.615715 20.998669, -89.615526 20.998639, -89.61518 20.998583, -89.615116 20.998573, -89.615039 20.998561, -89.614915 20.998539, -89.614297 20.998431)))"
0188,"MULTIPOLYGON (((-89.594313 20.995935, -89.593845 20.995601, -89.593343 20.995234, -89.592729 20.994783, -89.592314 20.994479, -89.593618 20.99344, -89.59313 20.993108, -89.594148 20.992356, -89.59452 20.99279, -89.595252 20.992253, -89.595281 20.992219, -89.595311 20.992183, -89.596118 20.991596, -89.596768 20.991121, -89.596973 20.990951, -89.597123 20.990826, -89.597869 20.990273, -89.598823 20.989572, -89.598892 20.989511, -89.598924 20.98955, -89.59923 20.989909, -89.599259 20.989941, -89.599283 20.989969, -89.599528 20.990255, -89.599615 20.990354, -89.599676 20.990423, -89.599734 20.990496, -89.600046 20.990877, -89.600049 20.990882, -89.600086 20.990926, -89.600114 20.990958, -89.600421 20.99131, -89.600458 20.991354, -89.600486 20.991388, -89.6008 20.99176, -89.600846 20.991814, -89.600883 20.991856, -89.601119 20.992132, -89.601162 20.992184, -89.601244 20.992278, -89.601249 20.992285, -89.601552 20.992638, -89.601576 20.992667, -89.601603 20.992702, -89.601907 20.993081, -89.602006 20.993204, -89.602112 20.993338, -89.602047 20.993385, -89.601819 20.993547, -89.60144 20.993817, -89.601183 20.994, -89.601178 20.994002, -89.601093 20.994056, -89.601006 20.99411, -89.601001 20.994112, -89.600493 20.994477, -89.600264 20.994647, -89.600175 20.99471, -89.600095 20.994777, -89.600062 20.994804, -89.599618 20.995123, -89.599345 20.995318, -89.599304 20.995348, -89.599258 20.99538, -89.599136 20.995468, -89.598684 20.995792, -89.598512 20.995915, -89.598451 20.995959, -89.598373 20.996016, -89.597807 20.996437, -89.597774 20.996459, -89.597179 20.996042, -89.597147 20.99602, -89.595792 20.996986, -89.595338 20.996665, -89.594839 20.996317, -89.594313 20.995935)))"
021A,"MULTIPOLYGON (((-89.624402 20.986696, -89.624926 20.986775, -89.625124 20.986801, -89.625805 20.986898, -89.627013 20.987052, -89.627963 20.987179, -89.628911 20.987305, -89.629842 20.987429, -89.630816 20.987559, -89.63175 20.987683, -89.631745 20.987715, -89.631593 20.988577, -89.631472 20.989478, -89.631326 20.990344, -89.631307 20.990455, -89.631182 20.991247, -89.631046 20.992112, -89.631042 20.992141, -89.630907 20.992991, -89.630904 20.993014, -89.630764 20.993898, -89.630712 20.994247, -89.630586 20.995092, -89.630536 20.995262, -89.6302 20.995021, -89.629314 20.994386, -89.629295 20.994372, -89.628936 20.994115, -89.628415 20.993741, -89.62754 20.993112, -89.626696 20.9925, -89.626663 20.992482, -89.626583 20.992444, -89.625787 20.991864, -89.624747 20.991104, -89.623923 20.990503, -89.623694 20.990337, -89.623209 20.989989, -89.623257 20.989853, -89.623461 20.989303, -89.623659 20.988757, -89.623775 20.988438, -89.624072 20.987627, -89.624188 20.987309, -89.624343 20.986864, -89.624402 20.986696)))"
0224,"MULTIPOLYGON (((-89.616859 20.989433, -89.616884 20.989433, -89.616891 20.989433, -89.616913 20.989316, -89.616984 20.988947, -89.617151 20.988076, -89.617218 20.987725, -89.617496 20.98627, -89.6175 20.986249, -89.617543 20.98601, -89.617555 20.985942, -89.617571 20.985861, -89.617589 20.985765, -89.61759 20.98576, -89.617625 20.985575, -89.617775 20.984773, -89.617953 20.983825, -89.618141 20.982819, -89.618147 20.982788, -89.618353 20.981686, -89.618393 20.981467, -89.618394 20.981462, -89.618401 20.981435, -89.618434 20.981444, -89.618985 20.981597, -89.619024 20.981612, -89.619722 20.981801, -89.620489 20.981958, -89.621902 20.982246, -89.62331 20.982605, -89.62333 20.982608, -89.623681 20.982652, -89.62394 20.982686, -89.624165 20.982715, -89.624617 20.982773, -89.625104 20.982716, -89.625016 20.982333, -89.625357 20.982341, -89.625997 20.982355, -89.625973 20.982421, -89.625953 20.982484, -89.625837 20.982794, -89.625573 20.983492, -89.625522 20.983627, -89.625501 20.983627, -89.625493 20.983628, -89.625484 20.98363, -89.625476 20.983633, -89.625468 20.983637, -89.625461 20.983642, -89.625454 20.983647, -89.625448 20.983653, -89.625443 20.98366, -89.625438 20.983667, -89.625434 20.983674, -89.625431 20.983682, -89.625428 20.983698, -89.625429 20.983722, -89.625431 20.983727, -89.625433 20.983735, -89.625437 20.983742, -89.625442 20.983749, -89.625447 20.983756, -89.625453 20.983762, -89.625482 20.983779, -89.62545 20.983858, -89.625289 20.984281, -89.625042 20.984923, -89.625019 20.984982, -89.625015 20.984998, -89.624993 20.985073, -89.624984 20.985106, -89.624714 20.985832, -89.624565 20.986233, -89.624447 20.986569, -89.624402 20.986696, -89.624343 20.986864, -89.624188 20.987309, -89.624072 20.987627, -89.623775 20.988438, -89.623659 20.988757, -89.623461 20.989303, -89.623257 20.989853, -89.623209 20.989989, -89.622392 20.989401, -89.621966 20.989097, -89.622016 20.989576, -89.622125 20.990437, -89.622233 20.99113, -89.622298 20.991262, -89.6225 20.991681, -89.622565 20.991815, -89.62261 20.991885, -89.622642 20.992308, -89.622653 20.992464, -89.622704 20.992763, -89.62206 20.992856, -89.621562 20.992931, -89.620677 20.993064, -89.620691 20.99314, -89.620706 20.993228, -89.619777 20.993381, -89.618936 20.993522, -89.618885 20.993549, -89.618255 20.994398, -89.617809 20.994048, -89.617779 20.994025, -89.617208 20.993576, -89.616878 20.99332, -89.616533 20.993055, -89.616512 20.993039, -89.616512 20.99298, -89.616506 20.991898, -89.616665 20.990563, -89.61671 20.990404, -89.616737 20.990266, -89.616783 20.99001, -89.61681 20.989861, -89.616796 20.989856, -89.616784 20.989852, -89.616773 20.989847, -89.616762 20.989842, -89.616752 20.989836, -89.616742 20.98983, -89.616732 20.989823, -89.616723 20.989816, -89.616714 20.989808, -89.616705 20.9898, -89.616697 20.989791, -89.616689 20.989782, -89.616676 20.989763, -89.616664 20.989743, -89.616655 20.989722, -89.616649 20.9897, -89.616646 20.989689, -89.616644 20.989671, -89.616643 20.989643, -89.616645 20.98962, -89.61665 20.989598, -89.616657 20.989576, -89.616666 20.989555, -89.616678 20.989535, -89.616692 20.989516, -89.616708 20.989499, -89.616726 20.989484, -89.616746 20.98947, -89.616766 20.989458, -89.616788 20.989448, -89.616812 20.989441, -89.616835 20.989436, -89.616859 20.989433)))"
0262,"MULTIPOLYGON (((-89.598722 20.984929, -89.5978 20.984949, -89.597399 20.984954, -89.596375 20.984982, -89.595172 20.985014, -89.595123 20.985081, -89.595077 20.985144, -89.59444 20.984444, -89.593832 20.985265, -89.593806 20.98525, -89.593727 20.985184, -89.593165 20.984452, -89.592571 20.985231, -89.59172 20.984305, -89.591667 20.984248, -89.591104 20.983727, -89.59011 20.984588, -89.589807 20.98444, -89.589866 20.984205, -89.58987 20.984147, -89.58987 20.984089, -89.589867 20.984031, -89.589863 20.98399, -89.589858 20.983387, -89.588951 20.983066, -89.588044 20.982746, -89.588337 20.981974, -89.587532 20.982017, -89.587516 20.981606, -89.587491 20.98122, -89.58749 20.981193, -89.587467 20.980905, -89.587464 20.980865, -89.587832 20.980852, -89.588641 20.980843, -89.588741 20.980842, -89.589245 20.980833, -89.589477 20.980829, -89.589819 20.98082, -89.59047 20.980784, -89.590695 20.980771, -89.591893 20.980717, -89.592964 20.980685, -89.594093 20.98066, -89.594455 20.980647, -89.594955 20.980623, -89.595075 20.980617, -89.595828 20.980554, -89.596158 20.980541, -89.596829 20.980513, -89.59724 20.980505, -89.597365 20.980503, -89.597445 20.980502, -89.597532 20.980498, -89.598226 20.980471, -89.598286 20.980469, -89.598348 20.980467, -89.59937 20.980435, -89.600442 20.980397, -89.601096 20.980374, -89.601431 20.980363, -89.601527 20.98036, -89.601614 20.980356, -89.602098 20.980332, -89.602131 20.98033, -89.602348 20.98032, -89.602683 20.980299, -89.603065 20.980275, -89.603156 20.98027, -89.603673 20.98025, -89.604887 20.980203, -89.604886 20.980214, -89.604696 20.982299, -89.604694 20.982322, -89.604564 20.983699, -89.604474 20.984504, -89.603645 20.984662, -89.603142 20.984758, -89.603025 20.98478, -89.602785 20.984842, -89.602492 20.984914, -89.602129 20.985, -89.60187 20.985051, -89.601482 20.98514, -89.601154 20.985194, -89.601069 20.985211, -89.600972 20.985232, -89.600875 20.985263, -89.60008 20.985396, -89.599624 20.985483, -89.599245 20.985768, -89.59908 20.98557, -89.598894 20.985345, -89.598869 20.985315, -89.598767 20.985181, -89.598736 20.985105, -89.598727 20.985016, -89.598722 20.984929)))"
0277,"MULTIPOLYGON (((-89.686462 20.921395, -89.685485 20.919685, -89.685283 20.919339, -89.683576 20.916408, -89.68342 20.91614, -89.68301 20.915434, -89.684319 20.914941, -89.685427 20.914523, -89.685425 20.914234, -89.685417 20.913206, -89.685412 20.912446, -89.68541 20.911526, -89.68541 20.911479, -89.685585 20.911432, -89.685746 20.911429, -89.686075 20.911506, -89.687315 20.912869, -89.685825 20.913561, -89.686033 20.913948, -89.687154 20.91343, -89.687659 20.913197, -89.687964 20.913524, -89.68832 20.913886, -89.688383 20.91387, -89.688624 20.914221, -89.688887 20.914584, -89.689136 20.915021, -89.688229 20.915425, -89.68817 20.915432, -89.688375 20.915827, -89.688579 20.91622, -89.688784 20.916615, -89.689 20.917031, -89.689027 20.916986, -89.690175 20.916445, -89.690461 20.916874, -89.690765 20.917312, -89.689252 20.918008, -89.689181 20.918053, -89.689386 20.918456, -89.689461 20.918429, -89.691006 20.917692, -89.691263 20.918053, -89.689675 20.918828, -89.689597 20.918865, -89.689813 20.91929, -89.690386 20.919006, -89.69157 20.918444, -89.691571 20.918446, -89.691821 20.918824, -89.692125 20.919283, -89.692125 20.919284, -89.692704 20.919322, -89.69256 20.918547, -89.694951 20.918772, -89.694963 20.918837, -89.695056 20.919341, -89.695157 20.919858, -89.695292 20.92095, -89.695304 20.921169, -89.695302 20.92125, -89.695044 20.921391, -89.694999 20.921302, -89.693831 20.921867, -89.693224 20.922164, -89.688446 20.924601, -89.688326 20.924659, -89.687487 20.923177, -89.686728 20.92186, -89.686533 20.92152, -89.686462 20.921395)))"
0281,"MULTIPOLYGON (((-89.638789 20.988362, -89.638756 20.988365, -89.638724 20.98837, -89.638692 20.988378, -89.638662 20.98839, -89.638633 20.988404, -89.638606 20.988421, -89.63858 20.988441, -89.638558 20.988463, -89.638537 20.988488, -89.63852 20.988514, -89.638506 20.988541, -89.638494 20.98857, -89.638486 20.9886, -89.638482 20.988625, -89.637443 20.988484, -89.636447 20.988348, -89.635492 20.988218, -89.634546 20.988089, -89.633622 20.987963, -89.633762 20.987059, -89.633887 20.986186, -89.633935 20.985848, -89.63402 20.985314, -89.634151 20.984442, -89.634283 20.983526, -89.635257 20.983653, -89.635487 20.983684, -89.636185 20.983781, -89.637072 20.983904, -89.637155 20.983916, -89.637722 20.983995, -89.638024 20.984036, -89.639045 20.98418, -89.639277 20.984213, -89.639291 20.984215, -89.639313 20.984218, -89.640407 20.984372, -89.640438 20.984376, -89.641358 20.9845, -89.642582 20.984626, -89.642802 20.984921, -89.64282 20.984945, -89.642815 20.98504, -89.642759 20.986276, -89.642741 20.9865, -89.642721 20.986588, -89.642688 20.986714, -89.642582 20.987049, -89.642463 20.98729, -89.642446 20.987316, -89.64242 20.987357, -89.642093 20.987833, -89.641925 20.988011, -89.641745 20.988203, -89.641058 20.988932, -89.64094 20.988917, -89.640787 20.9889, -89.640634 20.988883, -89.640511 20.988869, -89.63931 20.98873, -89.639103 20.988706, -89.639106 20.988683, -89.639107 20.988652, -89.639105 20.988621, -89.639099 20.988591, -89.63909 20.988561, -89.639078 20.988533, -89.639063 20.988505, -89.639044 20.98848, -89.639023 20.988456, -89.639 20.988435, -89.638974 20.988416, -89.638946 20.988399, -89.638917 20.988386, -89.638886 20.988375, -89.638854 20.988368, -89.638815 20.988363, -89.638789 20.988362)))"
0296,"MULTIPOLYGON (((-89.625501 20.983627, -89.625522 20.983627, -89.625573 20.983492, -89.625837 20.982794, -89.625953 20.982484, -89.625973 20.982421, -89.625997 20.982355, -89.626577 20.982389, -89.627456 20.982457, -89.627531 20.982467, -89.628655 20.98273, -89.62951 20.982931, -89.629602 20.982953, -89.630277 20.983124, -89.630532 20.983191, -89.631468 20.983434, -89.631547 20.983174, -89.632423 20.983296, -89.633179 20.983401, -89.63334 20.983419, -89.634283 20.983526, -89.634151 20.984442, -89.63402 20.985314, -89.633935 20.985848, -89.633887 20.986186, -89.633762 20.987059, -89.633622 20.987963, -89.632682 20.987822, -89.63175 20.987683, -89.630816 20.987559, -89.629842 20.987429, -89.628911 20.987305, -89.627963 20.987179, -89.627013 20.987052, -89.625805 20.986898, -89.625124 20.986801, -89.624926 20.986775, -89.624402 20.986696, -89.624447 20.986569, -89.624565 20.986233, -89.624714 20.985832, -89.624984 20.985106, -89.624993 20.985073, -89.625015 20.984998, -89.625019 20.984982, -89.625042 20.984923, -89.625289 20.984281, -89.62545 20.983858, -89.625482 20.983779, -89.625453 20.983762, -89.625447 20.983756, -89.625442 20.983749, -89.625437 20.983742, -89.625433 20.983735, -89.625431 20.983727, -89.625429 20.983722, -89.625428 20.983698, -89.625431 20.983682, -89.625434 20.983674, -89.625438 20.983667, -89.625443 20.98366, -89.625448 20.983653, -89.625454 20.983647, -89.625461 20.983642, -89.625468 20.983637, -89.625476 20.983633, -89.625484 20.98363, -89.625493 20.983628, -89.625501 20.983627)))"
0309,"MULTIPOLYGON (((-89.635328 20.979214, -89.635343 20.979154, -89.635637 20.977959, -89.637081 20.978244, -89.638464 20.978521, -89.638408 20.978767, -89.638948 20.979558, -89.639866 20.979125, -89.639863 20.979142, -89.639838 20.979346, -89.639837 20.979352, -89.640949 20.979465, -89.641011 20.979471, -89.642061 20.979577, -89.642098 20.979581, -89.643158 20.979689, -89.643174 20.97969, -89.643036 20.980684, -89.643033 20.980741, -89.643026 20.980808, -89.643025 20.980816, -89.643023 20.980864, -89.643022 20.980915, -89.643019 20.980963, -89.642957 20.982245, -89.642905 20.983278, -89.642853 20.984311, -89.64282 20.984945, -89.642802 20.984921, -89.642582 20.984626, -89.641358 20.9845, -89.640438 20.984376, -89.640407 20.984372, -89.639313 20.984218, -89.639291 20.984215, -89.639277 20.984213, -89.639045 20.98418, -89.638024 20.984036, -89.637722 20.983995, -89.637155 20.983916, -89.637072 20.983904, -89.636185 20.983781, -89.635487 20.983684, -89.635257 20.983653, -89.634283 20.983526, -89.634464 20.982638, -89.634814 20.981437, -89.634905 20.981012, -89.63501 20.980568, -89.635328 20.979214)))"
0313,"MULTIPOLYGON (((-89.631547 20.983174, -89.631468 20.983434, -89.630532 20.983191, -89.630277 20.983124, -89.629602 20.982953, -89.62951 20.982931, -89.628655 20.98273, -89.627531 20.982467, -89.627456 20.982457, -89.626577 20.982389, -89.625997 20.982355, -89.626018 20.982297, -89.62637 20.981351, -89.626397 20.981264, -89.62641 20.981225, -89.626429 20.981171, -89.62659 20.980732, -89.626608 20.980686, -89.626866 20.979959, -89.627337 20.978612, -89.627751 20.977474, -89.628117 20.976485, -89.629152 20.976688, -89.629286 20.976713, -89.63064 20.976969, -89.630831 20.977008, -89.63189 20.977223, -89.633085 20.977467, -89.634281 20.977714, -89.635637 20.977959, -89.635343 20.979154, -89.635328 20.979214, -89.63501 20.980568, -89.634905 20.981012, -89.634814 20.981437, -89.634464 20.982638, -89.634283 20.983526, -89.63334 20.983419, -89.633179 20.983401, -89.632423 20.983296, -89.631547 20.983174)))"
0328,"MULTIPOLYGON (((-89.621902 20.982246, -89.620489 20.981958, -89.619722 20.981801, -89.619024 20.981612, -89.618985 20.981597, -89.618434 20.981444, -89.618401 20.981435, -89.618406 20.981407, -89.618412 20.981374, -89.618441 20.981176, -89.618441 20.981168, -89.618502 20.980849, -89.618636 20.980146, -89.618798 20.97929, -89.618889 20.97881, -89.619017 20.978133, -89.619116 20.977609, -89.61913 20.977534, -89.619201 20.977164, -89.619348 20.976382, -89.619354 20.976353, -89.619432 20.975936, -89.619501 20.975568, -89.619507 20.975514, -89.619524 20.975449, -89.619548 20.975353, -89.619538 20.97535, -89.619529 20.975345, -89.61952 20.975339, -89.619512 20.975332, -89.619504 20.975325, -89.619498 20.975317, -89.619492 20.975308, -89.619488 20.975299, -89.619484 20.975289, -89.619482 20.975279, -89.619481 20.97527, -89.619481 20.975259, -89.619481 20.975249, -89.619484 20.975239, -89.619487 20.97523, -89.619491 20.97522, -89.619496 20.975211, -89.619502 20.975203, -89.619509 20.975196, -89.619517 20.975189, -89.619526 20.975183, -89.619535 20.975177, -89.619545 20.975173, -89.619555 20.97517, -89.619566 20.975168, -89.619576 20.975166, -89.619587 20.975166, -89.619598 20.975167, -89.619608 20.975169, -89.619619 20.975172, -89.619628 20.975176, -89.619638 20.975181, -89.619647 20.975187, -89.619655 20.975193, -89.61977 20.97521, -89.620187 20.975267, -89.620274 20.975279, -89.620354 20.97529, -89.620469 20.975306, -89.620479 20.975307, -89.620564 20.975317, -89.620936 20.975365, -89.621257 20.975409, -89.621573 20.975453, -89.622902 20.975561, -89.623815 20.975644, -89.624236 20.975688, -89.625228 20.975877, -89.62556 20.97594, -89.626112 20.976059, -89.626501 20.976145, -89.626715 20.976188, -89.62758 20.976374, -89.628117 20.976485, -89.627751 20.977474, -89.627337 20.978612, -89.626866 20.979959, -89.626608 20.980686, -89.62659 20.980732, -89.626429 20.981171, -89.62641 20.981225, -89.626397 20.981264, -89.62637 20.981351, -89.626018 20.982297, -89.625997 20.982355, -89.625357 20.982341, -89.625016 20.982333, -89.625104 20.982716, -89.624617 20.982773, -89.624165 20.982715, -89.62394 20.982686, -89.623681 20.982652, -89.62333 20.982608, -89.62331 20.982605, -89.621902 20.982246)))"
0332,"MULTIPOLYGON (((-89.615777 20.969733, -89.615622 20.970361, -89.615542 20.970727, -89.615243 20.971949, -89.614984 20.973056, -89.614664 20.97426, -89.614335 20.975428, -89.614003 20.97664, -89.613994 20.976674, -89.613977 20.976734, -89.613648 20.978029, -89.613411 20.978961, -89.6133 20.979402, -89.613011 20.980546, -89.612886 20.981041, -89.612761 20.981536, -89.612727 20.981684, -89.612653 20.981498, -89.612623 20.981411, -89.612588 20.981327, -89.612549 20.981244, -89.612505 20.981163, -89.612457 20.981085, -89.612404 20.981009, -89.612347 20.980935, -89.612286 20.980865, -89.612221 20.980797, -89.612172 20.980748, -89.61212 20.980694, -89.612038 20.980617, -89.611952 20.980545, -89.611862 20.980477, -89.611768 20.980413, -89.611671 20.980354, -89.611571 20.9803, -89.611467 20.980251, -89.611362 20.980207, -89.611253 20.980168, -89.611143 20.980135, -89.611031 20.980107, -89.610918 20.980084, -89.610846 20.980074, -89.610804 20.980068, -89.610689 20.980056, -89.610573 20.980051, -89.610457 20.980051, -89.610394 20.980054, -89.609236 20.980082, -89.608184 20.980107, -89.608195 20.979987, -89.608221 20.979722, -89.608253 20.979294, -89.608256 20.979251, -89.608293 20.978748, -89.608295 20.97872, -89.608332 20.978209, -89.60747 20.978133, -89.607518 20.977653, -89.607559 20.977223, -89.60762 20.976749, -89.607657 20.976227, -89.607685 20.975941, -89.607689 20.975901, -89.607705 20.975739, -89.607721 20.975577, -89.608301 20.975573, -89.608258 20.974797, -89.608213 20.974001, -89.608125 20.972473, -89.608116 20.972424, -89.60746 20.972507, -89.606906 20.972585, -89.606904 20.972174, -89.6069 20.971836, -89.607458 20.971474, -89.607806 20.971273, -89.607977 20.971258, -89.608281 20.970599, -89.608567 20.970045, -89.608995 20.969877, -89.609202 20.969821, -89.609364 20.969724, -89.609787 20.969303, -89.609835 20.969256, -89.610224 20.968884, -89.610492 20.968632, -89.610583 20.968444, -89.610656 20.968152, -89.610713 20.968073, -89.610725 20.967987, -89.61095 20.966851, -89.61202 20.967018, -89.612383 20.967069, -89.613274 20.96719, -89.613831 20.967273, -89.61483 20.96742, -89.614969 20.967441, -89.614998 20.967447, -89.616247 20.967638, -89.61598 20.968823, -89.615777 20.969733)))"
0347,"MULTIPOLYGON (((-89.605556 20.972579, -89.605713 20.972372, -89.605899 20.972297, -89.606015 20.972254, -89.6069 20.971836, -89.606904 20.972174, -89.606906 20.972585, -89.60746 20.972507, -89.608116 20.972424, -89.608125 20.972473, -89.608213 20.974001, -89.608258 20.974797, -89.608301 20.975573, -89.607721 20.975577, -89.607705 20.975739, -89.607689 20.975901, -89.607685 20.975941, -89.607657 20.976227, -89.60762 20.976749, -89.607559 20.977223, -89.607518 20.977653, -89.60747 20.978133, -89.608332 20.978209, -89.608295 20.97872, -89.608293 20.978748, -89.608256 20.979251, -89.608253 20.979294, -89.608221 20.979722, -89.608195 20.979987, -89.608184 20.980107, -89.607081 20.98012, -89.606655 20.980136, -89.606012 20.98016, -89.605409 20.980183, -89.604917 20.980202, -89.604887 20.980203, -89.603673 20.98025, -89.603156 20.98027, -89.60241 20.97997, -89.602382 20.979959, -89.602329 20.979937, -89.601621 20.979625, -89.600567 20.979159, -89.600271 20.979028, -89.599556 20.978724, -89.59848 20.978268, -89.598321 20.978201, -89.597704 20.97794, -89.597635 20.97791, -89.5984 20.977272, -89.598445 20.977232, -89.598615 20.977082, -89.598865 20.976875, -89.598905 20.976846, -89.599024 20.976758, -89.599413 20.976452, -89.59945 20.976423, -89.600066 20.9759, -89.600236 20.975751, -89.600911 20.97517, -89.60155 20.974652, -89.601612 20.974619, -89.601651 20.974599, -89.602282 20.974255, -89.602391 20.974208, -89.602448 20.974183, -89.60254 20.974167, -89.60337 20.974041, -89.603262 20.973819, -89.603158 20.973617, -89.603699 20.973387, -89.604253 20.973153, -89.604646 20.972976, -89.604768 20.972921, -89.605183 20.972741, -89.605556 20.972579)))"
0366,"MULTIPOLYGON (((-89.601259 20.968151, -89.601314 20.967505, -89.601361 20.966958, -89.601363 20.966887, -89.601359 20.966826, -89.601431 20.965795, -89.602596 20.965871, -89.602938 20.965914, -89.603262 20.965942, -89.603874 20.966025, -89.604579 20.966127, -89.605688 20.966311, -89.605809 20.966329, -89.606157 20.966408, -89.607011 20.966582, -89.60732 20.966655, -89.607885 20.966664, -89.608525 20.966688, -89.608848 20.966696, -89.609505 20.9667, -89.609681 20.966712, -89.610063 20.966751, -89.610487 20.966796, -89.61095 20.966851, -89.610725 20.967987, -89.610713 20.968073, -89.610656 20.968152, -89.610583 20.968444, -89.610492 20.968632, -89.610224 20.968884, -89.609835 20.969256, -89.609787 20.969303, -89.609364 20.969724, -89.609202 20.969821, -89.608995 20.969877, -89.608567 20.970045, -89.608281 20.970599, -89.607977 20.971258, -89.607806 20.971273, -89.607458 20.971474, -89.6069 20.971836, -89.606015 20.972254, -89.605899 20.972297, -89.605713 20.972372, -89.605556 20.972579, -89.605183 20.972741, -89.604768 20.972921, -89.604646 20.972976, -89.604365 20.971665, -89.603313 20.972072, -89.602912 20.971267, -89.602529 20.970492, -89.602412 20.970258, -89.602339 20.970114, -89.602123 20.969703, -89.601806 20.969101, -89.601755 20.96901, -89.601526 20.96863, -89.601413 20.968424, -89.601259 20.968151)))"
039A,"MULTIPOLYGON (((-89.652795 20.972681, -89.653689 20.972755, -89.653833 20.972766, -89.654539 20.972824, -89.654557 20.972826, -89.654906 20.972854, -89.655221 20.97288, -89.655962 20.972941, -89.655946 20.973049, -89.65594 20.973089, -89.655871 20.973562, -89.655867 20.973591, -89.655756 20.974371, -89.655751 20.974409, -89.655664 20.975191, -89.655572 20.97602, -89.655478 20.976834, -89.655475 20.97687, -89.655452 20.977121, -89.655423 20.97734, -89.655366 20.977838, -89.65528 20.978584, -89.655223 20.979083, -89.655177 20.979437, -89.655081 20.980313, -89.655035 20.980691, -89.654989 20.981128, -89.654951 20.981523, -89.654912 20.981922, -89.654909 20.981956, -89.654816 20.98278, -89.654796 20.982953, -89.654682 20.983984, -89.654561 20.983907, -89.654559 20.983905, -89.654073 20.983617, -89.653935 20.983534, -89.653858 20.983487, -89.653811 20.983459, -89.653638 20.983355, -89.653366 20.983191, -89.653022 20.982984, -89.652895 20.982907, -89.652556 20.982701, -89.652451 20.982636, -89.652385 20.982594, -89.652339 20.982568, -89.652146 20.98245, -89.652148 20.982432, -89.652197 20.981746, -89.65223 20.981284, -89.652255 20.980926, -89.652314 20.980117, -89.652316 20.980088, -89.652366 20.979271, -89.652379 20.979058, -89.652418 20.978413, -89.652443 20.977999, -89.652469 20.977624, -89.652519 20.976876, -89.652531 20.976707, -89.65259 20.975823, -89.652595 20.975752, -89.652643 20.975014, -89.652662 20.974729, -89.652697 20.974183, -89.652728 20.973705, -89.652751 20.973358, -89.652795 20.972681)))"
0402,"MULTIPOLYGON (((-89.649131 20.973956, -89.650029 20.974014, -89.650081 20.97318, -89.650124 20.972462, -89.650305 20.972477, -89.651032 20.972537, -89.651204 20.972551, -89.651459 20.972572, -89.651916 20.972609, -89.652064 20.972621, -89.652795 20.972681, -89.652751 20.973358, -89.652728 20.973705, -89.652697 20.974183, -89.652662 20.974729, -89.652643 20.975014, -89.652595 20.975752, -89.65259 20.975823, -89.652531 20.976707, -89.652519 20.976876, -89.652469 20.977624, -89.652443 20.977999, -89.652418 20.978413, -89.652379 20.979058, -89.652366 20.979271, -89.652316 20.980088, -89.652314 20.980117, -89.652255 20.980926, -89.65223 20.981284, -89.652197 20.981746, -89.652148 20.982432, -89.652146 20.98245, -89.651302 20.981935, -89.650829 20.981647, -89.650608 20.981512, -89.650439 20.981409, -89.649604 20.980903, -89.649579 20.980888, -89.649502 20.980842, -89.649487 20.980832, -89.649429 20.980797, -89.649215 20.98067, -89.64874 20.980378, -89.648741 20.980369, -89.64877 20.979885, -89.6488 20.979394, -89.648821 20.979053, -89.648824 20.979007, -89.64886 20.978409, -89.648873 20.978193, -89.64892 20.977425, -89.648923 20.977384, -89.648974 20.976508, -89.648976 20.976482, -89.648978 20.976439, -89.649028 20.975591, -89.649079 20.974776, -89.649131 20.973956)))"
0417,"MULTIPOLYGON (((-89.643712 20.973576, -89.643726 20.97341, -89.643764 20.97305, -89.64381 20.972615, -89.64388 20.971955, -89.644881 20.972036, -89.645011 20.972047, -89.645416 20.97208, -89.645867 20.972116, -89.645882 20.972118, -89.646787 20.972191, -89.646883 20.972199, -89.64767 20.972262, -89.647884 20.97228, -89.648049 20.972293, -89.648567 20.972335, -89.648885 20.972361, -89.649421 20.972405, -89.650124 20.972462, -89.650081 20.97318, -89.650029 20.974014, -89.649131 20.973956, -89.649079 20.974776, -89.649028 20.975591, -89.648978 20.976439, -89.648976 20.976482, -89.648974 20.976508, -89.648923 20.977384, -89.64892 20.977425, -89.648873 20.978193, -89.64886 20.978409, -89.648824 20.979007, -89.648821 20.979053, -89.6488 20.979394, -89.64877 20.979885, -89.648741 20.980369, -89.64874 20.980378, -89.64807 20.979972, -89.647986 20.97992, -89.64789 20.97986, -89.647834 20.979826, -89.64761 20.97969, -89.647047 20.979355, -89.64703 20.979344, -89.646972 20.97931, -89.64689 20.979261, -89.646271 20.978894, -89.646187 20.978844, -89.646062 20.978769, -89.645977 20.978719, -89.64594 20.978697, -89.645912 20.97868, -89.645808 20.978616, -89.645793 20.978608, -89.645721 20.978563, -89.644323 20.977702, -89.643685 20.97731, -89.643676 20.977304, -89.643582 20.977234, -89.643547 20.977208, -89.643414 20.977109, -89.643419 20.977048, -89.643438 20.976813, -89.64347 20.976411, -89.643503 20.976071, -89.643509 20.976014, -89.643557 20.975435, -89.643571 20.975272, -89.643618 20.974712, -89.643642 20.974418, -89.643712 20.973576)))"
0421,"MULTIPOLYGON (((-89.639866 20.979125, -89.638948 20.979558, -89.638408 20.978767, -89.638464 20.978521, -89.637081 20.978244, -89.635637 20.977959, -89.634281 20.977714, -89.633085 20.977467, -89.633337 20.976398, -89.633598 20.975345, -89.633603 20.975306, -89.633901 20.974273, -89.633945 20.974103, -89.634097 20.973544, -89.634235 20.973033, -89.634468 20.972217, -89.634584 20.971802, -89.634925 20.970525, -89.636139 20.970726, -89.636833 20.970833, -89.637499 20.970954, -89.637562 20.970963, -89.638876 20.971155, -89.638961 20.971166, -89.639394 20.97122, -89.640085 20.971297, -89.640717 20.971378, -89.640719 20.971358, -89.640767 20.97094, -89.640778 20.970846, -89.640793 20.970724, -89.640901 20.970734, -89.641026 20.970746, -89.642088 20.970848, -89.643976 20.971044, -89.64388 20.971955, -89.64381 20.972615, -89.643764 20.97305, -89.643726 20.97341, -89.643712 20.973576, -89.643642 20.974418, -89.643618 20.974712, -89.643571 20.975272, -89.643557 20.975435, -89.643509 20.976014, -89.643503 20.976071, -89.64347 20.976411, -89.643438 20.976813, -89.643419 20.977048, -89.643414 20.977109, -89.643547 20.977208, -89.643477 20.97765, -89.643352 20.978443, -89.643174 20.97969, -89.643158 20.979689, -89.642098 20.979581, -89.642061 20.979577, -89.641011 20.979471, -89.640949 20.979465, -89.639837 20.979352, -89.639838 20.979346, -89.639863 20.979142, -89.639866 20.979125)))"
0436,"MULTIPOLYGON (((-89.627133 20.975134, -89.627657 20.973725, -89.627681 20.973667, -89.628084 20.97259, -89.628267 20.972082, -89.628398 20.971716, -89.62854 20.971306, -89.628682 20.970932, -89.628845 20.970505, -89.628897 20.970526, -89.629176 20.969643, -89.630461 20.96983, -89.631939 20.970046, -89.633672 20.970323, -89.633704 20.970328, -89.634925 20.970525, -89.634584 20.971802, -89.634468 20.972217, -89.634235 20.973033, -89.634097 20.973544, -89.633945 20.974103, -89.633901 20.974273, -89.633603 20.975306, -89.633598 20.975345, -89.633337 20.976398, -89.633085 20.977467, -89.63189 20.977223, -89.630831 20.977008, -89.63064 20.976969, -89.629286 20.976713, -89.629152 20.976688, -89.628117 20.976485, -89.62758 20.976374, -89.626715 20.976188, -89.626923 20.97566, -89.627133 20.975134)))"
0440,"MULTIPOLYGON (((-89.622563 20.969803, -89.62268 20.969226, -89.622798 20.968656, -89.623038 20.967557, -89.624224 20.967737, -89.624219 20.967769, -89.62515 20.967889, -89.625779 20.96798, -89.627011 20.96816, -89.627827 20.968271, -89.628339 20.968339, -89.628429 20.968353, -89.629616 20.968525, -89.629487 20.968805, -89.629176 20.969643, -89.628897 20.970526, -89.628845 20.970505, -89.628682 20.970932, -89.62854 20.971306, -89.628398 20.971716, -89.628267 20.972082, -89.628084 20.97259, -89.627681 20.973667, -89.627657 20.973725, -89.627133 20.975134, -89.626923 20.97566, -89.626715 20.976188, -89.626501 20.976145, -89.626112 20.976059, -89.62556 20.97594, -89.625228 20.975877, -89.624236 20.975688, -89.623815 20.975644, -89.622902 20.975561, -89.621573 20.975453, -89.62179 20.974239, -89.621912 20.973558, -89.622004 20.97305, -89.622005 20.973041, -89.62201 20.973017, -89.622067 20.972732, -89.622183 20.972057, -89.6223 20.971375, -89.622394 20.97087, -89.622563 20.969803)))"
0455,"MULTIPOLYGON (((-89.619587 20.975166, -89.619576 20.975166, -89.619566 20.975168, -89.619555 20.97517, -89.619545 20.975173, -89.619555 20.975104, -89.618923 20.975005, -89.617353 20.974744, -89.616863 20.974658, -89.616026 20.974508, -89.61578 20.974465, -89.614664 20.97426, -89.614984 20.973056, -89.615243 20.971949, -89.615542 20.970727, -89.615622 20.970361, -89.615777 20.969733, -89.61598 20.968823, -89.616247 20.967638, -89.616528 20.966426, -89.617745 20.966602, -89.619051 20.966837, -89.620587 20.96711, -89.621815 20.967317, -89.623038 20.967557, -89.622798 20.968656, -89.62268 20.969226, -89.622563 20.969803, -89.622394 20.97087, -89.6223 20.971375, -89.622183 20.972057, -89.622067 20.972732, -89.62201 20.973017, -89.622005 20.973041, -89.622004 20.97305, -89.621912 20.973558, -89.62179 20.974239, -89.621573 20.975453, -89.621257 20.975409, -89.620936 20.975365, -89.620564 20.975317, -89.620479 20.975307, -89.620469 20.975306, -89.620354 20.97529, -89.620274 20.975279, -89.620187 20.975267, -89.61977 20.97521, -89.619655 20.975193, -89.619647 20.975187, -89.619638 20.975181, -89.619628 20.975176, -89.619619 20.975172, -89.619608 20.975169, -89.619598 20.975167, -89.619587 20.975166)))"
0474,"MULTIPOLYGON (((-89.680943 20.911835, -89.679899 20.91002, -89.678869 20.90826, -89.677975 20.906762, -89.676961 20.905003, -89.676467 20.90414, -89.676881 20.904012, -89.678507 20.903639, -89.678512 20.903645, -89.678988 20.904137, -89.680216 20.905345, -89.681755 20.906834, -89.68105 20.90722, -89.683199 20.910759, -89.683986 20.910307, -89.684667 20.909915, -89.684687 20.909937, -89.684947 20.910211, -89.685241 20.910513, -89.685486 20.910764, -89.685753 20.910999, -89.686068 20.911323, -89.686075 20.911506, -89.685746 20.911429, -89.685585 20.911432, -89.68541 20.911479, -89.68541 20.911526, -89.685412 20.912446, -89.685417 20.913206, -89.685425 20.914234, -89.685427 20.914523, -89.684319 20.914941, -89.68301 20.915434, -89.68301 20.915433, -89.682525 20.914596, -89.681948 20.913586, -89.681429 20.912679, -89.680943 20.911835)))"
0489,"MULTIPOLYGON (((-89.63653 20.969539, -89.636556 20.969457, -89.637039 20.967948, -89.637056 20.967774, -89.636932 20.967097, -89.636929 20.966639, -89.63703 20.965693, -89.637044 20.965617, -89.637051 20.965588, -89.637145 20.964, -89.63717 20.963736, -89.637695 20.963768, -89.63768 20.962788, -89.637677 20.962735, -89.638085 20.961471, -89.638133 20.961485, -89.639179 20.961751, -89.639547 20.961813, -89.639637 20.961795, -89.640251 20.961589, -89.641218 20.961327, -89.641261 20.961318, -89.641837 20.961194, -89.641833 20.961229, -89.642264 20.961174, -89.643312 20.961029, -89.643448 20.9619, -89.643507 20.962256, -89.643511 20.96228, -89.643621 20.963052, -89.643607 20.963088, -89.643647 20.963127, -89.643691 20.963499, -89.643828 20.96465, -89.644031 20.966366, -89.64414 20.967378, -89.644249 20.96839, -89.644226 20.968617, -89.644103 20.969808, -89.643981 20.970997, -89.643976 20.971044, -89.642088 20.970848, -89.641026 20.970746, -89.640901 20.970734, -89.640793 20.970724, -89.640778 20.970846, -89.640767 20.97094, -89.640719 20.971358, -89.640717 20.971378, -89.640085 20.971297, -89.639394 20.97122, -89.638961 20.971166, -89.638876 20.971155, -89.637562 20.970963, -89.637499 20.970954, -89.636833 20.970833, -89.636139 20.970726, -89.63653 20.969539)))"
0493,"MULTIPOLYGON (((-89.629616 20.968525, -89.629916 20.967492, -89.629921 20.96747, -89.630177 20.966567, -89.630338 20.96578, -89.630385 20.965521, -89.630528 20.964025, -89.630605 20.963157, -89.630616 20.963071, -89.630799 20.961807, -89.630812 20.961719, -89.631097 20.960557, -89.632468 20.960705, -89.632613 20.960719, -89.633881 20.960895, -89.635251 20.961092, -89.635305 20.961088, -89.63563 20.961122, -89.63669 20.961233, -89.637353 20.9613, -89.637592 20.961337, -89.638085 20.961471, -89.637677 20.962735, -89.63768 20.962788, -89.637695 20.963768, -89.63717 20.963736, -89.637145 20.964, -89.637051 20.965588, -89.637044 20.965617, -89.63703 20.965693, -89.636929 20.966639, -89.636932 20.967097, -89.637056 20.967774, -89.637039 20.967948, -89.636556 20.969457, -89.63653 20.969539, -89.636139 20.970726, -89.634925 20.970525, -89.633704 20.970328, -89.633672 20.970323, -89.631939 20.970046, -89.630461 20.96983, -89.629176 20.969643, -89.629487 20.968805, -89.629616 20.968525)))"
0506,"MULTIPOLYGON (((-89.624373 20.960577, -89.624541 20.959784, -89.625825 20.960011, -89.627341 20.960274, -89.628529 20.960462, -89.628565 20.960468, -89.629622 20.960646, -89.629689 20.960381, -89.631097 20.960557, -89.630812 20.961719, -89.630799 20.961807, -89.630616 20.963071, -89.630605 20.963157, -89.630528 20.964025, -89.630385 20.965521, -89.630338 20.96578, -89.630177 20.966567, -89.629921 20.96747, -89.629916 20.967492, -89.629616 20.968525, -89.628429 20.968353, -89.628339 20.968339, -89.627827 20.968271, -89.627011 20.96816, -89.625779 20.96798, -89.62515 20.967889, -89.624219 20.967769, -89.624224 20.967737, -89.623038 20.967557, -89.623159 20.966958, -89.623255 20.966403, -89.623369 20.965896, -89.623453 20.965502, -89.623504 20.965201, -89.623823 20.963498, -89.623824 20.963491, -89.623825 20.963488, -89.623826 20.963477, -89.624046 20.962307, -89.624049 20.96229, -89.624275 20.961116, -89.624373 20.960577)))"
0510,"MULTIPOLYGON (((-89.618216 20.959893, -89.618222 20.95986, -89.618295 20.959532, -89.618451 20.958776, -89.619605 20.959095, -89.61962 20.959099, -89.61963 20.959101, -89.620722 20.959382, -89.620761 20.959403, -89.621873 20.95969, -89.623187 20.960016, -89.623284 20.959533, -89.624541 20.959784, -89.624373 20.960577, -89.624275 20.961116, -89.624049 20.96229, -89.624046 20.962307, -89.623826 20.963477, -89.623825 20.963488, -89.623824 20.963491, -89.623823 20.963498, -89.623504 20.965201, -89.623453 20.965502, -89.623369 20.965896, -89.623255 20.966403, -89.623159 20.966958, -89.623038 20.967557, -89.621815 20.967317, -89.620587 20.96711, -89.619051 20.966837, -89.617745 20.966602, -89.616528 20.966426, -89.616876 20.965181, -89.617002 20.964561, -89.617161 20.963912, -89.617385 20.963002, -89.617586 20.962112, -89.617642 20.962026, -89.617778 20.96155, -89.617804 20.96152, -89.61783 20.961472, -89.617935 20.961033, -89.617972 20.960909, -89.618216 20.959893)))"
0525,"MULTIPOLYGON (((-89.610063 20.966751, -89.609681 20.966712, -89.609853 20.965992, -89.609952 20.965961, -89.61002 20.96594, -89.610082 20.965893, -89.610154 20.965722, -89.610257 20.965459, -89.610315 20.965271, -89.610396 20.965009, -89.610571 20.964467, -89.610711 20.963951, -89.611149 20.962485, -89.611305 20.961964, -89.611392 20.961689, -89.611646 20.960864, -89.611775 20.960403, -89.612097 20.959317, -89.612175 20.958993, -89.612259 20.958593, -89.612336 20.958229, -89.612372 20.958062, -89.612593 20.957138, -89.613772 20.957492, -89.614899 20.957803, -89.615022 20.957837, -89.616032 20.958113, -89.617219 20.958438, -89.618451 20.958776, -89.618295 20.959532, -89.618222 20.95986, -89.618216 20.959893, -89.617972 20.960909, -89.617935 20.961033, -89.61783 20.961472, -89.617804 20.96152, -89.617778 20.96155, -89.617642 20.962026, -89.617586 20.962112, -89.617385 20.963002, -89.617161 20.963912, -89.617002 20.964561, -89.616876 20.965181, -89.616528 20.966426, -89.616247 20.967638, -89.614998 20.967447, -89.614969 20.967441, -89.61483 20.96742, -89.613831 20.967273, -89.613274 20.96719, -89.612383 20.967069, -89.61202 20.967018, -89.61095 20.966851, -89.610487 20.966796, -89.610063 20.966751)))"
053A,"MULTIPOLYGON (((-89.603206 20.957035, -89.602877 20.956318, -89.603 20.956127, -89.604571 20.956741, -89.605645 20.957173, -89.605977 20.95599, -89.606235 20.956096, -89.607047 20.956414, -89.607204 20.956472, -89.607257 20.956491, -89.608558 20.956973, -89.608692 20.956481, -89.610016 20.956857, -89.610115 20.956465, -89.610129 20.956413, -89.610929 20.95666, -89.611437 20.956815, -89.612593 20.957138, -89.612372 20.958062, -89.612336 20.958229, -89.612259 20.958593, -89.612175 20.958993, -89.612097 20.959317, -89.611775 20.960403, -89.611646 20.960864, -89.611392 20.961689, -89.611305 20.961964, -89.611149 20.962485, -89.610711 20.963951, -89.610571 20.964467, -89.610396 20.965009, -89.610315 20.965271, -89.610257 20.965459, -89.610154 20.965722, -89.610082 20.965893, -89.61002 20.96594, -89.609952 20.965961, -89.609853 20.965992, -89.609681 20.966712, -89.609505 20.9667, -89.608848 20.966696, -89.608525 20.966688, -89.607885 20.966664, -89.60732 20.966655, -89.607011 20.966582, -89.606157 20.966408, -89.605809 20.966329, -89.605688 20.966311, -89.604579 20.966127, -89.603874 20.966025, -89.603262 20.965942, -89.603622 20.964801, -89.603844 20.963811, -89.603949 20.963354, -89.604043 20.962935, -89.604047 20.962918, -89.604192 20.962437, -89.604301 20.961978, -89.604333 20.961853, -89.604486 20.961326, -89.604495 20.961285, -89.604742 20.960159, -89.604489 20.960065, -89.604396 20.959834, -89.60401 20.958872, -89.603754 20.95829, -89.603629 20.958, -89.603529 20.957777, -89.603206 20.957035)))"
0544,"MULTIPOLYGON (((-89.591519 20.963421, -89.591532 20.963194, -89.591568 20.962485, -89.591618 20.961688, -89.591623 20.961608, -89.591626 20.961572, -89.591644 20.961572, -89.593012 20.961589, -89.593067 20.961589, -89.594084 20.961623, -89.595147 20.961672, -89.596199 20.96172, -89.59695 20.961754, -89.597193 20.961862, -89.597132 20.962015, -89.598275 20.962457, -89.599862 20.963059, -89.600628 20.963343, -89.601032 20.963492, -89.601396 20.963483, -89.602998 20.963662, -89.603041 20.963667, -89.603844 20.963811, -89.603622 20.964801, -89.603262 20.965942, -89.602938 20.965914, -89.602596 20.965871, -89.601431 20.965795, -89.600658 20.96575, -89.600635 20.965749, -89.599743 20.965682, -89.599714 20.96568, -89.598754 20.965617, -89.598724 20.965615, -89.598168 20.965582, -89.597677 20.96555, -89.596606 20.965482, -89.596587 20.96548, -89.595548 20.96543, -89.595513 20.965428, -89.59461 20.965383, -89.594462 20.965376, -89.593404 20.965325, -89.593354 20.965322, -89.592314 20.965295, -89.591433 20.965274, -89.591435 20.965203, -89.591467 20.964361, -89.591471 20.964257, -89.591472 20.964249, -89.591474 20.964174, -89.591519 20.963421)))"
0559,"MULTIPOLYGON (((-89.601971 20.911801, -89.601969 20.911793, -89.601942 20.911651, -89.601837 20.911106, -89.6018 20.910917, -89.601774 20.910768, -89.601745 20.910622, -89.601716 20.910482, -89.601592 20.909837, -89.601421 20.908942, -89.601386 20.908752, -89.601379 20.908719, -89.601275 20.908182, -89.601214 20.90786, -89.60119 20.907746, -89.601178 20.907687, -89.601177 20.907686, -89.601177 20.907684, -89.601159 20.907585, -89.601139 20.907478, -89.601105 20.907302, -89.601042 20.906974, -89.601037 20.906946, -89.600997 20.906737, -89.600956 20.906516, -89.600889 20.906174, -89.600869 20.906069, -89.60084 20.905912, -89.600834 20.905881, -89.600796 20.905693, -89.600763 20.905509, -89.600719 20.905273, -89.600659 20.904977, -89.600639 20.904868, -89.600612 20.90472, -89.600567 20.904481, -89.600537 20.904336, -89.600484 20.904062, -89.600435 20.903801, -89.600347 20.903347, -89.600344 20.903335, -89.600297 20.9031, -89.600278 20.902992, -89.600276 20.902984, -89.600129 20.902297, -89.60011 20.902209, -89.599908 20.901159, -89.599932 20.901155, -89.599951 20.901152, -89.601012 20.900905, -89.601871 20.900704, -89.602815 20.902696, -89.603245 20.903739, -89.603521 20.904752, -89.603742 20.906127, -89.603834 20.906625, -89.605991 20.906815, -89.605221 20.90842, -89.603819 20.911063, -89.603764 20.911084, -89.603704 20.911107, -89.603672 20.911567, -89.602087 20.911722, -89.602027 20.911764, -89.601985 20.911874, -89.601971 20.911801)))"
0563,"MULTIPOLYGON (((-89.601396 20.963483, -89.601032 20.963492, -89.600628 20.963343, -89.599862 20.963059, -89.598275 20.962457, -89.597132 20.962015, -89.597193 20.961862, -89.59695 20.961754, -89.596199 20.96172, -89.595147 20.961672, -89.594084 20.961623, -89.593067 20.961589, -89.593012 20.961589, -89.591644 20.961572, -89.591626 20.961572, -89.59163 20.961498, -89.591677 20.960727, -89.591683 20.960626, -89.591688 20.960543, -89.591691 20.960493, -89.591739 20.959706, -89.591752 20.959498, -89.591762 20.959331, -89.593112 20.959066, -89.594166 20.958839, -89.594453 20.958778, -89.595236 20.95862, -89.596261 20.958413, -89.597315 20.958184, -89.598325 20.958003, -89.598368 20.958006, -89.598632 20.958092, -89.598768 20.958135, -89.599146 20.958263, -89.599778 20.958469, -89.599828 20.958481, -89.600622 20.958757, -89.601537 20.959066, -89.601798 20.959154, -89.602796 20.959487, -89.602826 20.959497, -89.603722 20.9598, -89.604307 20.959998, -89.604489 20.960065, -89.604742 20.960159, -89.604495 20.961285, -89.604486 20.961326, -89.604333 20.961853, -89.604301 20.961978, -89.604192 20.962437, -89.604047 20.962918, -89.604043 20.962935, -89.603949 20.963354, -89.603844 20.963811, -89.603041 20.963667, -89.602998 20.963662, -89.601396 20.963483)))"
0597,"MULTIPOLYGON (((-89.643312 20.961029, -89.642264 20.961174, -89.641833 20.961229, -89.641837 20.961194, -89.641839 20.961175, -89.641911 20.960528, -89.641942 20.960279, -89.642067 20.959458, -89.64209 20.959309, -89.6421 20.959269, -89.642241 20.958707, -89.642244 20.958696, -89.642285 20.958563, -89.64238 20.958246, -89.642457 20.957904, -89.642461 20.957894, -89.642499 20.957783, -89.642502 20.957776, -89.642549 20.95764, -89.642561 20.95762, -89.642615 20.957535, -89.642662 20.957409, -89.642844 20.956912, -89.64293 20.95668, -89.643 20.95649, -89.643185 20.955986, -89.643244 20.955826, -89.6434 20.955547, -89.644051 20.954379, -89.64428 20.954035, -89.644451 20.953823, -89.644962 20.953134, -89.64555 20.952349, -89.645712 20.952132, -89.645835 20.952018, -89.645848 20.951996, -89.645864 20.951975, -89.646059 20.951786, -89.646247 20.951576, -89.646513 20.95133, -89.646751 20.951109, -89.647143 20.950747, -89.647678 20.950324, -89.648297 20.949835, -89.648392 20.94976, -89.649518 20.949011, -89.649524 20.949035, -89.649703 20.949663, -89.649892 20.950865, -89.649954 20.951338, -89.649885 20.951867, -89.649874 20.951897, -89.649848 20.951969, -89.649781 20.952156, -89.649626 20.952584, -89.649319 20.953342, -89.649086 20.953903, -89.649082 20.953912, -89.648618 20.955038, -89.648592 20.955102, -89.648335 20.955718, -89.648276 20.955859, -89.647841 20.956937, -89.647636 20.957433, -89.647406 20.957991, -89.6471 20.958729, -89.646908 20.959174, -89.646871 20.959286, -89.646863 20.959305, -89.646663 20.959789, -89.646407 20.960103, -89.64612 20.960325, -89.646232 20.960376, -89.64565 20.960779, -89.645534 20.960859, -89.64542 20.960938, -89.644849 20.961333, -89.644694 20.96144, -89.644607 20.961501, -89.644355 20.961663, -89.644342 20.961683, -89.644184 20.961909, -89.643992 20.962123, -89.643827 20.962533, -89.643621 20.963052, -89.643511 20.96228, -89.643507 20.962256, -89.643448 20.9619, -89.643312 20.961029)))"
060A,"MULTIPOLYGON (((-89.635305 20.961088, -89.635251 20.961092, -89.633881 20.960895, -89.632613 20.960719, -89.632468 20.960705, -89.631097 20.960557, -89.631122 20.960458, -89.631442 20.959191, -89.631447 20.959174, -89.63174 20.957997, -89.632087 20.956634, -89.632416 20.955365, -89.631681 20.955243, -89.631736 20.955184, -89.632733 20.954129, -89.632886 20.953968, -89.633391 20.953433, -89.633648 20.95315, -89.6341 20.952651, -89.634679 20.952028, -89.635713 20.950916, -89.635758 20.950867, -89.636383 20.950158, -89.636607 20.949859, -89.636947 20.949408, -89.63867 20.94919, -89.640424 20.948931, -89.640525 20.949422, -89.640751 20.950522, -89.640977 20.951623, -89.641185 20.952576, -89.641392 20.953529, -89.641588 20.953434, -89.641788 20.953882, -89.641855 20.954122, -89.641907 20.954347, -89.64215 20.955524, -89.642215 20.955799, -89.642448 20.95678, -89.642615 20.957535, -89.642561 20.95762, -89.642549 20.95764, -89.642502 20.957776, -89.642499 20.957783, -89.642461 20.957894, -89.642457 20.957904, -89.64238 20.958246, -89.642285 20.958563, -89.642244 20.958696, -89.642241 20.958707, -89.6421 20.959269, -89.64209 20.959309, -89.642067 20.959458, -89.641942 20.960279, -89.641911 20.960528, -89.641839 20.961175, -89.641837 20.961194, -89.641261 20.961318, -89.641218 20.961327, -89.640251 20.961589, -89.639637 20.961795, -89.639547 20.961813, -89.639179 20.961751, -89.638133 20.961485, -89.638085 20.961471, -89.637592 20.961337, -89.637353 20.9613, -89.63669 20.961233, -89.63563 20.961122, -89.635305 20.961088)))"
0614,"MULTIPOLYGON (((-89.62739 20.95236, -89.627445 20.952364, -89.628706 20.952454, -89.629268 20.95263, -89.629326 20.952374, -89.629355 20.95228, -89.629468 20.951913, -89.629739 20.951106, -89.630764 20.951232, -89.630817 20.951238, -89.632463 20.951414, -89.633201 20.951482, -89.633328 20.951494, -89.633925 20.951549, -89.634679 20.952028, -89.6341 20.952651, -89.633648 20.95315, -89.633391 20.953433, -89.632886 20.953968, -89.632733 20.954129, -89.631736 20.955184, -89.631681 20.955243, -89.632416 20.955365, -89.632087 20.956634, -89.63174 20.957997, -89.631447 20.959174, -89.631442 20.959191, -89.631122 20.960458, -89.631097 20.960557, -89.629689 20.960381, -89.629622 20.960646, -89.628565 20.960468, -89.628529 20.960462, -89.627341 20.960274, -89.625825 20.960011, -89.624541 20.959784, -89.624673 20.959171, -89.624983 20.957638, -89.6251 20.957045, -89.625109 20.957002, -89.62536 20.955714, -89.625369 20.95567, -89.625506 20.954899, -89.625596 20.954498, -89.6256 20.95448, -89.625873 20.953366, -89.626214 20.952135, -89.62739 20.95236)))"
0629,"MULTIPOLYGON (((-89.620761 20.959403, -89.620722 20.959382, -89.61963 20.959101, -89.61962 20.959099, -89.619605 20.959095, -89.618451 20.958776, -89.618687 20.957603, -89.618724 20.957417, -89.618927 20.956485, -89.619183 20.955388, -89.619441 20.954275, -89.619633 20.953385, -89.619662 20.953239, -89.619897 20.952084, -89.621102 20.952394, -89.621274 20.952429, -89.622291 20.952621, -89.622802 20.952716, -89.623443 20.952853, -89.624655 20.953112, -89.625873 20.953366, -89.6256 20.95448, -89.625596 20.954498, -89.625506 20.954899, -89.625369 20.95567, -89.62536 20.955714, -89.625109 20.957002, -89.6251 20.957045, -89.624983 20.957638, -89.624673 20.959171, -89.624541 20.959784, -89.623284 20.959533, -89.623187 20.960016, -89.621873 20.95969, -89.620761 20.959403)))"
0633,"MULTIPOLYGON (((-89.614854 20.952921, -89.61485 20.952565, -89.614832 20.951691, -89.614788 20.951201, -89.614698 20.950975, -89.614643 20.950834, -89.614463 20.950383, -89.614392 20.950145, -89.614749 20.950275, -89.615547 20.949839, -89.616214 20.949476, -89.616293 20.949432, -89.617095 20.948991, -89.617773 20.948619, -89.617814 20.948542, -89.617783 20.948493, -89.618103 20.947992, -89.618184 20.947507, -89.618321 20.946432, -89.618576 20.946293, -89.619252 20.945926, -89.619382 20.945856, -89.620211 20.945406, -89.620672 20.945351, -89.620919 20.945334, -89.620963 20.94533, -89.621011 20.945909, -89.620954 20.946528, -89.620925 20.946842, -89.620784 20.947659, -89.620588 20.948607, -89.620569 20.948697, -89.620536 20.948853, -89.620503 20.949009, -89.620447 20.949304, -89.620368 20.949768, -89.62012 20.950989, -89.619897 20.952084, -89.619662 20.953239, -89.619633 20.953385, -89.619441 20.954275, -89.619183 20.955388, -89.618927 20.956485, -89.618724 20.957417, -89.618687 20.957603, -89.618451 20.958776, -89.617219 20.958438, -89.616032 20.958113, -89.615022 20.957837, -89.614899 20.957803, -89.613772 20.957492, -89.614088 20.956423, -89.614098 20.956401, -89.614388 20.955378, -89.614398 20.955317, -89.614598 20.954186, -89.614604 20.954156, -89.614841 20.953018, -89.614843 20.952998, -89.614854 20.952921)))"
0648,"MULTIPOLYGON (((-89.608692 20.956481, -89.608699 20.956453, -89.608812 20.956002, -89.608809 20.955858, -89.608444 20.955379, -89.608192 20.955084, -89.608164 20.955049, -89.607637 20.954386, -89.607052 20.953656, -89.606913 20.953485, -89.607348 20.95313, -89.60764 20.953203, -89.607898 20.952234, -89.608166 20.951229, -89.60819 20.951154, -89.608447 20.95025, -89.608471 20.950166, -89.608726 20.94928, -89.608936 20.948496, -89.609588 20.949102, -89.609833 20.949334, -89.610238 20.949721, -89.610324 20.949803, -89.610715 20.950186, -89.61088 20.950348, -89.61152 20.950975, -89.611555 20.95102, -89.611576 20.951048, -89.611958 20.951557, -89.612055 20.951686, -89.612233 20.951924, -89.612639 20.952464, -89.612875 20.952761, -89.613477 20.952849, -89.613519 20.952856, -89.614841 20.953018, -89.614604 20.954156, -89.614598 20.954186, -89.614398 20.955317, -89.614388 20.955378, -89.614098 20.956401, -89.614088 20.956423, -89.613772 20.957492, -89.612593 20.957138, -89.611437 20.956815, -89.610929 20.95666, -89.610129 20.956413, -89.610115 20.956465, -89.610016 20.956857, -89.608692 20.956481)))"
0652,"MULTIPOLYGON (((-89.603 20.956127, -89.602877 20.956318, -89.602821 20.956196, -89.602752 20.956018, -89.602429 20.955855, -89.60208 20.955652, -89.601739 20.955451, -89.601518 20.955322, -89.601173 20.955115, -89.600618 20.954792, -89.600316 20.954614, -89.600275 20.954591, -89.59961 20.954198, -89.599697 20.954132, -89.600967 20.953141, -89.60151 20.952707, -89.601502 20.952687, -89.601307 20.952111, -89.601234 20.951894, -89.601102 20.951496, -89.600973 20.951107, -89.600936 20.951, -89.600809 20.950639, -89.600838 20.95055, -89.600843 20.950534, -89.60071 20.950266, -89.600647 20.950139, -89.600501 20.949831, -89.600383 20.949513, -89.600293 20.94927, -89.600298 20.949266, -89.600721 20.948945, -89.60137 20.948431, -89.602055 20.947882, -89.602646 20.948559, -89.602936 20.948891, -89.603222 20.949236, -89.603512 20.94959, -89.603771 20.949885, -89.604015 20.950163, -89.604203 20.950378, -89.604348 20.950534, -89.604926 20.951156, -89.604955 20.951187, -89.605377 20.951647, -89.605495 20.951772, -89.605754 20.952065, -89.606066 20.952447, -89.606467 20.952939, -89.606617 20.953123, -89.606913 20.953485, -89.607052 20.953656, -89.607637 20.954386, -89.608164 20.955049, -89.608192 20.955084, -89.608444 20.955379, -89.608809 20.955858, -89.608812 20.956002, -89.608699 20.956453, -89.608692 20.956481, -89.608558 20.956973, -89.607257 20.956491, -89.607204 20.956472, -89.607047 20.956414, -89.606235 20.956096, -89.605977 20.95599, -89.605645 20.957173, -89.604571 20.956741, -89.603 20.956127)))"
0667,"MULTIPOLYGON (((-89.626599 20.950956, -89.626785 20.950385, -89.626937 20.949699, -89.627066 20.949127, -89.627194 20.948554, -89.627211 20.948492, -89.627367 20.947903, -89.627524 20.947314, -89.627528 20.947299, -89.627534 20.947253, -89.6277 20.945995, -89.627705 20.945972, -89.627949 20.944448, -89.628501 20.944622, -89.629667 20.945214, -89.630153 20.945459, -89.63066 20.945708, -89.631667 20.946192, -89.631703 20.946211, -89.632016 20.946377, -89.632692 20.946715, -89.633157 20.946953, -89.63384 20.947304, -89.634049 20.947409, -89.634906 20.94784, -89.635598 20.948169, -89.635823 20.948301, -89.636982 20.949357, -89.636947 20.949408, -89.636607 20.949859, -89.636383 20.950158, -89.635758 20.950867, -89.635713 20.950916, -89.634679 20.952028, -89.633925 20.951549, -89.633328 20.951494, -89.633201 20.951482, -89.632463 20.951414, -89.630817 20.951238, -89.630764 20.951232, -89.629739 20.951106, -89.629468 20.951913, -89.629355 20.95228, -89.629326 20.952374, -89.629268 20.95263, -89.628706 20.952454, -89.627445 20.952364, -89.62739 20.95236, -89.626214 20.952135, -89.626222 20.952105, -89.626599 20.950956)))"
0671,"MULTIPOLYGON (((-89.622108 20.945182, -89.622454 20.945138, -89.623111 20.945056, -89.623546 20.944996, -89.624657 20.94484, -89.625776 20.944702, -89.625806 20.944698, -89.626716 20.944587, -89.62718 20.944529, -89.627756 20.944454, -89.627949 20.944448, -89.627705 20.945972, -89.6277 20.945995, -89.627534 20.947253, -89.627528 20.947299, -89.627524 20.947314, -89.627367 20.947903, -89.627211 20.948492, -89.627194 20.948554, -89.627066 20.949127, -89.626937 20.949699, -89.626785 20.950385, -89.626599 20.950956, -89.626222 20.952105, -89.626214 20.952135, -89.625873 20.953366, -89.624655 20.953112, -89.623443 20.952853, -89.622802 20.952716, -89.622291 20.952621, -89.621274 20.952429, -89.621102 20.952394, -89.619897 20.952084, -89.62012 20.950989, -89.620368 20.949768, -89.620447 20.949304, -89.620503 20.949009, -89.620536 20.948853, -89.620569 20.948697, -89.620588 20.948607, -89.620784 20.947659, -89.620925 20.946842, -89.620954 20.946528, -89.621011 20.945909, -89.620963 20.94533, -89.621362 20.945277, -89.622108 20.945182)))"
0686,"MULTIPOLYGON (((-89.605754 20.952065, -89.605495 20.951772, -89.605377 20.951647, -89.604955 20.951187, -89.604926 20.951156, -89.604348 20.950534, -89.604203 20.950378, -89.604015 20.950163, -89.603771 20.949885, -89.603512 20.94959, -89.603222 20.949236, -89.602936 20.948891, -89.602646 20.948559, -89.602055 20.947882, -89.602313 20.947694, -89.60337 20.946899, -89.603053 20.94682, -89.603134 20.946452, -89.603356 20.94588, -89.604067 20.946042, -89.604255 20.945696, -89.604683 20.945158, -89.604823 20.944989, -89.604889 20.945021, -89.605019 20.944861, -89.605149 20.9447, -89.605764 20.94533, -89.605744 20.945349, -89.605774 20.945358, -89.606313 20.945906, -89.606495 20.94609, -89.607171 20.946777, -89.607216 20.946823, -89.607313 20.946921, -89.607589 20.947186, -89.607816 20.947405, -89.608524 20.948085, -89.608686 20.948241, -89.608936 20.948496, -89.608726 20.94928, -89.608471 20.950166, -89.608447 20.95025, -89.60819 20.951154, -89.608166 20.951229, -89.607898 20.952234, -89.60764 20.953203, -89.607348 20.95313, -89.606913 20.953485, -89.606617 20.953123, -89.606467 20.952939, -89.606066 20.952447, -89.605754 20.952065)))"
0718,"MULTIPOLYGON (((-89.627949 20.944448, -89.628214 20.942807, -89.628341 20.941828, -89.628378 20.941599, -89.628487 20.94079, -89.628565 20.940191, -89.628614 20.939754, -89.628677 20.939222, -89.628728 20.93875, -89.628822 20.937967, -89.629824 20.937948, -89.629867 20.937947, -89.631218 20.937939, -89.631269 20.937939, -89.63259 20.937931, -89.633912 20.937924, -89.633928 20.937924, -89.634833 20.937919, -89.635705 20.937915, -89.635775 20.937915, -89.636896 20.937902, -89.637926 20.937888, -89.638967 20.93788, -89.639935 20.937869, -89.639273 20.938435, -89.638942 20.938717, -89.638878 20.938772, -89.638274 20.939334, -89.638268 20.939339, -89.637751 20.939867, -89.63773 20.939895, -89.637543 20.940123, -89.636775 20.941271, -89.636332 20.942257, -89.636111 20.942832, -89.635951 20.943247, -89.635873 20.943409, -89.635864 20.943427, -89.635603 20.94397, -89.635457 20.944097, -89.635204 20.944265, -89.634857 20.944456, -89.634252 20.94479, -89.634169 20.944836, -89.633476 20.94522, -89.633438 20.945241, -89.633227 20.945354, -89.63211 20.945956, -89.631667 20.946192, -89.63066 20.945708, -89.630153 20.945459, -89.629667 20.945214, -89.628501 20.944622, -89.627949 20.944448)))"
0737,"MULTIPOLYGON (((-89.614217 20.949564, -89.613958 20.948701, -89.61361 20.94801, -89.613562 20.947881, -89.613287 20.947053, -89.613061 20.946272, -89.613034 20.946176, -89.612931 20.94582, -89.612789 20.94533, -89.61351 20.94495, -89.614342 20.944512, -89.614869 20.944235, -89.615115 20.944098, -89.615528 20.943868, -89.615913 20.943666, -89.616595 20.943309, -89.616739 20.943236, -89.617555 20.942827, -89.617631 20.942788, -89.618372 20.942412, -89.619206 20.941989, -89.620158 20.941518, -89.620248 20.942028, -89.620318 20.942382, -89.620459 20.943076, -89.620491 20.943267, -89.620642 20.944104, -89.620657 20.944182, -89.620919 20.945334, -89.620672 20.945351, -89.620211 20.945406, -89.619382 20.945856, -89.619252 20.945926, -89.618576 20.946293, -89.618321 20.946432, -89.618184 20.947507, -89.618103 20.947992, -89.617783 20.948493, -89.617814 20.948542, -89.617773 20.948619, -89.617095 20.948991, -89.616293 20.949432, -89.616214 20.949476, -89.615547 20.949839, -89.614749 20.950275, -89.614392 20.950145, -89.614307 20.949862, -89.614217 20.949564)))"
0741,"MULTIPOLYGON (((-89.6087 20.945378, -89.609446 20.944662, -89.610178 20.943943, -89.610205 20.943917, -89.610806 20.94335, -89.610863 20.943294, -89.610944 20.943215, -89.611855 20.942346, -89.611911 20.94231, -89.612022 20.942679, -89.612206 20.943313, -89.612352 20.943819, -89.612545 20.944485, -89.612553 20.944515, -89.612789 20.94533, -89.612931 20.94582, -89.613034 20.946176, -89.613061 20.946272, -89.613287 20.947053, -89.613562 20.947881, -89.61361 20.94801, -89.613958 20.948701, -89.614217 20.949564, -89.614307 20.949862, -89.614392 20.950145, -89.614463 20.950383, -89.614643 20.950834, -89.614698 20.950975, -89.614788 20.951201, -89.614832 20.951691, -89.61485 20.952565, -89.614854 20.952921, -89.614843 20.952998, -89.614841 20.953018, -89.613519 20.952856, -89.613477 20.952849, -89.612875 20.952761, -89.612639 20.952464, -89.612233 20.951924, -89.612055 20.951686, -89.611958 20.951557, -89.611576 20.951048, -89.611555 20.95102, -89.61152 20.950975, -89.61088 20.950348, -89.610715 20.950186, -89.610324 20.949803, -89.610238 20.949721, -89.609833 20.949334, -89.609588 20.949102, -89.608936 20.948496, -89.608686 20.948241, -89.608524 20.948085, -89.607816 20.947405, -89.607589 20.947186, -89.607313 20.946921, -89.607216 20.946823, -89.607963 20.946093, -89.607972 20.946084, -89.608688 20.945389, -89.6087 20.945378)))"
0756,"MULTIPOLYGON (((-89.619697 20.938864, -89.619863 20.939835, -89.619874 20.939899, -89.61999 20.940575, -89.620058 20.94096, -89.620158 20.941518, -89.619206 20.941989, -89.618372 20.942412, -89.617631 20.942788, -89.617555 20.942827, -89.616739 20.943236, -89.616595 20.943309, -89.615913 20.943666, -89.615528 20.943868, -89.615115 20.944098, -89.614869 20.944235, -89.614342 20.944512, -89.61351 20.94495, -89.612789 20.94533, -89.612553 20.944515, -89.612545 20.944485, -89.612352 20.943819, -89.612206 20.943313, -89.612022 20.942679, -89.611911 20.94231, -89.611612 20.941324, -89.61132 20.94036, -89.611062 20.939508, -89.611032 20.939409, -89.610822 20.938707, -89.610791 20.938602, -89.610661 20.938215, -89.611818 20.938197, -89.61309 20.938184, -89.613211 20.938183, -89.614183 20.938172, -89.615219 20.938161, -89.61635 20.938149, -89.617465 20.938137, -89.618096 20.938131, -89.618594 20.938125, -89.618661 20.938125, -89.619385 20.938117, -89.619562 20.938115, -89.619689 20.938818, -89.619697 20.938864)))"
0760,"MULTIPOLYGON (((-89.610791 20.938602, -89.610822 20.938707, -89.611032 20.939409, -89.611062 20.939508, -89.61132 20.94036, -89.611612 20.941324, -89.611911 20.94231, -89.611855 20.942346, -89.610944 20.943215, -89.610863 20.943294, -89.610806 20.94335, -89.610205 20.943917, -89.610178 20.943943, -89.609446 20.944662, -89.6087 20.945378, -89.608688 20.945389, -89.607972 20.946084, -89.607963 20.946093, -89.607216 20.946823, -89.607171 20.946777, -89.606495 20.94609, -89.606313 20.945906, -89.605774 20.945358, -89.605744 20.945349, -89.605764 20.94533, -89.605149 20.9447, -89.605455 20.944353, -89.605518 20.944286, -89.60579 20.943974, -89.605858 20.943897, -89.60583 20.943169, -89.605816 20.942816, -89.60581 20.942661, -89.605792 20.94219, -89.605791 20.942167, -89.605783 20.941969, -89.605777 20.941824, -89.605744 20.940962, -89.605736 20.940808, -89.605685 20.940291, -89.60564 20.939826, -89.605803 20.939816, -89.60577 20.938844, -89.606443 20.938789, -89.606472 20.938788, -89.60692 20.938768, -89.607516 20.938743, -89.607545 20.938742, -89.608125 20.93872, -89.608229 20.938716, -89.608632 20.9387, -89.60943 20.938664, -89.609712 20.938651, -89.610669 20.938608, -89.610676 20.938607, -89.610791 20.938602)))"
078A,"MULTIPOLYGON (((-89.657568 20.911197, -89.657577 20.910651, -89.657588 20.910196, -89.657592 20.909679, -89.6576 20.909165, -89.657643 20.908254, -89.657671 20.907768, -89.657703 20.907209, -89.657714 20.907076, -89.657729 20.907018, -89.657731 20.90551, -89.657763 20.905451, -89.657839 20.905423, -89.65889 20.905431, -89.6589 20.905444, -89.658767 20.911278, -89.663972 20.911348, -89.663892 20.912411, -89.663863 20.915481, -89.663843 20.91689, -89.663826 20.917992, -89.663811 20.918986, -89.663818 20.91922, -89.66381 20.920135, -89.663816 20.920579, -89.663808 20.921047, -89.663794 20.921893, -89.663787 20.922253, -89.663761 20.923215, -89.663732 20.92453, -89.663709 20.925583, -89.663694 20.926735, -89.664976 20.926753, -89.666022 20.926754, -89.666002 20.927125, -89.665973 20.927978, -89.665952 20.929029, -89.665934 20.930043, -89.665921 20.93104, -89.665902 20.932206, -89.665889 20.933479, -89.665879 20.933996, -89.666012 20.934169, -89.666153 20.934344, -89.666368 20.934602, -89.666555 20.934902, -89.667321 20.935993, -89.667835 20.93673, -89.668043 20.937028, -89.668085 20.937089, -89.668093 20.937101, -89.667735 20.937315, -89.66752 20.937444, -89.667078 20.937724, -89.666208 20.938279, -89.665338 20.938835, -89.664469 20.93939, -89.663599 20.939946, -89.663425 20.940057, -89.662623 20.940569, -89.661821 20.941081, -89.661019 20.941594, -89.660919 20.941657, -89.660217 20.942106, -89.659332 20.942672, -89.65848 20.943216, -89.657286 20.943978, -89.656263 20.944631, -89.656177 20.944698, -89.655294 20.945263, -89.654384 20.945852, -89.653473 20.94644, -89.652712 20.946936, -89.651252 20.947887, -89.650305 20.948494, -89.649942 20.948732, -89.649627 20.948939, -89.649551 20.948989, -89.649543 20.948939, -89.649518 20.948786, -89.649514 20.948762, -89.649483 20.948577, -89.649371 20.947919, -89.649336 20.94773, -89.649331 20.947706, -89.649292 20.947497, -89.649215 20.947041, -89.649179 20.946825, -89.649158 20.946707, -89.649117 20.94645, -89.649083 20.946246, -89.649035 20.945952, -89.648994 20.945714, -89.648967 20.945561, -89.648953 20.945475, -89.648935 20.945361, -89.648918 20.945254, -89.648903 20.94518, -89.648877 20.945026, -89.648846 20.944835, -89.648821 20.944684, -89.648816 20.944654, -89.648804 20.944581, -89.648675 20.943841, -89.648637 20.943608, -89.648577 20.943231, -89.64853 20.942978, -89.648485 20.942689, -89.648463 20.942548, -89.648457 20.942514, -89.648277 20.941489, -89.648244 20.94128, -89.648173 20.9409, -89.648167 20.940867, -89.648153 20.940791, -89.648143 20.940733, -89.64808 20.940361, -89.648072 20.940317, -89.647967 20.939698, -89.647902 20.939308, -89.647823 20.938852, -89.64782 20.938834, -89.647763 20.938493, -89.647739 20.938311, -89.6477 20.938202, -89.647647 20.938123, -89.647582 20.938045, -89.64749 20.937981, -89.647419 20.937947, -89.647361 20.937927, -89.647794 20.937799, -89.648085 20.937794, -89.64878 20.937783, -89.648813 20.937781, -89.648813 20.937747, -89.647757 20.937473, -89.646694 20.937197, -89.646702 20.937176, -89.646284 20.93706, -89.645394 20.936832, -89.645323 20.936825, -89.645134 20.936796, -89.642729 20.936189, -89.642682 20.936167, -89.641462 20.935862, -89.6414 20.935858, -89.640323 20.935581, -89.639272 20.935302, -89.638284 20.935049, -89.637271 20.934798, -89.634384 20.934054, -89.633131 20.933719, -89.631802 20.933376, -89.630449 20.933021, -89.629475 20.932771, -89.62946 20.932756, -89.629372 20.932722, -89.628271 20.932442, -89.627776 20.932303, -89.627738 20.932302, -89.627308 20.93229, -89.626949 20.93228, -89.626231 20.932203, -89.625765 20.932154, -89.625166 20.932079, -89.625187 20.931693, -89.625194 20.931429, -89.62526 20.931196, -89.625351 20.93088, -89.625373 20.930804, -89.625614 20.929968, -89.625954 20.928841, -89.626124 20.928278, -89.62621 20.927993, -89.626284 20.927744, -89.626442 20.927202, -89.626589 20.926703, -89.626771 20.926083, -89.626802 20.925975, -89.627901 20.926277, -89.629192 20.926604, -89.629889 20.926775, -89.631414 20.927163, -89.632271 20.927384, -89.632436 20.927423, -89.633424 20.927667, -89.634478 20.927936, -89.635088 20.928097, -89.635554 20.928217, -89.63658 20.9285, -89.637596 20.928766, -89.638662 20.929043, -89.639803 20.929327, -89.640841 20.929586, -89.64179 20.929838, -89.643618 20.930309, -89.644815 20.930611, -89.645126 20.930692, -89.645963 20.930896, -89.647102 20.931181, -89.648592 20.931571, -89.648889 20.93115, -89.649165 20.930758, -89.649481 20.930317, -89.649829 20.929834, -89.650052 20.929527, -89.650391 20.929061, -89.650703 20.928637, -89.650703 20.928637, -89.651172 20.928009, -89.652025 20.928522, -89.652604 20.92778, -89.653362 20.928329, -89.653718 20.92862, -89.654096 20.928956, -89.654139 20.92899, -89.654426 20.929222, -89.654685 20.92942, -89.654697 20.929378, -89.654758 20.927822, -89.654759 20.927654, -89.654764 20.926952, -89.654791 20.925671, -89.654846 20.923029, -89.654779 20.923025, -89.654781 20.922852, -89.654807 20.921646, -89.654841 20.920698, -89.654856 20.919919, -89.654898 20.918945, -89.654935 20.9159, -89.654947 20.915279, -89.654968 20.914723, -89.65498 20.914163, -89.655004 20.913609, -89.655034 20.913108, -89.655048 20.912395, -89.655006 20.911733, -89.65503 20.911191, -89.65503 20.911183, -89.65627 20.911184, -89.657568 20.911197)))"
0807,"MULTIPOLYGON (((-89.620124 20.932562, -89.621008 20.932658, -89.62185 20.932749, -89.622615 20.932832, -89.622937 20.932867, -89.623984 20.932981, -89.624021 20.932985, -89.625077 20.933099, -89.625166 20.932079, -89.625765 20.932154, -89.626231 20.932203, -89.626949 20.93228, -89.627308 20.93229, -89.627738 20.932302, -89.627776 20.932303, -89.628271 20.932442, -89.629372 20.932722, -89.629296 20.933513, -89.629161 20.934723, -89.629094 20.935384, -89.62907 20.935629, -89.628977 20.93657, -89.628822 20.937967, -89.627731 20.937983, -89.626653 20.937998, -89.626618 20.937999, -89.625535 20.938014, -89.624494 20.938029, -89.624441 20.93803, -89.623396 20.938045, -89.622878 20.938052, -89.622693 20.938098, -89.622676 20.938098, -89.622228 20.9381, -89.621979 20.938101, -89.621352 20.938105, -89.621184 20.938106, -89.620108 20.938114, -89.619686 20.938115, -89.619687 20.938109, -89.619758 20.937069, -89.619803 20.936407, -89.619874 20.935549, -89.61995 20.93464, -89.619953 20.934604, -89.620021 20.933724, -89.620124 20.932562)))"
0826,"MULTIPOLYGON (((-89.608995 20.932329, -89.609006 20.932362, -89.60925 20.933227, -89.609479 20.934029, -89.609623 20.934533, -89.609905 20.935521, -89.610248 20.936722, -89.610456 20.937474, -89.610661 20.938215, -89.610791 20.938602, -89.610676 20.938607, -89.610669 20.938608, -89.609712 20.938651, -89.60943 20.938664, -89.608632 20.9387, -89.608229 20.938716, -89.608125 20.93872, -89.607545 20.938742, -89.607516 20.938743, -89.60692 20.938768, -89.606472 20.938788, -89.606443 20.938789, -89.60577 20.938844, -89.605803 20.939816, -89.60564 20.939826, -89.605543 20.939829, -89.605377 20.939833, -89.604767 20.93985, -89.6042 20.939868, -89.60355 20.939881, -89.602874 20.939898, -89.602508 20.939904, -89.602663 20.938573, -89.602664 20.938568, -89.602667 20.938547, -89.602697 20.93852, -89.602859 20.937579, -89.602996 20.936655, -89.603121 20.935805, -89.603174 20.93544, -89.603195 20.935303, -89.603216 20.935179, -89.603286 20.934753, -89.603345 20.934395, -89.60337 20.934241, -89.603463 20.933676, -89.603505 20.933421, -89.603551 20.93314, -89.60367 20.932406, -89.60377 20.932406, -89.605111 20.932388, -89.606023 20.932374, -89.606339 20.93237, -89.607595 20.932353, -89.608995 20.932329)))"
0845,"MULTIPOLYGON (((-89.603684 20.918682, -89.603607 20.918647, -89.603438 20.918662, -89.603327 20.918578, -89.603262 20.918366, -89.603205 20.918145, -89.603182 20.918056, -89.603115 20.917736, -89.603072 20.91751, -89.603066 20.917479, -89.602954 20.916899, -89.602933 20.91679, -89.602919 20.916712, -89.602811 20.916147, -89.602738 20.915763, -89.602678 20.915454, -89.602556 20.914819, -89.602531 20.914701, -89.602515 20.914624, -89.602375 20.913891, -89.602363 20.913828, -89.602346 20.913744, -89.602235 20.913174, -89.602174 20.912858, -89.60216 20.912778, -89.602156 20.912753, -89.602109 20.912505, -89.602085 20.912384, -89.60204 20.912141, -89.602013 20.912013, -89.601985 20.911876, -89.601985 20.911874, -89.602027 20.911764, -89.602087 20.911722, -89.603672 20.911567, -89.603704 20.911107, -89.603764 20.911084, -89.605785 20.911248, -89.605706 20.914566, -89.605657 20.915259, -89.60641 20.915306, -89.606311 20.917639, -89.605733 20.917594, -89.605444 20.917481, -89.605171 20.917489, -89.605092 20.918108, -89.605798 20.918176, -89.605719 20.918868, -89.604663 20.918769, -89.604559 20.918635, -89.604394 20.918727, -89.604299 20.918775, -89.604213 20.918801, -89.604013 20.918799, -89.603827 20.918748, -89.603684 20.918682)))"
085A,"MULTIPOLYGON (((-89.696018 20.938017, -89.696966 20.937451, -89.697446 20.93828, -89.698091 20.937885, -89.698703 20.937511, -89.69943 20.938759, -89.699784 20.939367, -89.698377 20.940257, -89.699345 20.941824, -89.698506 20.942327, -89.698505 20.942328, -89.698386 20.94212, -89.697821 20.941143, -89.69773 20.940985, -89.697226 20.940118, -89.697226 20.940118, -89.696018 20.938017)))"
0864,"MULTIPOLYGON (((-89.666657 21.034015, -89.667005 21.033017, -89.667085 21.032734, -89.668141 21.032947, -89.6692 21.03315, -89.670053 21.033313, -89.670097 21.033199, -89.6703 21.033219, -89.670264 21.033348, -89.670172 21.033636, -89.670172 21.033636, -89.669881 21.034596, -89.668815 21.034404, -89.667735 21.034209, -89.666657 21.034015)))"
0879,"MULTIPOLYGON (((-89.662293 20.89784, -89.663087 20.897843, -89.663077 20.897568, -89.663859 20.897615, -89.663865 20.897901, -89.663871 20.898189, -89.663877 20.89839, -89.663109 20.898394, -89.662289 20.898409, -89.662293 20.89784)))"
1218,"MULTIPOLYGON (((-89.580202 20.966511, -89.580186 20.966081, -89.580162 20.965632, -89.580143 20.965238, -89.580142 20.965208, -89.58014 20.965127, -89.580131 20.964856, -89.580123 20.96461, -89.580121 20.964564, -89.580115 20.964375, -89.580114 20.96433, -89.580105 20.964201, -89.580154 20.964196, -89.580448 20.964209, -89.58106 20.964299, -89.581233 20.964314, -89.581564 20.96435, -89.581704 20.964365, -89.582549 20.964466, -89.582642 20.96448, -89.582953 20.964516, -89.583637 20.964612, -89.583661 20.96527, -89.583688 20.965748, -89.5837 20.966207, -89.583709 20.966607, -89.583728 20.966658, -89.582767 20.966656, -89.582783 20.966899, -89.582792 20.967114, -89.582812 20.967598, -89.582866 20.968812, -89.582886 20.969498, -89.58288 20.969889, -89.582883 20.970424, -89.582881 20.970654, -89.582883 20.97088, -89.582901 20.971331, -89.582932 20.971776, -89.582954 20.972222, -89.582959 20.97232, -89.582979 20.972744, -89.582879 20.972763, -89.582439 20.972858, -89.582466 20.97382, -89.582487 20.974842, -89.581992 20.974956, -89.581646 20.975027, -89.58162 20.975033, -89.580798 20.975226, -89.58077 20.975144, -89.580703 20.974949, -89.580671 20.974855, -89.580573 20.974574, -89.580554 20.97436, -89.580552 20.974338, -89.58055 20.974262, -89.580537 20.9739, -89.580518 20.973437, -89.580499 20.973001, -89.580482 20.972583, -89.58049 20.972515, -89.580496 20.972451, -89.580494 20.972377, -89.580452 20.972295, -89.580314 20.972182, -89.580109 20.972015, -89.580008 20.971928, -89.579959 20.971863, -89.579949 20.97182, -89.579926 20.971633, -89.579921 20.971597, -89.579918 20.971569, -89.579916 20.971525, -89.5799 20.971129, -89.579884 20.970728, -89.579883 20.970698, -89.579869 20.970288, -89.579866 20.970204, -89.579862 20.970134, -89.57984 20.96973, -89.579818 20.969342, -89.579817 20.96931, -89.579814 20.969256, -89.579801 20.969033, -89.579851 20.968969, -89.579991 20.968847, -89.580125 20.968728, -89.580229 20.968634, -89.580264 20.968579, -89.580287 20.968488, -89.580285 20.968394, -89.580283 20.968352, -89.580282 20.968313, -89.580264 20.967901, -89.580245 20.967465, -89.580229 20.967091, -89.580224 20.96699, -89.580221 20.966909, -89.580202 20.966511)))"
1241,"MULTIPOLYGON (((-89.576697 20.965692, -89.576736 20.965926, -89.576807 20.966353, -89.576886 20.966829, -89.576961 20.967278, -89.577031 20.967696, -89.577099 20.968103, -89.577143 20.968568, -89.57714 20.968608, -89.577109 20.969057, -89.577077 20.969192, -89.577054 20.969285, -89.577097 20.969511, -89.57712 20.969636, -89.577202 20.970051, -89.576884 20.970176, -89.576703 20.970245, -89.576695 20.97025, -89.575713 20.970476, -89.575051 20.97063, -89.574469 20.970763, -89.573395 20.971011, -89.573152 20.971068, -89.5731 20.97108, -89.57303 20.971096, -89.573021 20.971043, -89.572974 20.970771, -89.572947 20.970608, -89.572923 20.970463, -89.572884 20.970218, -89.57289 20.97013, -89.572905 20.969857, -89.572907 20.969825, -89.572913 20.969787, -89.572917 20.96974, -89.572937 20.969529, -89.572924 20.969409, -89.572919 20.96936, -89.572914 20.969311, -89.572909 20.969267, -89.572884 20.969127, -89.572867 20.96904, -89.572858 20.968982, -89.572798 20.968662, -89.572791 20.968615, -89.572749 20.968393, -89.572747 20.96838, -89.572736 20.968313, -89.572724 20.96825, -89.57268 20.968018, -89.572662 20.967924, -89.572605 20.967617, -89.572554 20.967342, -89.572528 20.9672, -89.572672 20.967175, -89.572676 20.967174, -89.573515 20.967057, -89.57355 20.967049, -89.5738 20.966999, -89.573832 20.96699, -89.574005 20.966944, -89.57402 20.96694, -89.574183 20.966887, -89.574384 20.966817, -89.574698 20.966694, -89.574918 20.966607, -89.575105 20.966519, -89.575454 20.966354, -89.575457 20.966352, -89.575539 20.966309, -89.575627 20.966264, -89.575762 20.966195, -89.576159 20.965998, -89.576362 20.965896, -89.576418 20.965869, -89.57661 20.965789, -89.576615 20.965787, -89.576697 20.965692)))"
1345,"MULTIPOLYGON (((-89.589173 20.938388, -89.5888 20.938294, -89.588699 20.938261, -89.58791 20.938028, -89.587828 20.937994, -89.587343 20.937562, -89.587299 20.93752, -89.587275 20.93754, -89.586801 20.937966, -89.585634 20.937486, -89.585796 20.937373, -89.585134 20.937054, -89.585537 20.936752, -89.585548 20.936743, -89.586033 20.936407, -89.5861 20.936351, -89.586124 20.936332, -89.58666 20.935939, -89.587238 20.935514, -89.587831 20.935078, -89.587852 20.935063, -89.587898 20.935031, -89.588399 20.934653, -89.58853 20.934555, -89.588887 20.934287, -89.588979 20.934215, -89.589079 20.934135, -89.589225 20.934089, -89.589309 20.934053, -89.589425 20.933968, -89.589583 20.933843, -89.589587 20.93384, -89.58979 20.933661, -89.589911 20.933569, -89.59016 20.93339, -89.590216 20.93335, -89.590388 20.93325, -89.590621 20.933099, -89.590713 20.93303, -89.590785 20.932977, -89.590886 20.932903, -89.590973 20.93284, -89.59132 20.932559, -89.591553 20.932393, -89.591663 20.932318, -89.591725 20.932276, -89.591873 20.93218, -89.592165 20.931981, -89.59231 20.931884, -89.592441 20.9318, -89.592484 20.931773, -89.592544 20.931733, -89.592771 20.931581, -89.592847 20.931416, -89.593206 20.931141, -89.593572 20.931633, -89.593621 20.931716, -89.593754 20.932073, -89.593959 20.932624, -89.594165 20.933169, -89.59443 20.933854, -89.594587 20.934249, -89.594809 20.934807, -89.594888 20.935005, -89.595028 20.935357, -89.595226 20.935854, -89.595255 20.935927, -89.595431 20.93637, -89.595633 20.936879, -89.595652 20.936924, -89.595684 20.937005, -89.595849 20.93743, -89.596048 20.937949, -89.596061 20.937983, -89.596795 20.939919, -89.596637 20.939924, -89.595967 20.939942, -89.595839 20.939946, -89.595493 20.939956, -89.594975 20.939958, -89.593832 20.938902, -89.593309 20.938361, -89.592338 20.938365, -89.592189 20.93825, -89.591752 20.938562, -89.591652 20.938615, -89.591581 20.938672, -89.591538 20.938742, -89.591524 20.938809, -89.591506 20.93899, -89.590658 20.938764, -89.589173 20.938388)))"
1453,"MULTIPOLYGON (((-89.624653 21.026385, -89.624638 21.026394, -89.624622 21.026401, -89.624606 21.026406, -89.624589 21.02641, -89.624571 21.026412, -89.624554 21.026412, -89.624536 21.026411, -89.624519 21.026407, -89.624502 21.026403, -89.624486 21.026396, -89.624471 21.026388, -89.624464 21.026384, -89.62445 21.026373, -89.624437 21.026362, -89.624426 21.026349, -89.624416 21.026336, -89.624408 21.026321, -89.624401 21.026306, -89.624397 21.02629, -89.624394 21.026274, -89.624392 21.026258, -89.624393 21.026241, -89.624395 21.026225, -89.6244 21.026209, -89.624406 21.026193, -89.624413 21.026179, -89.624423 21.026165, -89.624434 21.026152, -89.624446 21.02614, -89.624458 21.02613, -89.624363 21.026016, -89.623847 21.02539, -89.623659 21.025164, -89.623225 21.024641, -89.623175 21.024581, -89.622784 21.024108, -89.622381 21.023621, -89.622061 21.023235, -89.62203 21.023196, -89.621991 21.023148, -89.621804 21.022915, -89.62137 21.02239, -89.620929 21.021861, -89.620736 21.021629, -89.620717 21.021606, -89.6202 21.020983, -89.620074 21.020832, -89.62004 21.020791, -89.619371 21.019984, -89.619108 21.019667, -89.618805 21.0193, -89.618713 21.019191, -89.6189 21.019146, -89.619828 21.018916, -89.620476 21.018763, -89.620635 21.018726, -89.620912 21.018659, -89.620953 21.01865, -89.621035 21.01863, -89.621064 21.018623, -89.622736 21.018222, -89.622794 21.018208, -89.622825 21.0182, -89.622907 21.018181, -89.624778 21.017742, -89.62486 21.017723, -89.624905 21.017713, -89.624912 21.017711, -89.624941 21.017886, -89.624995 21.018212, -89.625045 21.018508, -89.625052 21.018552, -89.625063 21.018633, -89.625097 21.018844, -89.625137 21.019106, -89.62514 21.01913, -89.625233 21.019691, -89.625297 21.020023, -89.625336 21.020258, -89.625404 21.02067, -89.625648 21.022065, -89.625682 21.022281, -89.625699 21.02236, -89.625766 21.02274, -89.625955 21.023838, -89.626001 21.024088, -89.626054 21.024383, -89.626093 21.024607, -89.626147 21.024911, -89.626163 21.02502, -89.626291 21.025643, -89.626311 21.02576, -89.626518 21.026928, -89.626664 21.027675, -89.626744 21.028038, -89.626862 21.02855, -89.627054 21.029489, -89.627291 21.03063, -89.627224 21.030641, -89.627033 21.030673, -89.626838 21.030101, -89.626784 21.029944, -89.626345 21.029199, -89.6262 21.028952, -89.626155 21.028876, -89.626151 21.02887, -89.625931 21.028495, -89.625608 21.027947, -89.625367 21.027469, -89.625133 21.027055, -89.625074 21.026967, -89.624955 21.026801, -89.624653 21.026385)))"
1468,"MULTIPOLYGON (((-89.619012 21.011567, -89.61981 21.011832, -89.620337 21.011654, -89.621415 21.011247, -89.621617 21.011162, -89.62359 21.010384, -89.623637 21.010366, -89.623744 21.011001, -89.623751 21.011039, -89.623762 21.011093, -89.623851 21.011583, -89.623963 21.012195, -89.623986 21.012298, -89.624007 21.012395, -89.624013 21.012431, -89.624036 21.01253, -89.624082 21.012742, -89.624158 21.013262, -89.624262 21.013896, -89.624293 21.014083, -89.6244 21.014715, -89.624424 21.01485, -89.624548 21.015579, -89.624585 21.015788, -89.624599 21.01589, -89.624704 21.016521, -89.624772 21.01701, -89.624795 21.01713, -89.624868 21.017494, -89.624912 21.017711, -89.624905 21.017713, -89.62486 21.017723, -89.624778 21.017742, -89.622907 21.018181, -89.622825 21.0182, -89.622794 21.018208, -89.622736 21.018222, -89.621064 21.018623, -89.621035 21.01863, -89.620953 21.01865, -89.620912 21.018659, -89.620635 21.018726, -89.620476 21.018763, -89.619828 21.018916, -89.6189 21.019146, -89.618713 21.019191, -89.618638 21.019102, -89.618405 21.018829, -89.61797 21.018304, -89.617951 21.018282, -89.617234 21.017425, -89.617005 21.017146, -89.617012 21.017127, -89.617095 21.016903, -89.617348 21.016225, -89.617592 21.015572, -89.617837 21.014915, -89.618098 21.014216, -89.618337 21.01357, -89.618548 21.01289, -89.618783 21.012209, -89.619012 21.011567)))"
1472,"MULTIPOLYGON (((-89.616161 21.016072, -89.616155 21.01608, -89.616144 21.016093, -89.616135 21.016098, -89.616122 21.016101, -89.616115 21.016102, -89.616108 21.016102, -89.616102 21.016102, -89.616092 21.016101, -89.61608 21.016098, -89.616064 21.016093, -89.616048 21.016087, -89.616033 21.016079, -89.616019 21.01607, -89.616007 21.016059, -89.615995 21.016047, -89.615985 21.016034, -89.615976 21.016021, -89.615969 21.016006, -89.615964 21.015991, -89.61596 21.015975, -89.615958 21.015959, -89.615957 21.015936, -89.615958 21.015922, -89.615961 21.015909, -89.615967 21.015892, -89.615887 21.015796, -89.615172 21.01492, -89.614823 21.014494, -89.614443 21.014026, -89.614403 21.013976, -89.614366 21.013929, -89.614173 21.013657, -89.614013 21.013403, -89.613918 21.013252, -89.613884 21.013199, -89.613791 21.013035, -89.613713 21.012866, -89.613696 21.012822, -89.613632 21.012657, -89.613595 21.012537, -89.613555 21.012393, -89.613518 21.012195, -89.6135 21.012063, -89.613487 21.011908, -89.613486 21.011838, -89.613484 21.011728, -89.61349 21.011566, -89.613505 21.011427, -89.613544 21.011197, -89.613548 21.011173, -89.613555 21.011132, -89.613563 21.011081, -89.613577 21.010999, -89.613674 21.010505, -89.613757 21.010074, -89.61394 21.009122, -89.613949 21.009075, -89.614048 21.008571, -89.614108 21.008262, -89.614142 21.008083, -89.614205 21.007751, -89.614294 21.007299, -89.614304 21.007247, -89.61431 21.007248, -89.617186 21.007737, -89.618864 21.008005, -89.619641 21.008096, -89.620183 21.008316, -89.62091 21.008216, -89.621204 21.008172, -89.623162 21.007883, -89.62321 21.007875, -89.623288 21.008352, -89.623402 21.009029, -89.623412 21.009093, -89.623419 21.009135, -89.62343 21.009191, -89.623535 21.009828, -89.623572 21.010047, -89.623637 21.010366, -89.62359 21.010384, -89.621617 21.011162, -89.621415 21.011247, -89.620337 21.011654, -89.61981 21.011832, -89.619012 21.011567, -89.618783 21.012209, -89.618548 21.01289, -89.618337 21.01357, -89.618098 21.014216, -89.617837 21.014915, -89.617592 21.015572, -89.617348 21.016225, -89.617095 21.016903, -89.617012 21.017127, -89.617005 21.017146, -89.616311 21.016313, -89.616234 21.016188, -89.616161 21.016072)))"
1487,"MULTIPOLYGON (((-89.631755 21.002951, -89.631207 21.00289, -89.6307 21.002834, -89.629723 21.002727, -89.629072 21.002656, -89.628817 21.002628, -89.628526 21.002188, -89.628547 21.002178, -89.629239 21.00182, -89.629771 21.001541, -89.629821 21.001478, -89.629851 21.001442, -89.630419 21.000739, -89.630438 21.000694, -89.630456 21.000651, -89.630704 21.000299, -89.630818 21.000089, -89.631027 20.999599, -89.63119 20.999227, -89.631329 20.99891, -89.631383 20.998784, -89.631518 20.998468, -89.6317 20.998035, -89.632615 20.998364, -89.633011 20.998507, -89.633101 20.998256, -89.633329 20.997642, -89.633418 20.9974, -89.633693 20.997731, -89.63377 20.997815, -89.633806 20.997853, -89.633879 20.997933, -89.633905 20.99796, -89.634338 20.998315, -89.635019 20.998865, -89.635767 20.999462, -89.6358 20.999488, -89.636109 20.999734, -89.63671 21.000229, -89.636766 21.000276, -89.637478 21.000855, -89.637814 21.001129, -89.638197 21.001445, -89.638552 21.001738, -89.638964 21.00208, -89.638255 21.002857, -89.637652 21.003524, -89.637735 21.003591, -89.637014 21.003517, -89.636443 21.003458, -89.636142 21.003427, -89.636067 21.003419, -89.634903 21.003299, -89.634333 21.003234, -89.634303 21.003231, -89.6338 21.003173, -89.632753 21.003055, -89.631902 21.002958, -89.631865 21.002954, -89.631755 21.002951)))"
1504,"MULTIPOLYGON (((-89.621364 20.996444, -89.621354 20.996454, -89.621339 20.996466, -89.621323 20.996477, -89.621306 20.996486, -89.621288 20.996494, -89.621269 20.996499, -89.62125 20.996503, -89.62123 20.996504, -89.62121 20.996504, -89.621191 20.996502, -89.621171 20.996498, -89.621153 20.996492, -89.621135 20.996484, -89.621118 20.996475, -89.621102 20.996464, -89.621088 20.996451, -89.621075 20.996437, -89.621063 20.996422, -89.621054 20.996406, -89.621049 20.996397, -89.621037 20.996365, -89.621029 20.996332, -89.621025 20.996298, -89.621024 20.996264, -89.621025 20.996247, -89.621028 20.99623, -89.62103 20.996221, -89.620828 20.996237, -89.620755 20.996185, -89.620403 20.995936, -89.620174 20.995775, -89.619955 20.99562, -89.619434 20.995246, -89.619116 20.995017, -89.618384 20.994491, -89.618267 20.994408, -89.618255 20.994398, -89.618885 20.993549, -89.618936 20.993522, -89.619777 20.993381, -89.620706 20.993228, -89.620691 20.99314, -89.620677 20.993064, -89.621562 20.992931, -89.62206 20.992856, -89.622704 20.992763, -89.622653 20.992464, -89.622642 20.992308, -89.62261 20.991885, -89.622565 20.991815, -89.6225 20.991681, -89.622298 20.991262, -89.622233 20.99113, -89.622125 20.990437, -89.622016 20.989576, -89.621966 20.989097, -89.622392 20.989401, -89.623209 20.989989, -89.623694 20.990337, -89.623923 20.990503, -89.624747 20.991104, -89.625787 20.991864, -89.626583 20.992444, -89.626663 20.992482, -89.626696 20.9925, -89.62754 20.993112, -89.628415 20.993741, -89.628936 20.994115, -89.629295 20.994372, -89.628709 20.995093, -89.628104 20.995824, -89.627519 20.996518, -89.627556 20.996549, -89.62699 20.997192, -89.626972 20.997214, -89.626933 20.997213, -89.625845 20.997201, -89.625745 20.997199, -89.625575 20.997197, -89.624577 20.997188, -89.62429 20.997185, -89.623438 20.997167, -89.623288 20.997164, -89.622997 20.997136, -89.622631 20.997075, -89.62255 20.997054, -89.622389 20.997013, -89.622322 20.996996, -89.622118 20.996874, -89.621397 20.996463, -89.621364 20.996444)))"
1523,"MULTIPOLYGON (((-89.619678 21.036957, -89.618628 21.03705, -89.617933 21.037008, -89.617491 21.036981, -89.617405 21.036111, -89.617285 21.035244, -89.617122 21.03426, -89.617121 21.034248, -89.616957 21.033238, -89.616952 21.033207, -89.616803 21.03221, -89.616796 21.03216, -89.616563 21.031012, -89.617624 21.030987, -89.618739 21.030946, -89.619826 21.0309, -89.620895 21.030863, -89.620928 21.030862, -89.621971 21.030838, -89.621996 21.030838, -89.622423 21.030825, -89.623081 21.030789, -89.623129 21.031054, -89.623251 21.031794, -89.623418 21.032794, -89.623464 21.033025, -89.623488 21.033139, -89.623519 21.033284, -89.623542 21.033389, -89.623557 21.03346, -89.623598 21.033685, -89.623613 21.033766, -89.623621 21.03381, -89.62363 21.033865, -89.623684 21.034207, -89.623745 21.034592, -89.623771 21.03475, -89.623796 21.034895, -89.623815 21.034997, -89.62383 21.035096, -89.623881 21.035414, -89.623902 21.035541, -89.623924 21.035655, -89.623962 21.035809, -89.623981 21.035881, -89.624034 21.036175, -89.624035 21.036184, -89.624222 21.037264, -89.624232 21.037325, -89.624244 21.037388, -89.624271 21.03757, -89.623359 21.037503, -89.623026 21.037477, -89.622053 21.037403, -89.622011 21.0374, -89.620898 21.037316, -89.619708 21.037199, -89.619684 21.037012, -89.619678 21.036957)))"
1542,"MULTIPOLYGON (((-89.621996 21.030838, -89.621971 21.030838, -89.620928 21.030862, -89.620895 21.030863, -89.619826 21.0309, -89.618739 21.030946, -89.617624 21.030987, -89.616563 21.031012, -89.616515 21.030775, -89.615508 21.030951, -89.61524 21.030056, -89.61523 21.030024, -89.614943 21.029105, -89.614923 21.02904, -89.614622 21.028077, -89.614264 21.027133, -89.61388 21.026165, -89.613906 21.026154, -89.614766 21.025786, -89.614806 21.025781, -89.61489 21.025771, -89.615862 21.025522, -89.616682 21.025377, -89.617238 21.02526, -89.617757 21.02515, -89.6188 21.02493, -89.619856 21.024725, -89.620885 21.024506, -89.621964 21.024276, -89.622128 21.025268, -89.622217 21.025813, -89.622281 21.026198, -89.622301 21.02632, -89.622398 21.02691, -89.622474 21.02737, -89.622555 21.027784, -89.622677 21.028406, -89.622742 21.028789, -89.622761 21.028913, -89.622908 21.029809, -89.623018 21.030472, -89.623081 21.030789, -89.622423 21.030825, -89.621996 21.030838)))"
1557,"MULTIPOLYGON (((-89.608363 21.032831, -89.608418 21.032304, -89.608433 21.032157, -89.608426 21.031864, -89.608467 21.031474, -89.608473 21.031299, -89.608626 21.030918, -89.608758 21.030628, -89.608882 21.03031, -89.608902 21.030253, -89.608972 21.030197, -89.609145 21.029617, -89.609197 21.029411, -89.609286 21.028997, -89.609234 21.02851, -89.609222 21.028404, -89.609202 21.028082, -89.609169 21.027439, -89.609201 21.027244, -89.609239 21.027011, -89.609372 21.0265, -89.609383 21.026459, -89.610354 21.026491, -89.610389 21.026479, -89.611175 21.026158, -89.611373 21.026084, -89.611384 21.026107, -89.61236 21.025719, -89.61339 21.025302, -89.613906 21.026154, -89.61388 21.026165, -89.614264 21.027133, -89.614622 21.028077, -89.614923 21.02904, -89.614943 21.029105, -89.61523 21.030024, -89.61524 21.030056, -89.615508 21.030951, -89.616515 21.030775, -89.616563 21.031012, -89.616796 21.03216, -89.616803 21.03221, -89.615704 21.032304, -89.614648 21.032393, -89.613566 21.032468, -89.612478 21.032543, -89.611449 21.032614, -89.610353 21.032691, -89.609291 21.032766, -89.608363 21.032831)))"
1561,"MULTIPOLYGON (((-89.618713 21.019191, -89.618805 21.0193, -89.619108 21.019667, -89.619371 21.019984, -89.62004 21.020791, -89.620074 21.020832, -89.6202 21.020983, -89.620717 21.021606, -89.620736 21.021629, -89.620929 21.021861, -89.62137 21.02239, -89.621804 21.022915, -89.621991 21.023148, -89.62203 21.023196, -89.621796 21.023261, -89.621964 21.024276, -89.620885 21.024506, -89.619856 21.024725, -89.6188 21.02493, -89.617757 21.02515, -89.617238 21.02526, -89.616682 21.025377, -89.615862 21.025522, -89.61489 21.025771, -89.614806 21.025781, -89.614807 21.025708, -89.614389 21.025028, -89.613809 21.024259, -89.613761 21.024195, -89.613165 21.023405, -89.613133 21.023363, -89.612554 21.022601, -89.612527 21.022568, -89.6119 21.021797, -89.611253 21.021004, -89.611246 21.020994, -89.611791 21.020863, -89.61181 21.020858, -89.611851 21.020848, -89.611905 21.020834, -89.612268 21.020747, -89.613192 21.020522, -89.613311 21.020492, -89.613358 21.020478, -89.613428 21.020462, -89.61395 21.02034, -89.614383 21.020234, -89.614727 21.02015, -89.614764 21.020141, -89.614829 21.020127, -89.615405 21.019991, -89.615495 21.01997, -89.615509 21.019966, -89.616476 21.019731, -89.616505 21.019724, -89.616568 21.01971, -89.617532 21.019475, -89.617552 21.01947, -89.617635 21.01945, -89.618539 21.019234, -89.618713 21.019191)))"
1576,"MULTIPOLYGON (((-89.605055 21.026096, -89.60507 21.026039, -89.605084 21.025976, -89.605173 21.02559, -89.605284 21.025103, -89.605296 21.025055, -89.605306 21.025012, -89.605347 21.024832, -89.60549 21.024214, -89.605504 21.02415, -89.605533 21.024017, -89.605541 21.023985, -89.60569 21.02334, -89.605703 21.023288, -89.605717 21.023223, -89.60572 21.023211, -89.605861 21.02254, -89.605889 21.022417, -89.605898 21.02238, -89.605922 21.022376, -89.605929 21.022374, -89.605937 21.02237, -89.605943 21.022366, -89.605949 21.022361, -89.605955 21.022356, -89.60596 21.02235, -89.605964 21.022343, -89.605968 21.022336, -89.605971 21.022329, -89.605973 21.022322, -89.605974 21.022314, -89.605974 21.022307, -89.605973 21.022299, -89.605972 21.022292, -89.605967 21.022278, -89.60612 21.02224, -89.60696 21.022034, -89.607023 21.022019, -89.607093 21.022001, -89.608188 21.021735, -89.608251 21.021718, -89.608302 21.021706, -89.608379 21.021686, -89.608434 21.021673, -89.608505 21.021656, -89.609338 21.021455, -89.609416 21.021436, -89.609459 21.021426, -89.609535 21.021408, -89.609819 21.021338, -89.609879 21.021324, -89.60993 21.021312, -89.610206 21.021245, -89.61081 21.0211, -89.610897 21.021078, -89.611246 21.020994, -89.611253 21.021004, -89.6119 21.021797, -89.612527 21.022568, -89.612554 21.022601, -89.613133 21.023363, -89.613165 21.023405, -89.613761 21.024195, -89.613809 21.024259, -89.614389 21.025028, -89.614807 21.025708, -89.614806 21.025781, -89.614766 21.025786, -89.613906 21.026154, -89.61339 21.025302, -89.61236 21.025719, -89.611384 21.026107, -89.611373 21.026084, -89.611175 21.026158, -89.610389 21.026479, -89.610354 21.026491, -89.609383 21.026459, -89.609372 21.0265, -89.609239 21.027011, -89.609201 21.027244, -89.609169 21.027439, -89.609202 21.028082, -89.609222 21.028404, -89.608145 21.02831, -89.608051 21.028289, -89.606974 21.028142, -89.60593 21.027992, -89.604644 21.027822, -89.604662 21.027734, -89.604808 21.027054, -89.604813 21.027029, -89.604816 21.027013, -89.604866 21.026809, -89.604876 21.026774, -89.605055 21.026096)))"
1608,"MULTIPOLYGON (((-89.582374 21.006699, -89.583208 21.006264, -89.584032 21.005813, -89.584892 21.005335, -89.585626 21.004924, -89.58561 21.004899, -89.587161 21.004063, -89.588247 21.003458, -89.588689 21.003182, -89.589639 21.002587, -89.589701 21.002548, -89.59058 21.001989, -89.591375 21.001479, -89.591898 21.002031, -89.592492 21.002641, -89.592885 21.003044, -89.593237 21.003405, -89.59325 21.003418, -89.592814 21.003794, -89.592552 21.00402, -89.592006 21.00449, -89.591803 21.004666, -89.591139 21.005222, -89.59096 21.005371, -89.590549 21.005714, -89.590369 21.005863, -89.590338 21.00589, -89.590159 21.006041, -89.589581 21.006532, -89.589399 21.006688, -89.589312 21.006761, -89.588806 21.007184, -89.588624 21.007343, -89.58846 21.00749, -89.588392 21.007548, -89.58826 21.007664, -89.588162 21.007749, -89.588049 21.007843, -89.58772 21.008121, -89.587638 21.00819, -89.587002 21.008727, -89.586367 21.009264, -89.586257 21.009357, -89.58561 21.009905, -89.585493 21.010003, -89.584012 21.008444, -89.583053 21.007422, -89.582737 21.00709, -89.582374 21.006699)))"
1631,"MULTIPOLYGON (((-89.585042 20.980978, -89.58504 20.980987, -89.58504 20.981007, -89.585012 20.981374, -89.584977 20.981819, -89.584975 20.981866, -89.58497 20.981952, -89.584958 20.982095, -89.584929 20.982438, -89.584918 20.982553, -89.584912 20.982658, -89.584889 20.98292, -89.584675 20.983225, -89.584233 20.983239, -89.583847 20.98383, -89.583681 20.984085, -89.583645 20.984143, -89.583359 20.984607, -89.582846 20.985463, -89.582806 20.985531, -89.582415 20.986178, -89.582316 20.986342, -89.581705 20.98738, -89.581615 20.987503, -89.581365 20.987473, -89.58104 20.987434, -89.580479 20.987364, -89.580379 20.987351, -89.580085 20.987314, -89.579962 20.9873, -89.579418 20.987236, -89.57919 20.98721, -89.578876 20.987181, -89.578647 20.98716, -89.578252 20.987115, -89.578051 20.987091, -89.577689 20.987049, -89.577446 20.98702, -89.577182 20.986988, -89.577205 20.98695, -89.577698 20.986155, -89.578068 20.985437, -89.578109 20.985437, -89.578687 20.984442, -89.578695 20.984427, -89.578711 20.984399, -89.578718 20.984388, -89.578732 20.98437, -89.578746 20.984353, -89.578762 20.984336, -89.578781 20.984317, -89.578795 20.984304, -89.578813 20.98429, -89.578832 20.984276, -89.578851 20.984264, -89.578897 20.984238, -89.579516 20.983399, -89.580076 20.982339, -89.580108 20.982337, -89.580171 20.981291, -89.580175 20.981222, -89.580178 20.981183, -89.580781 20.981156, -89.58083 20.981154, -89.580924 20.981149, -89.58095 20.981148, -89.581369 20.981129, -89.581886 20.981106, -89.581958 20.981103, -89.582529 20.981077, -89.582793 20.981065, -89.583161 20.981053, -89.583219 20.981049, -89.583736 20.981033, -89.584003 20.981022, -89.584339 20.981011, -89.584612 20.981002, -89.584917 20.980985, -89.585042 20.980978)))"
1650,"MULTIPOLYGON (((-89.600991 20.93988, -89.600857 20.93989, -89.600802 20.939889, -89.600407 20.939891, -89.600303 20.939892, -89.599767 20.939896, -89.599718 20.939896, -89.59972 20.939885, -89.599849 20.938981, -89.599924 20.938457, -89.599999 20.937936, -89.600074 20.937407, -89.600152 20.936886, -89.600233 20.93634, -89.600314 20.93581, -89.600391 20.935308, -89.599828 20.935313, -89.599893 20.934758, -89.599954 20.934237, -89.600521 20.934236, -89.601103 20.934235, -89.601701 20.934234, -89.602246 20.934233, -89.602281 20.934233, -89.602837 20.934232, -89.602922 20.93367, -89.603463 20.933676, -89.60337 20.934241, -89.603345 20.934395, -89.603286 20.934753, -89.603216 20.935179, -89.603195 20.935303, -89.603174 20.93544, -89.603121 20.935805, -89.602996 20.936655, -89.602859 20.937579, -89.602697 20.93852, -89.602667 20.938547, -89.602664 20.938568, -89.602663 20.938573, -89.602508 20.939904, -89.602276 20.939907, -89.602175 20.939908, -89.601646 20.939902, -89.601038 20.939882, -89.600991 20.93988)))"
1665,"MULTIPOLYGON (((-89.595028 20.935357, -89.595758 20.93535, -89.595845 20.93535, -89.596322 20.935345, -89.59641 20.935344, -89.596895 20.93534, -89.597007 20.935339, -89.59749 20.935335, -89.597535 20.935334, -89.598141 20.935329, -89.59823 20.935328, -89.598714 20.935323, -89.599233 20.935319, -89.599828 20.935313, -89.600391 20.935308, -89.600314 20.93581, -89.600233 20.93634, -89.600152 20.936886, -89.600074 20.937407, -89.599999 20.937936, -89.599924 20.938457, -89.599849 20.938981, -89.59972 20.939885, -89.599718 20.939896, -89.599152 20.9399, -89.598831 20.939907, -89.598714 20.939907, -89.598514 20.939909, -89.598479 20.939909, -89.598264 20.93991, -89.597874 20.939913, -89.596795 20.939919, -89.596061 20.937983, -89.596048 20.937949, -89.595849 20.93743, -89.595684 20.937005, -89.595652 20.936924, -89.595633 20.936879, -89.595431 20.93637, -89.595255 20.935927, -89.595226 20.935854, -89.595028 20.935357)))"
1684,"MULTIPOLYGON (((-89.59908 20.926861, -89.599086 20.926857, -89.599746 20.926393, -89.601518 20.92515, -89.603471 20.923716, -89.604458 20.922924, -89.604475 20.92291, -89.604595 20.922809, -89.604605 20.922816, -89.604611 20.922821, -89.605635 20.922062, -89.605756 20.922255, -89.605951 20.922567, -89.606248 20.923165, -89.606513 20.92381, -89.606533 20.923861, -89.606634 20.924125, -89.606643 20.924147, -89.606822 20.92477, -89.607002 20.925395, -89.607014 20.925436, -89.6072 20.926087, -89.60726 20.926316, -89.607368 20.926675, -89.6075 20.927143, -89.607547 20.927311, -89.607673 20.927757, -89.607693 20.927828, -89.607966 20.928766, -89.608129 20.929355, -89.608273 20.92985, -89.608406 20.930304, -89.608455 20.930473, -89.608504 20.930641, -89.60851 20.930664, -89.608609 20.931004, -89.608706 20.931339, -89.608801 20.931669, -89.608899 20.932007, -89.608995 20.932329, -89.607595 20.932353, -89.606339 20.93237, -89.606023 20.932374, -89.605111 20.932388, -89.60377 20.932406, -89.60367 20.932406, -89.603112 20.932411, -89.60254 20.932409, -89.601953 20.932419, -89.601387 20.932417, -89.600795 20.932417, -89.600202 20.932417, -89.599621 20.932425, -89.598525 20.932427, -89.598483 20.932462, -89.598443 20.932496, -89.598177 20.932487, -89.598345 20.931457, -89.598378 20.931462, -89.598548 20.930452, -89.598656 20.929815, -89.598745 20.929279, -89.598856 20.928605, -89.598871 20.928518, -89.599011 20.92768, -89.599081 20.927263, -89.59908 20.926861)))"
1699,"MULTIPOLYGON (((-89.609503 21.015907, -89.610746 21.015422, -89.610785 21.015408, -89.612071 21.014911, -89.612668 21.014682, -89.613144 21.014527, -89.613192 21.014509, -89.614209 21.014116, -89.614257 21.014098, -89.614297 21.014082, -89.614438 21.014028, -89.614443 21.014026, -89.614823 21.014494, -89.615172 21.01492, -89.615887 21.015796, -89.615967 21.015892, -89.615961 21.015909, -89.615958 21.015922, -89.615957 21.015936, -89.615958 21.015959, -89.61596 21.015975, -89.615964 21.015991, -89.615969 21.016006, -89.615976 21.016021, -89.615985 21.016034, -89.615995 21.016047, -89.616007 21.016059, -89.616019 21.01607, -89.616033 21.016079, -89.616048 21.016087, -89.616064 21.016093, -89.61608 21.016098, -89.616092 21.016101, -89.616102 21.016102, -89.616108 21.016102, -89.616115 21.016102, -89.616122 21.016101, -89.616135 21.016098, -89.616144 21.016093, -89.616155 21.01608, -89.616161 21.016072, -89.616234 21.016188, -89.616311 21.016313, -89.617005 21.017146, -89.617234 21.017425, -89.617951 21.018282, -89.61797 21.018304, -89.618405 21.018829, -89.618638 21.019102, -89.618713 21.019191, -89.618539 21.019234, -89.617635 21.01945, -89.617552 21.01947, -89.617532 21.019475, -89.616568 21.01971, -89.616505 21.019724, -89.616476 21.019731, -89.615509 21.019966, -89.615495 21.01997, -89.615405 21.019991, -89.614829 21.020127, -89.614764 21.020141, -89.614727 21.02015, -89.614383 21.020234, -89.61395 21.02034, -89.613428 21.020462, -89.613358 21.020478, -89.613311 21.020492, -89.613192 21.020522, -89.612268 21.020747, -89.611905 21.020834, -89.611851 21.020848, -89.61181 21.020858, -89.611791 21.020863, -89.611246 21.020994, -89.610897 21.021078, -89.61081 21.0211, -89.610206 21.021245, -89.60993 21.021312, -89.609879 21.021324, -89.609819 21.021338, -89.609535 21.021408, -89.609459 21.021426, -89.609416 21.021436, -89.609338 21.021455, -89.608505 21.021656, -89.608434 21.021673, -89.608379 21.021686, -89.608302 21.021706, -89.608251 21.021718, -89.608188 21.021735, -89.607093 21.022001, -89.607023 21.022019, -89.60696 21.022034, -89.60612 21.02224, -89.605967 21.022278, -89.605963 21.022271, -89.605958 21.022265, -89.605953 21.022259, -89.605947 21.022253, -89.605941 21.022249, -89.605934 21.022245, -89.605927 21.022241, -89.605919 21.022239, -89.605904 21.022236, -89.605925 21.022133, -89.60594 21.02206, -89.606021 21.021706, -89.606073 21.021458, -89.606123 21.021234, -89.60624 21.020719, -89.606256 21.020646, -89.606268 21.020603, -89.606313 21.020404, -89.606442 21.019822, -89.606478 21.019663, -89.606495 21.019588, -89.606512 21.019509, -89.606629 21.019009, -89.606636 21.018979, -89.606686 21.018769, -89.606816 21.018199, -89.606859 21.018024, -89.606875 21.017959, -89.606891 21.017888, -89.607037 21.017249, -89.607094 21.016999, -89.607118 21.016934, -89.607121 21.016926, -89.607158 21.016855, -89.607218 21.016813, -89.607308 21.016759, -89.607483 21.016671, -89.607658 21.016582, -89.607698 21.016567, -89.607811 21.016522, -89.607923 21.016485, -89.608063 21.016436, -89.608135 21.016411, -89.608238 21.016375, -89.608538 21.016266, -89.609503 21.015907)))"
1716,"MULTIPOLYGON (((-89.584679 21.003278, -89.584874 21.003078, -89.585002 21.002948, -89.585657 21.002277, -89.585751 21.002184, -89.586201 21.00174, -89.587658 21.000253, -89.588078 20.999825, -89.588847 20.99902, -89.59016 20.9977, -89.590274 20.997581, -89.590334 20.997517, -89.590387 20.997465, -89.590443 20.997417, -89.590543 20.997341, -89.590622 20.997304, -89.591117 20.997318, -89.591225 20.997028, -89.591299 20.996799, -89.591603 20.99593, -89.591746 20.995522, -89.591808 20.995344, -89.591998 20.994803, -89.592153 20.994361, -89.592314 20.994479, -89.592729 20.994783, -89.593343 20.995234, -89.593845 20.995601, -89.594313 20.995935, -89.594839 20.996317, -89.595338 20.996665, -89.595792 20.996986, -89.597147 20.99602, -89.597179 20.996042, -89.597774 20.996459, -89.597841 20.996507, -89.597789 20.996548, -89.596945 20.997195, -89.596604 20.997514, -89.59655 20.997565, -89.596298 20.997784, -89.596294 20.997788, -89.596289 20.997792, -89.596018 20.997993, -89.594243 20.999369, -89.593131 21.000209, -89.5914 21.001462, -89.591375 21.001479, -89.59058 21.001989, -89.589701 21.002548, -89.589639 21.002587, -89.588689 21.003182, -89.588247 21.003458, -89.587161 21.004063, -89.58561 21.004899, -89.585571 21.004827, -89.585473 21.004651, -89.585388 21.004493, -89.585022 21.003866, -89.584679 21.003278)))"
1773,"MULTIPOLYGON (((-89.585633 20.959782, -89.585659 20.959783, -89.585747 20.959779, -89.586308 20.959754, -89.586611 20.95974, -89.586774 20.959732, -89.587612 20.959695, -89.588037 20.959673, -89.588179 20.959667, -89.588211 20.959665, -89.588535 20.959649, -89.588547 20.959648, -89.588664 20.959643, -89.588744 20.95964, -89.58875 20.95964, -89.589826 20.959582, -89.58984 20.959582, -89.590071 20.959563, -89.590084 20.959563, -89.59071 20.959499, -89.591561 20.959366, -89.591679 20.959347, -89.591732 20.959337, -89.591762 20.959331, -89.591752 20.959498, -89.591739 20.959706, -89.591691 20.960493, -89.591688 20.960543, -89.591683 20.960626, -89.591677 20.960727, -89.59163 20.961498, -89.591626 20.961572, -89.591623 20.961608, -89.591618 20.961688, -89.591568 20.962485, -89.591532 20.963194, -89.591519 20.963421, -89.591474 20.964174, -89.591472 20.964249, -89.591471 20.964257, -89.591467 20.964361, -89.591435 20.965203, -89.591433 20.965274, -89.590494 20.965213, -89.589737 20.965173, -89.589003 20.965125, -89.588481 20.965082, -89.588399 20.965075, -89.587919 20.965028, -89.587335 20.964966, -89.586924 20.964923, -89.585958 20.964822, -89.585537 20.964781, -89.584998 20.964728, -89.583998 20.96463, -89.583637 20.964612, -89.582953 20.964516, -89.582937 20.964214, -89.582897 20.963541, -89.582855 20.962675, -89.582835 20.96218, -89.582805 20.961674, -89.582771 20.961093, -89.582756 20.960851, -89.582698 20.959885, -89.582698 20.959882, -89.583081 20.959869, -89.583702 20.959848, -89.583749 20.959846, -89.58433 20.959824, -89.584584 20.959818, -89.584635 20.959817, -89.584703 20.959814, -89.584709 20.959814, -89.585549 20.959785, -89.585555 20.959785, -89.585633 20.959782)))"
1805,"MULTIPOLYGON (((-89.65528 20.978584, -89.655366 20.977838, -89.655423 20.97734, -89.655452 20.977121, -89.655475 20.97687, -89.655478 20.976834, -89.655572 20.97602, -89.655664 20.975191, -89.655751 20.974409, -89.655756 20.974371, -89.655867 20.973591, -89.655871 20.973562, -89.65594 20.973089, -89.655946 20.973049, -89.655962 20.972941, -89.655998 20.972691, -89.656066 20.972225, -89.65611 20.971924, -89.656471 20.971992, -89.6565 20.971954, -89.656589 20.971974, -89.657471 20.972179, -89.657475 20.97218, -89.657701 20.972232, -89.657744 20.972242, -89.658823 20.972492, -89.658989 20.97253, -89.659615 20.972662, -89.659729 20.972686, -89.659998 20.972742, -89.661382 20.97303, -89.662395 20.973227, -89.662537 20.973248, -89.663634 20.973479, -89.664107 20.973596, -89.664177 20.973613, -89.664124 20.973694, -89.663935 20.974561, -89.663916 20.974772, -89.663909 20.975023, -89.663903 20.975486, -89.663514 20.975505, -89.663088 20.975504, -89.663097 20.975874, -89.663124 20.976278, -89.663145 20.976681, -89.66316 20.977083, -89.663168 20.977493, -89.663189 20.977884, -89.663211 20.97837, -89.66324 20.978862, -89.663267 20.97943, -89.663278 20.979668, -89.663281 20.979939, -89.663288 20.980077, -89.663296 20.980455, -89.663296 20.980539, -89.663309 20.98094, -89.663321 20.981417, -89.661494 20.981446, -89.661491 20.981376, -89.660785 20.980931, -89.660652 20.980831, -89.659912 20.980377, -89.659589 20.980177, -89.659017 20.979834, -89.658728 20.97966, -89.658426 20.979489, -89.658393 20.979467, -89.658252 20.979381, -89.657454 20.978904, -89.657202 20.978754, -89.656883 20.978723, -89.655968 20.978646, -89.65528 20.978584)))"
181A,"MULTIPOLYGON (((-89.591592 20.949436, -89.590988 20.949062, -89.590648 20.948852, -89.589687 20.948312, -89.588605 20.947664, -89.588143 20.947388, -89.587554 20.947043, -89.587346 20.946919, -89.587174 20.946826, -89.586813 20.946614, -89.586405 20.946415, -89.586608 20.945652, -89.586926 20.944655, -89.587245 20.943659, -89.587352 20.943312, -89.587505 20.942815, -89.587814 20.941948, -89.588062 20.941351, -89.588313 20.940728, -89.588595 20.939978, -89.588875 20.939237, -89.589173 20.938388, -89.590658 20.938764, -89.591506 20.93899, -89.591524 20.938809, -89.591538 20.938742, -89.591581 20.938672, -89.591652 20.938615, -89.591752 20.938562, -89.592189 20.93825, -89.592338 20.938365, -89.593309 20.938361, -89.593832 20.938902, -89.594975 20.939958, -89.594849 20.939958, -89.594092 20.939962, -89.593785 20.939963, -89.59359 20.93997, -89.593531 20.939981, -89.593367 20.94003, -89.593259 20.940085, -89.593121 20.940195, -89.592993 20.940363, -89.592939 20.940473, -89.592924 20.940503, -89.592906 20.940628, -89.592865 20.94143, -89.592859 20.94155, -89.592846 20.941804, -89.5928 20.942689, -89.592789 20.942911, -89.592789 20.942918, -89.592787 20.942947, -89.592787 20.942954, -89.592785 20.942979, -89.592781 20.94306, -89.592772 20.943221, -89.592716 20.944182, -89.592686 20.944721, -89.592668 20.945031, -89.592611 20.946008, -89.592585 20.946445, -89.592548 20.947085, -89.592547 20.947089, -89.592539 20.947225, -89.592539 20.947236, -89.592538 20.947244, -89.592528 20.947412, -89.59251 20.947726, -89.592507 20.947776, -89.592475 20.948343, -89.592469 20.948478, -89.59245 20.948889, -89.59242 20.949427, -89.592399 20.949802, -89.59239 20.949951, -89.592235 20.949849, -89.592185 20.949819, -89.591592 20.949436)))"
1824,"MULTIPOLYGON (((-89.58426 20.945503, -89.58407 20.945428, -89.58321 20.945134, -89.583002 20.945062, -89.581691 20.944599, -89.58157 20.944557, -89.581006 20.944359, -89.579942 20.94396, -89.578898 20.943558, -89.57863 20.943444, -89.578309 20.943313, -89.577943 20.943164, -89.577228 20.942891, -89.577231 20.94289, -89.577293 20.942864, -89.577322 20.942852, -89.57752 20.942737, -89.577759 20.942515, -89.578054 20.94231, -89.578341 20.942112, -89.578563 20.941959, -89.578887 20.941743, -89.579188 20.941542, -89.579248 20.941501, -89.57922 20.941423, -89.580176 20.940731, -89.580976 20.940152, -89.581179 20.940004, -89.58122 20.939975, -89.582162 20.939292, -89.582196 20.939268, -89.582231 20.939242, -89.583132 20.93859, -89.583179 20.938556, -89.583224 20.938524, -89.583619 20.938238, -89.583831 20.938068, -89.583879 20.938014, -89.583915 20.937981, -89.583963 20.937944, -89.584 20.937915, -89.584024 20.937896, -89.584043 20.937882, -89.584241 20.937733, -89.584369 20.937646, -89.584526 20.937539, -89.58494 20.937209, -89.584968 20.937187, -89.585018 20.937148, -89.585094 20.937086, -89.585134 20.937054, -89.585796 20.937373, -89.585634 20.937486, -89.586801 20.937966, -89.587275 20.93754, -89.587299 20.93752, -89.587343 20.937562, -89.587828 20.937994, -89.58791 20.938028, -89.588699 20.938261, -89.5888 20.938294, -89.589173 20.938388, -89.588875 20.939237, -89.588595 20.939978, -89.588313 20.940728, -89.588062 20.941351, -89.587814 20.941948, -89.587505 20.942815, -89.587352 20.943312, -89.587245 20.943659, -89.586926 20.944655, -89.586608 20.945652, -89.586405 20.946415, -89.585737 20.946081, -89.585727 20.946076, -89.585494 20.945968, -89.585258 20.945852, -89.584461 20.945584, -89.58426 20.945503)))"
1843,"MULTIPOLYGON (((-89.629889 20.926775, -89.629996 20.925764, -89.630104 20.924752, -89.630203 20.923709, -89.630177 20.923653, -89.630215 20.923382, -89.63023 20.923242, -89.630304 20.922788, -89.630364 20.92234, -89.630366 20.92232, -89.630422 20.921875, -89.630496 20.921427, -89.630578 20.9209, -89.629882 20.920727, -89.628404 20.92039, -89.628347 20.920392, -89.628374 20.920055, -89.628392 20.919911, -89.628414 20.919739, -89.628485 20.919433, -89.628521 20.91932, -89.628534 20.919275, -89.628545 20.919233, -89.628793 20.918389, -89.628845 20.91822, -89.628858 20.91817, -89.628908 20.917988, -89.629099 20.91734, -89.629146 20.917179, -89.629239 20.916887, -89.629247 20.916882, -89.629265 20.916872, -89.629286 20.916862, -89.629341 20.916846, -89.629403 20.916838, -89.629482 20.916839, -89.63051 20.917064, -89.631156 20.917205, -89.632852 20.917548, -89.63333 20.916358, -89.633339 20.916236, -89.63334 20.916216, -89.633353 20.916194, -89.633364 20.916198, -89.634418 20.916588, -89.634981 20.916805, -89.634613 20.917647, -89.634245 20.91849, -89.634756 20.918551, -89.635824 20.918699, -89.636928 20.918852, -89.636854 20.919399, -89.6368 20.919795, -89.63678 20.919877, -89.636645 20.92082, -89.636636 20.920874, -89.636482 20.921848, -89.636423 20.922232, -89.636353 20.922677, -89.636282 20.923128, -89.636272 20.923199, -89.636144 20.924154, -89.636138 20.924197, -89.635996 20.9252, -89.635859 20.926175, -89.63585 20.92623, -89.635696 20.927213, -89.635686 20.927282, -89.635554 20.928217, -89.635088 20.928097, -89.634478 20.927936, -89.633424 20.927667, -89.632436 20.927423, -89.632271 20.927384, -89.631414 20.927163, -89.629889 20.926775)))"
1858,"MULTIPOLYGON (((-89.626802 20.925975, -89.62572 20.925687, -89.625707 20.925683, -89.624703 20.925435, -89.623666 20.92517, -89.623656 20.925167, -89.622604 20.9249, -89.621553 20.924633, -89.620647 20.924404, -89.62064 20.924402, -89.620628 20.924399, -89.619556 20.924127, -89.619527 20.923949, -89.61845 20.92394, -89.618443 20.923791, -89.618424 20.923299, -89.61841 20.922917, -89.618407 20.922796, -89.618409 20.922337, -89.618407 20.921873, -89.618404 20.921668, -89.618393 20.921424, -89.618396 20.921286, -89.618399 20.920939, -89.618401 20.920662, -89.619557 20.920628, -89.620713 20.920593, -89.62083 20.920587, -89.622359 20.920468, -89.622342 20.920652, -89.622729 20.92075, -89.623721 20.921002, -89.623769 20.921014, -89.624781 20.921271, -89.625807 20.921532, -89.626819 20.921791, -89.626851 20.921799, -89.627904 20.922071, -89.628996 20.922348, -89.629026 20.922356, -89.629626 20.922507, -89.629615 20.922597, -89.630304 20.922788, -89.63023 20.923242, -89.630215 20.923382, -89.630177 20.923653, -89.630203 20.923709, -89.630104 20.924752, -89.629996 20.925764, -89.629889 20.926775, -89.629192 20.926604, -89.627901 20.926277, -89.626802 20.925975)))"
1913,"MULTIPOLYGON (((-89.646409 20.998769, -89.646417 20.998781, -89.646427 20.998792, -89.646437 20.998801, -89.646449 20.99881, -89.646462 20.998818, -89.646476 20.998824, -89.646415 20.999172, -89.646333 20.999565, -89.646544 20.999595, -89.64746 20.999724, -89.648493 20.999861, -89.649038 20.999936, -89.649029 21.000171, -89.649026 21.000212, -89.648885 21.000632, -89.648861 21.000652, -89.648819 21.000687, -89.648674 21.001119, -89.648609 21.001314, -89.648553 21.001468, -89.648515 21.001573, -89.648364 21.001986, -89.648286 21.002191, -89.648179 21.002463, -89.64803 21.002874, -89.647867 21.003303, -89.647715 21.00374, -89.647702 21.003777, -89.64756 21.004171, -89.647546 21.00421, -89.647361 21.004713, -89.647344 21.004758, -89.647202 21.005159, -89.647181 21.005221, -89.647058 21.005589, -89.647036 21.005622, -89.646892 21.00602, -89.646863 21.006106, -89.646698 21.006594, -89.645961 21.006195, -89.645863 21.006142, -89.644987 21.005668, -89.644065 21.005169, -89.643899 21.005083, -89.643136 21.004694, -89.642774 21.00451, -89.642156 21.004195, -89.641406 21.003813, -89.641225 21.003721, -89.640753 21.003437, -89.640055 21.002931, -89.639406 21.002445, -89.639604 21.002286, -89.640059 21.00192, -89.640295 21.001765, -89.640321 21.001752, -89.640437 21.001685, -89.64084 21.001462, -89.640869 21.001448, -89.640955 21.001409, -89.641015 21.001381, -89.641057 21.001359, -89.64112 21.001327, -89.641158 21.001307, -89.641339 21.001214, -89.641757 21.001001, -89.642023 21.000862, -89.642061 21.000841, -89.642161 21.000793, -89.642497 21.000618, -89.642908 21.000409, -89.643048 21.000337, -89.643771 20.999976, -89.644335 20.999695, -89.644533 20.999596, -89.644568 20.99958, -89.644651 20.99954, -89.644663 20.999533, -89.644721 20.99951, -89.645019 20.999386, -89.645137 20.999335, -89.64537 20.999236, -89.645441 20.999206, -89.645853 20.99903, -89.646116 20.998918, -89.646346 20.998801, -89.646409 20.998769)))"
199A,"MULTIPOLYGON (((-89.550915 20.998202, -89.550896 20.996841, -89.550988 20.996867, -89.55104 20.996897, -89.551082 20.996955, -89.551123 20.997109, -89.551143 20.997141, -89.551185 20.997167, -89.551244 20.997195, -89.551295 20.997198, -89.551576 20.997195, -89.551566 20.995749, -89.552224 20.995749, -89.553678 20.995687, -89.553647 20.994704, -89.553637 20.99372, -89.553626 20.992731, -89.553623 20.992418, -89.553586 20.991088, -89.553565 20.990112, -89.553561 20.99007, -89.553417 20.985572, -89.553311 20.982071, -89.553305 20.981857, -89.557549 20.981862, -89.558114 20.981863, -89.55817 20.981863, -89.558233 20.981862, -89.55827 20.981853, -89.558385 20.981823, -89.55844 20.981803, -89.558442 20.981802, -89.558512 20.98179, -89.558548 20.981795, -89.558596 20.981801, -89.558677 20.981836, -89.558783 20.981844, -89.558873 20.981843, -89.558977 20.981843, -89.561751 20.981835, -89.562236 20.981818, -89.562758 20.981798, -89.562789 20.981798, -89.563291 20.981785, -89.563312 20.981785, -89.563525 20.981782, -89.563518 20.981873, -89.56376 20.981872, -89.563725 20.982105, -89.563631 20.98274, -89.563409 20.984244, -89.563244 20.985365, -89.563234 20.985429, -89.563225 20.985511, -89.563222 20.985532, -89.563068 20.986566, -89.562937 20.987461, -89.562807 20.988356, -89.562688 20.989166, -89.562676 20.989252, -89.562667 20.989306, -89.562626 20.98953, -89.562519 20.990273, -89.562432 20.990879, -89.562391 20.991167, -89.562382 20.991226, -89.562346 20.991478, -89.562314 20.991712, -89.562172 20.99272, -89.562165 20.992776, -89.562047 20.993614, -89.562042 20.993648, -89.56204 20.993667, -89.562033 20.993716, -89.561874 20.994794, -89.561866 20.994855, -89.561863 20.994871, -89.561718 20.99586, -89.561585 20.99676, -89.561575 20.996828, -89.561573 20.996841, -89.561561 20.996919, -89.561444 20.997729, -89.561326 20.998505, -89.561281 20.998806, -89.560154 20.998845, -89.560015 20.998842, -89.558909 20.998872, -89.558819 20.998872, -89.557237 20.998864, -89.555977 20.998864, -89.554788 20.998899, -89.554787 20.998182, -89.553675 20.998199, -89.55211 20.998206, -89.550915 20.998202)))"
2080,"MULTIPOLYGON (((-89.655553 20.961291, -89.656323 20.961193, -89.656373 20.961188, -89.657253 20.961087, -89.657291 20.961083, -89.658111 20.96098, -89.658592 20.96092, -89.658634 20.960913, -89.658947 20.960855, -89.659012 20.960847, -89.659736 20.960753, -89.660703 20.960623, -89.661267 20.960548, -89.661796 20.960474, -89.661956 20.960455, -89.663473 20.960174, -89.663504 20.960168, -89.663497 20.959793, -89.663496 20.959744, -89.663495 20.959686, -89.663495 20.959672, -89.663491 20.959412, -89.663487 20.959142, -89.663484 20.959094, -89.663526 20.959091, -89.664631 20.959, -89.664625 20.958698, -89.665675 20.958508, -89.666711 20.958335, -89.666745 20.959132, -89.666764 20.959128, -89.667792 20.958988, -89.667814 20.958986, -89.669599 20.958756, -89.669638 20.958751, -89.670646 20.958624, -89.670507 20.959381, -89.671462 20.959212, -89.671587 20.959186, -89.671402 20.960094, -89.6714 20.960105, -89.671135 20.960151, -89.67091 20.960191, -89.670341 20.960291, -89.669378 20.960457, -89.669281 20.960473, -89.669147 20.960495, -89.667829 20.960709, -89.667142 20.960825, -89.6668 20.960874, -89.666769 20.960879, -89.665721 20.96105, -89.664679 20.961211, -89.663687 20.961365, -89.663507 20.961393, -89.663355 20.961418, -89.662703 20.961526, -89.662015 20.96165, -89.66198 20.961656, -89.661416 20.961756, -89.661083 20.961816, -89.660134 20.961982, -89.659348 20.962126, -89.65934 20.962127, -89.659285 20.962138, -89.659262 20.962141, -89.659236 20.962147, -89.659135 20.962165, -89.65845 20.962289, -89.658403 20.962297, -89.657609 20.962439, -89.657547 20.96245, -89.657514 20.962455, -89.657414 20.962472, -89.656683 20.962593, -89.656633 20.962602, -89.655858 20.962726, -89.655824 20.962732, -89.655818 20.9627, -89.655791 20.962565, -89.655722 20.962191, -89.655631 20.961707, -89.655586 20.961464, -89.655553 20.961291)))"
2201,"MULTIPOLYGON (((-89.645948 21.012662, -89.644997 21.012477, -89.643992 21.012275, -89.643951 21.012273, -89.643831 21.012269, -89.643531 21.012291, -89.643205 21.012317, -89.643099 21.012328, -89.643007 21.012337, -89.642668 21.01236, -89.642467 21.012373, -89.642187 21.012395, -89.642265 21.011801, -89.642291 21.011611, -89.642299 21.011555, -89.642344 21.011243, -89.642371 21.011054, -89.642398 21.010864, -89.642416 21.010825, -89.642635 21.01034, -89.643035 21.009455, -89.643213 21.009063, -89.643414 21.008618, -89.643446 21.008548, -89.642536 21.008078, -89.64251 21.008065, -89.641618 21.00761, -89.641575 21.007589, -89.640832 21.007199, -89.640615 21.007087, -89.640353 21.006951, -89.639861 21.006718, -89.639661 21.006611, -89.639512 21.006524, -89.639259 21.006387, -89.639409 21.00608, -89.639585 21.005718, -89.639766 21.005347, -89.63983 21.00522, -89.639959 21.00495, -89.640042 21.004781, -89.640266 21.004357, -89.640327 21.004241, -89.64051 21.003896, -89.640753 21.003437, -89.641225 21.003721, -89.641406 21.003813, -89.642156 21.004195, -89.642774 21.00451, -89.643136 21.004694, -89.643899 21.005083, -89.644065 21.005169, -89.644987 21.005668, -89.645863 21.006142, -89.645961 21.006195, -89.646698 21.006594, -89.64686 21.006678, -89.647486 21.007006, -89.647628 21.00708, -89.64811 21.00736, -89.648387 21.007559, -89.649052 21.008065, -89.648635 21.009001, -89.648413 21.009452, -89.648277 21.009727, -89.648169 21.009942, -89.648075 21.010127, -89.647978 21.010321, -89.647915 21.01046, -89.647716 21.010901, -89.647656 21.01103, -89.647345 21.011654, -89.647281 21.011789, -89.64704 21.012314, -89.646992 21.012413, -89.646946 21.012511, -89.64678 21.012879, -89.646109 21.012693, -89.645948 21.012662)))"
2216,"MULTIPOLYGON (((-89.640327 21.004241, -89.640266 21.004357, -89.640042 21.004781, -89.639959 21.00495, -89.63983 21.00522, -89.639766 21.005347, -89.639585 21.005718, -89.639409 21.00608, -89.639259 21.006387, -89.639512 21.006524, -89.639661 21.006611, -89.639861 21.006718, -89.640353 21.006951, -89.640615 21.007087, -89.640832 21.007199, -89.641575 21.007589, -89.641618 21.00761, -89.64251 21.008065, -89.642536 21.008078, -89.643446 21.008548, -89.643414 21.008618, -89.643213 21.009063, -89.643035 21.009455, -89.642635 21.01034, -89.642416 21.010825, -89.642398 21.010864, -89.642371 21.011054, -89.642344 21.011243, -89.642299 21.011555, -89.642291 21.011611, -89.642265 21.011801, -89.642187 21.012395, -89.641893 21.012409, -89.641675 21.012424, -89.641535 21.012438, -89.641451 21.012447, -89.640307 21.012564, -89.640229 21.012561, -89.639948 21.012533, -89.639492 21.012486, -89.639173 21.012456, -89.638197 21.012353, -89.637524 21.012284, -89.637248 21.012255, -89.636986 21.012229, -89.636246 21.012153, -89.636263 21.011951, -89.636291 21.011656, -89.636312 21.01143, -89.636324 21.011287, -89.636438 21.010255, -89.636456 21.010088, -89.636524 21.009364, -89.636537 21.009221, -89.636612 21.008428, -89.636372 21.008456, -89.636032 21.008455, -89.635537 21.008451, -89.634562 21.008419, -89.634562 21.008133, -89.634558 21.007899, -89.634557 21.00784, -89.634548 21.007368, -89.633177 21.007303, -89.633181 21.006855, -89.632046 21.007142, -89.631841 21.007187, -89.631901 21.006479, -89.631968 21.006135, -89.631968 21.00543, -89.631974 21.005313, -89.631982 21.00456, -89.631438 21.004474, -89.631681 21.003639, -89.631902 21.002958, -89.632753 21.003055, -89.6338 21.003173, -89.634303 21.003231, -89.634333 21.003234, -89.634903 21.003299, -89.636067 21.003419, -89.636142 21.003427, -89.636443 21.003458, -89.637014 21.003517, -89.637735 21.003591, -89.637652 21.003524, -89.638255 21.002857, -89.638964 21.00208, -89.63921 21.002297, -89.639406 21.002445, -89.640055 21.002931, -89.640753 21.003437, -89.64051 21.003896, -89.640327 21.004241)))"
2220,"MULTIPOLYGON (((-89.651938 21.000196, -89.652039 20.999949, -89.652017 20.999942, -89.65183 20.999851, -89.651825 20.99985, -89.651801 20.999841, -89.651726 20.999816, -89.651683 20.999801, -89.65123 20.999643, -89.651163 20.99962, -89.650904 20.999591, -89.650716 20.999568, -89.650647 20.999542, -89.650576 21.000113, -89.650193 21.000073, -89.649038 20.999936, -89.648493 20.999861, -89.64746 20.999724, -89.646544 20.999595, -89.646333 20.999565, -89.646415 20.999172, -89.646476 20.998824, -89.646462 20.998818, -89.646449 20.99881, -89.646437 20.998801, -89.646427 20.998792, -89.646417 20.998781, -89.646409 20.998769, -89.646346 20.998801, -89.646116 20.998918, -89.645853 20.99903, -89.645441 20.999206, -89.64537 20.999236, -89.645137 20.999335, -89.645019 20.999386, -89.644721 20.99951, -89.644663 20.999533, -89.644651 20.99954, -89.644568 20.99958, -89.644533 20.999596, -89.644537 20.999576, -89.644586 20.999301, -89.644607 20.999229, -89.644681 20.999233, -89.644886 20.998798, -89.644913 20.998734, -89.645056 20.998371, -89.645067 20.998343, -89.645217 20.997987, -89.645263 20.99788, -89.645322 20.997756, -89.64546 20.997443, -89.645667 20.99698, -89.645848 20.996526, -89.645856 20.996509, -89.646046 20.996057, -89.647308 20.996496, -89.648651 20.996936, -89.649934 20.997388, -89.650405 20.997558, -89.651768 20.998037, -89.651796 20.998047, -89.653392 20.998613, -89.653219 20.999077, -89.653051 20.99953, -89.653716 20.999744, -89.653625 20.999993, -89.653472 21.000411, -89.653463 21.000435, -89.653398 21.000411, -89.653236 21.000357, -89.653018 21.000283, -89.652992 21.000273, -89.652958 21.000261, -89.652824 21.000608, -89.652321 21.000551, -89.651977 21.000515, -89.651822 21.000499, -89.651938 21.000196)))"
2235,"MULTIPOLYGON (((-89.646046 20.996057, -89.646238 20.995602, -89.64625 20.995573, -89.646183 20.995568, -89.646387 20.995097, -89.646567 20.994681, -89.646774 20.994204, -89.646996 20.993688, -89.647203 20.993211, -89.647411 20.992737, -89.648575 20.993146, -89.648585 20.993151, -89.648592 20.993153, -89.648605 20.993157, -89.648615 20.993158, -89.648626 20.993158, -89.648636 20.993158, -89.648647 20.993156, -89.648657 20.993153, -89.648667 20.99315, -89.648692 20.993134, -89.648745 20.993152, -89.649946 20.993559, -89.650444 20.993727, -89.65053 20.993771, -89.651242 20.994026, -89.652481 20.994436, -89.653086 20.994641, -89.654711 20.995181, -89.654593 20.995495, -89.654392 20.996006, -89.654187 20.996528, -89.653985 20.997043, -89.653782 20.997575, -89.653593 20.998087, -89.653572 20.998141, -89.653392 20.998613, -89.651796 20.998047, -89.651768 20.998037, -89.650405 20.997558, -89.649934 20.997388, -89.648651 20.996936, -89.647308 20.996496, -89.646046 20.996057)))"
224A,"MULTIPOLYGON (((-89.657705 21.015601, -89.65794 21.015328, -89.658265 21.014937, -89.658283 21.014916, -89.658346 21.014841, -89.658556 21.014587, -89.65859 21.014546, -89.658838 21.014254, -89.659037 21.014019, -89.659351 21.013649, -89.659365 21.013632, -89.658562 21.012939, -89.658806 21.012691, -89.658862 21.012629, -89.658888 21.0126, -89.659151 21.012292, -89.658898 21.01208, -89.658842 21.011715, -89.658788 21.011239, -89.658792 21.01092, -89.659273 21.010396, -89.659315 21.010354, -89.659338 21.010314, -89.659635 21.009986, -89.659721 21.009897, -89.659925 21.009685, -89.659963 21.009641, -89.659166 21.009031, -89.659113 21.008922, -89.658927 21.008728, -89.658559 21.008438, -89.659205 21.007706, -89.659285 21.007767, -89.659576 21.008001, -89.659966 21.008317, -89.660042 21.008378, -89.660645 21.008858, -89.661458 21.009531, -89.661547 21.00957, -89.662134 21.009732, -89.663257 21.009495, -89.663513 21.008808, -89.663962 21.008744, -89.664436 21.008052, -89.664752 21.007679, -89.665259 21.006994, -89.665636 21.006285, -89.666036 21.006468, -89.666116 21.006505, -89.665908 21.006854, -89.665755 21.007127, -89.665488 21.007771, -89.665246 21.008353, -89.665233 21.008384, -89.665221 21.008417, -89.66505 21.008854, -89.664759 21.009598, -89.664629 21.00993, -89.664558 21.010112, -89.664538 21.01016, -89.664236 21.0109, -89.66421 21.010965, -89.664135 21.01115, -89.664094 21.011251, -89.664059 21.011336, -89.663446 21.012911, -89.66343 21.012952, -89.66342 21.012977, -89.663407 21.013014, -89.663052 21.013912, -89.662708 21.014784, -89.662693 21.014822, -89.662657 21.014913, -89.662394 21.01558, -89.66219 21.016096, -89.662167 21.016155, -89.661998 21.016584, -89.661958 21.016686, -89.661614 21.017555, -89.661274 21.018422, -89.661249 21.018485, -89.661136 21.018767, -89.661115 21.018817, -89.660962 21.018787, -89.660831 21.018761, -89.660772 21.018749, -89.660734 21.018741, -89.659488 21.018492, -89.659473 21.018486, -89.659424 21.018467, -89.659368 21.018427, -89.659311 21.018363, -89.65923 21.018142, -89.658824 21.016794, -89.658761 21.016613, -89.658691 21.016502, -89.658646 21.016447, -89.658635 21.016434, -89.658616 21.016417, -89.658551 21.016361, -89.658371 21.016198, -89.658171 21.016023, -89.657988 21.015861, -89.657755 21.015647, -89.657705 21.015601)))"
2254,"MULTIPOLYGON (((-89.655634 21.013815, -89.655366 21.013578, -89.655327 21.013541, -89.655265 21.013487, -89.654889 21.013151, -89.654543 21.012844, -89.654082 21.012441, -89.653628 21.012043, -89.653363 21.011811, -89.653308 21.011763, -89.653212 21.011678, -89.653101 21.011581, -89.653042 21.011528, -89.653022 21.011511, -89.653038 21.011491, -89.653099 21.011417, -89.653374 21.011083, -89.653541 21.010881, -89.653686 21.010705, -89.653806 21.01056, -89.653828 21.010532, -89.653851 21.010505, -89.653981 21.010348, -89.65412 21.010179, -89.654282 21.009982, -89.654418 21.009817, -89.654578 21.009623, -89.654718 21.009453, -89.654866 21.009273, -89.655021 21.009085, -89.655172 21.008902, -89.655296 21.008751, -89.65532 21.008722, -89.655346 21.008691, -89.655409 21.008615, -89.65544 21.008577, -89.655769 21.008176, -89.656061 21.00782, -89.656192 21.007659, -89.656225 21.007621, -89.656245 21.007597, -89.656258 21.007581, -89.656364 21.007464, -89.656677 21.007116, -89.656963 21.006797, -89.657003 21.006752, -89.657024 21.006728, -89.657051 21.006699, -89.657095 21.00665, -89.657301 21.006423, -89.657604 21.006089, -89.658031 21.005619, -89.658206 21.005426, -89.658433 21.005176, -89.658505 21.005096, -89.658529 21.00623, -89.65853 21.006261, -89.658543 21.006909, -89.658556 21.007211, -89.658837 21.007425, -89.659205 21.007706, -89.658559 21.008438, -89.658927 21.008728, -89.659113 21.008922, -89.659166 21.009031, -89.659963 21.009641, -89.659925 21.009685, -89.659721 21.009897, -89.659635 21.009986, -89.659338 21.010314, -89.659315 21.010354, -89.659273 21.010396, -89.658792 21.01092, -89.658788 21.011239, -89.658842 21.011715, -89.658898 21.01208, -89.659151 21.012292, -89.658888 21.0126, -89.658862 21.012629, -89.658806 21.012691, -89.658562 21.012939, -89.659365 21.013632, -89.659351 21.013649, -89.659037 21.014019, -89.658838 21.014254, -89.65859 21.014546, -89.658556 21.014587, -89.658346 21.014841, -89.658283 21.014916, -89.658265 21.014937, -89.65794 21.015328, -89.657705 21.015601, -89.657655 21.015559, -89.657217 21.015172, -89.657 21.014981, -89.656921 21.014912, -89.656834 21.014837, -89.656829 21.014834, -89.656822 21.014828, -89.656788 21.014798, -89.656417 21.014482, -89.656129 21.014237, -89.655634 21.013815)))"
2269,"MULTIPOLYGON (((-89.651467 21.005339, -89.65148 21.005355, -89.651745 21.005684, -89.652328 21.005746, -89.652367 21.00575, -89.653287 21.005848, -89.654654 21.006002, -89.654829 21.006114, -89.654813 21.006133, -89.655627 21.006839, -89.656341 21.007445, -89.656364 21.007464, -89.656258 21.007581, -89.656245 21.007597, -89.656225 21.007621, -89.656192 21.007659, -89.656061 21.00782, -89.655769 21.008176, -89.65544 21.008577, -89.655409 21.008615, -89.655346 21.008691, -89.65532 21.008722, -89.655296 21.008751, -89.655172 21.008902, -89.655021 21.009085, -89.654866 21.009273, -89.654718 21.009453, -89.654578 21.009623, -89.654418 21.009817, -89.654282 21.009982, -89.65412 21.010179, -89.653981 21.010348, -89.653851 21.010505, -89.653828 21.010532, -89.653806 21.01056, -89.653686 21.010705, -89.653541 21.010881, -89.653374 21.011083, -89.653099 21.011417, -89.653038 21.011491, -89.653022 21.011511, -89.652998 21.01149, -89.652957 21.011454, -89.652109 21.010705, -89.652058 21.010665, -89.651318 21.010027, -89.651308 21.010018, -89.651269 21.009985, -89.651215 21.009939, -89.65106 21.009804, -89.65058 21.009391, -89.650527 21.009344, -89.650409 21.009233, -89.650406 21.009231, -89.650069 21.008932, -89.649828 21.008722, -89.649682 21.008594, -89.64947 21.008415, -89.649304 21.008277, -89.649972 21.007567, -89.650602 21.006928, -89.65026 21.006887, -89.650124 21.006873, -89.650057 21.006842, -89.649955 21.006736, -89.649815 21.006559, -89.650345 21.006163, -89.650383 21.006135, -89.650894 21.005756, -89.651467 21.005339)))"
2273,"MULTIPOLYGON (((-89.65148 21.005355, -89.652601 21.00457, -89.652568 21.004534, -89.653128 21.004147, -89.653646 21.00376, -89.654221 21.00337, -89.654475 21.003188, -89.654503 21.003168, -89.655095 21.002739, -89.655129 21.002714, -89.655635 21.002347, -89.655699 21.002301, -89.656764 21.00153, -89.6568 21.001504, -89.657325 21.001124, -89.657662 21.00088, -89.658634 21.000188, -89.659357 21.001066, -89.65948 21.001215, -89.659343 21.00132, -89.658449 21.001227, -89.658447 21.001606, -89.658447 21.001679, -89.658449 21.001743, -89.658462 21.002163, -89.658468 21.002628, -89.658472 21.002876, -89.658474 21.002997, -89.658476 21.003092, -89.658474 21.003382, -89.658474 21.003391, -89.658475 21.003601, -89.658475 21.004086, -89.658474 21.004125, -89.658476 21.004294, -89.658476 21.004331, -89.658478 21.004491, -89.658474 21.004596, -89.658492 21.004882, -89.658501 21.005025, -89.658505 21.005096, -89.658433 21.005176, -89.658206 21.005426, -89.658031 21.005619, -89.657604 21.006089, -89.657301 21.006423, -89.657095 21.00665, -89.657051 21.006699, -89.657024 21.006728, -89.657003 21.006752, -89.656963 21.006797, -89.656677 21.007116, -89.656364 21.007464, -89.656341 21.007445, -89.655627 21.006839, -89.654813 21.006133, -89.654829 21.006114, -89.654654 21.006002, -89.653287 21.005848, -89.652367 21.00575, -89.652328 21.005746, -89.651745 21.005684, -89.65148 21.005355)))"
2288,"MULTIPOLYGON (((-89.648871 21.026982, -89.648679 21.027463, -89.648098 21.02725, -89.647519 21.027037, -89.647715 21.026565, -89.646656 21.026179, -89.646074 21.025967, -89.645597 21.025793, -89.644538 21.025407, -89.644718 21.024987, -89.644894 21.024574, -89.645089 21.024118, -89.645236 21.023776, -89.645251 21.023721, -89.645263 21.023677, -89.645333 21.023078, -89.645387 21.022621, -89.64546 21.02205, -89.645531 21.022064, -89.645565 21.02207, -89.646549 21.022267, -89.647352 21.022428, -89.647377 21.022432, -89.647537 21.022478, -89.647557 21.022485, -89.647635 21.022513, -89.648606 21.022869, -89.649109 21.023054, -89.649164 21.023073, -89.649214 21.023092, -89.649471 21.023185, -89.649655 21.023253, -89.64966 21.023245, -89.649666 21.023236, -89.649673 21.023227, -89.649681 21.023219, -89.64969 21.023212, -89.6497 21.023206, -89.64971 21.023201, -89.649721 21.023197, -89.649732 21.023194, -89.649743 21.023192, -89.649755 21.023191, -89.649767 21.023192, -89.649807 21.023202, -89.64983 21.023217, -89.649846 21.023233, -89.649852 21.023242, -89.649857 21.023251, -89.649862 21.023262, -89.649865 21.023272, -89.649867 21.023283, -89.649868 21.023294, -89.649867 21.023305, -89.649865 21.023319, -89.650043 21.023384, -89.650307 21.023481, -89.651585 21.023952, -89.651707 21.023997, -89.651739 21.024009, -89.65181 21.024036, -89.65308 21.024502, -89.653205 21.024548, -89.652985 21.025071, -89.652803 21.025503, -89.652632 21.025911, -89.652446 21.026352, -89.652266 21.026779, -89.652098 21.02719, -89.651916 21.027594, -89.651718 21.028047, -89.65154 21.028512, -89.651363 21.028955, -89.651196 21.029384, -89.651024 21.02982, -89.650846 21.030246, -89.650677 21.030668, -89.650497 21.031118, -89.650329 21.031519, -89.648835 21.030973, -89.648991 21.03059, -89.649181 21.030126, -89.64935 21.029702, -89.649527 21.02928, -89.649708 21.028837, -89.649882 21.028412, -89.650063 21.02797, -89.650257 21.027497, -89.648871 21.026982)))"
2292,"MULTIPOLYGON (((-89.646523 21.013948, -89.646595 21.013416, -89.64678 21.012879, -89.646946 21.012511, -89.646992 21.012413, -89.64704 21.012314, -89.647281 21.011789, -89.647345 21.011654, -89.647656 21.01103, -89.647716 21.010901, -89.647915 21.01046, -89.647978 21.010321, -89.648075 21.010127, -89.648169 21.009942, -89.648277 21.009727, -89.648413 21.009452, -89.648635 21.009001, -89.649052 21.008065, -89.649304 21.008277, -89.64947 21.008415, -89.649682 21.008594, -89.649828 21.008722, -89.650069 21.008932, -89.650406 21.009231, -89.650409 21.009233, -89.650527 21.009344, -89.65058 21.009391, -89.65106 21.009804, -89.651215 21.009939, -89.651269 21.009985, -89.651308 21.010018, -89.651318 21.010027, -89.652058 21.010665, -89.652049 21.010685, -89.651732 21.011407, -89.651709 21.011449, -89.6517 21.011466, -89.651304 21.012159, -89.650904 21.012928, -89.650689 21.01336, -89.650327 21.014067, -89.65037 21.014118, -89.650002 21.014893, -89.649647 21.015631, -89.649537 21.01552, -89.648961 21.014865, -89.648862 21.014762, -89.648655 21.015745, -89.648643 21.015799, -89.648425 21.016678, -89.648293 21.01712, -89.648197 21.017725, -89.648157 21.017977, -89.648094 21.018432, -89.648011 21.018855, -89.647967 21.019153, -89.64791 21.019605, -89.647897 21.019709, -89.647853 21.020057, -89.647796 21.020511, -89.647778 21.020656, -89.647739 21.020964, -89.647692 21.021417, -89.647683 21.021503, -89.647643 21.02184, -89.647634 21.021922, -89.647557 21.022485, -89.647537 21.022478, -89.647377 21.022432, -89.647352 21.022428, -89.646549 21.022267, -89.645565 21.02207, -89.645531 21.022064, -89.645649 21.021092, -89.645757 21.020227, -89.645877 21.019301, -89.645997 21.018419, -89.646102 21.017533, -89.646218 21.016654, -89.646253 21.01627, -89.646325 21.015733, -89.646451 21.014828, -89.646523 21.013948)))"
231A,"MULTIPOLYGON (((-89.64628 21.031525, -89.646269 21.031526, -89.646259 21.031527, -89.646248 21.03153, -89.646238 21.031534, -89.646229 21.031539, -89.64622 21.031544, -89.646212 21.031551, -89.646204 21.031558, -89.646198 21.031566, -89.646192 21.031574, -89.646065 21.031527, -89.645761 21.031414, -89.645727 21.031402, -89.645691 21.031389, -89.645597 21.031356, -89.644229 21.030871, -89.644211 21.030863, -89.644085 21.030806, -89.644016 21.030777, -89.644003 21.03077, -89.642635 21.030284, -89.642621 21.030279, -89.642605 21.030277, -89.642511 21.030266, -89.642717 21.02977, -89.642752 21.029706, -89.642776 21.029644, -89.643098 21.028872, -89.643272 21.028445, -89.643446 21.028019, -89.643457 21.027993, -89.643615 21.02759, -89.643635 21.027538, -89.64376 21.027234, -89.643795 21.027172, -89.64382 21.027129, -89.643968 21.02676, -89.644115 21.026393, -89.644144 21.02634, -89.644171 21.026288, -89.644346 21.025867, -89.644538 21.025407, -89.645597 21.025793, -89.646074 21.025967, -89.646656 21.026179, -89.647715 21.026565, -89.647519 21.027037, -89.648098 21.02725, -89.648679 21.027463, -89.648871 21.026982, -89.650257 21.027497, -89.650063 21.02797, -89.649882 21.028412, -89.649708 21.028837, -89.649527 21.02928, -89.64935 21.029702, -89.649181 21.030126, -89.648991 21.03059, -89.648835 21.030973, -89.650329 21.031519, -89.650145 21.031933, -89.649967 21.03236, -89.649745 21.032895, -89.649687 21.03287, -89.649677 21.032866, -89.648371 21.032388, -89.648272 21.032351, -89.648162 21.032312, -89.646959 21.031866, -89.646848 21.031825, -89.6468 21.031806, -89.646504 21.031696, -89.64638 21.031649, -89.646384 21.03163, -89.646384 21.03162, -89.646383 21.031609, -89.646382 21.0316, -89.646379 21.03159, -89.646375 21.03158, -89.64637 21.031572, -89.646364 21.031563, -89.646357 21.031556, -89.646349 21.031549, -89.64634 21.031542, -89.646331 21.031537, -89.646322 21.031533, -89.646312 21.031529, -89.646301 21.031527, -89.646291 21.031525, -89.64628 21.031525)))"
2324,"MULTIPOLYGON (((-89.625977 21.040229, -89.625823 21.040281, -89.624905 21.040271, -89.624713 21.04026, -89.6247 21.04019, -89.624675 21.040051, -89.624613 21.039677, -89.624607 21.03964, -89.624599 21.039587, -89.624588 21.039523, -89.624549 21.039285, -89.624494 21.038951, -89.624488 21.038913, -89.624445 21.038647, -89.624442 21.038631, -89.624427 21.038536, -89.624426 21.038531, -89.624365 21.038155, -89.62432 21.037878, -89.6243 21.037755, -89.624279 21.037623, -89.624271 21.03757, -89.624244 21.037388, -89.625118 21.037259, -89.625213 21.037245, -89.626061 21.037117, -89.626912 21.036989, -89.627932 21.036826, -89.627985 21.036817, -89.628053 21.037224, -89.628114 21.037617, -89.628127 21.037699, -89.628137 21.037764, -89.62815 21.037847, -89.628175 21.037995, -89.628188 21.038075, -89.628203 21.038157, -89.628237 21.038373, -89.628293 21.038708, -89.628358 21.039104, -89.628418 21.039472, -89.628448 21.039652, -89.628482 21.039859, -89.62854 21.040251, -89.628603 21.040596, -89.628622 21.040632, -89.628626 21.040642, -89.628709 21.040808, -89.628776 21.040941, -89.628637 21.040999, -89.628467 21.041072, -89.628048 21.04125, -89.627929 21.041302, -89.62777 21.041369, -89.626717 21.041832, -89.626679 21.04185, -89.626454 21.041353, -89.626367 21.04117, -89.626313 21.041056, -89.626289 21.040996, -89.626137 21.040628, -89.625981 21.040249, -89.625977 21.040229)))"
2339,"MULTIPOLYGON (((-89.627238 21.032447, -89.627245 21.032472, -89.62725 21.032488, -89.627257 21.032504, -89.627264 21.032519, -89.627272 21.032534, -89.627281 21.032549, -89.627291 21.032563, -89.627269 21.032595, -89.627316 21.03283, -89.627385 21.03324, -89.627444 21.033626, -89.627506 21.033983, -89.62758 21.034413, -89.627642 21.034814, -89.627708 21.035163, -89.627716 21.035214, -89.627785 21.035612, -89.627972 21.03671, -89.627985 21.036817, -89.627932 21.036826, -89.626912 21.036989, -89.626061 21.037117, -89.625213 21.037245, -89.625118 21.037259, -89.624244 21.037388, -89.624232 21.037325, -89.624222 21.037264, -89.624035 21.036184, -89.624034 21.036175, -89.623981 21.035881, -89.623962 21.035809, -89.623924 21.035655, -89.623902 21.035541, -89.623881 21.035414, -89.62383 21.035096, -89.623815 21.034997, -89.623796 21.034895, -89.623771 21.03475, -89.623745 21.034592, -89.623684 21.034207, -89.62363 21.033865, -89.623621 21.03381, -89.623613 21.033766, -89.623598 21.033685, -89.623557 21.03346, -89.623542 21.033389, -89.623519 21.033284, -89.623488 21.033139, -89.623464 21.033025, -89.62437 21.032886, -89.625085 21.032777, -89.625318 21.032738, -89.625632 21.032693, -89.625713 21.032681, -89.626189 21.032611, -89.626907 21.032504, -89.627027 21.032486, -89.627161 21.032461, -89.627238 21.032447)))"
2343,"MULTIPOLYGON (((-89.622301 21.02632, -89.622281 21.026198, -89.622217 21.025813, -89.622128 21.025268, -89.621964 21.024276, -89.621796 21.023261, -89.62203 21.023196, -89.622061 21.023235, -89.622381 21.023621, -89.622784 21.024108, -89.623175 21.024581, -89.623225 21.024641, -89.623659 21.025164, -89.623847 21.02539, -89.624363 21.026016, -89.624458 21.02613, -89.624446 21.02614, -89.624434 21.026152, -89.624423 21.026165, -89.624413 21.026179, -89.624406 21.026193, -89.6244 21.026209, -89.624395 21.026225, -89.624393 21.026241, -89.624392 21.026258, -89.624394 21.026274, -89.624397 21.02629, -89.624401 21.026306, -89.624408 21.026321, -89.624416 21.026336, -89.624426 21.026349, -89.624437 21.026362, -89.62445 21.026373, -89.624464 21.026384, -89.624471 21.026388, -89.624486 21.026396, -89.624502 21.026403, -89.624519 21.026407, -89.624536 21.026411, -89.624554 21.026412, -89.624571 21.026412, -89.624589 21.02641, -89.624606 21.026406, -89.624622 21.026401, -89.624638 21.026394, -89.624653 21.026385, -89.624955 21.026801, -89.625074 21.026967, -89.625133 21.027055, -89.625367 21.027469, -89.625608 21.027947, -89.625931 21.028495, -89.626151 21.02887, -89.626155 21.028876, -89.6262 21.028952, -89.626345 21.029199, -89.626784 21.029944, -89.626838 21.030101, -89.627033 21.030673, -89.627063 21.03098, -89.627248 21.032302, -89.627244 21.032311, -89.62724 21.032321, -89.627237 21.032331, -89.627235 21.032342, -89.627233 21.032352, -89.627232 21.032362, -89.627231 21.032373, -89.627231 21.032383, -89.627231 21.032391, -89.627232 21.032407, -89.627234 21.032423, -89.627238 21.032447, -89.627161 21.032461, -89.627027 21.032486, -89.626907 21.032504, -89.626189 21.032611, -89.625713 21.032681, -89.625632 21.032693, -89.625318 21.032738, -89.625085 21.032777, -89.62437 21.032886, -89.623464 21.033025, -89.623418 21.032794, -89.623251 21.031794, -89.623129 21.031054, -89.623081 21.030789, -89.623018 21.030472, -89.622908 21.029809, -89.622761 21.028913, -89.622742 21.028789, -89.622677 21.028406, -89.622555 21.027784, -89.622474 21.02737, -89.622398 21.02691, -89.622301 21.02632)))"
2358,"MULTIPOLYGON (((-89.610769 21.002329, -89.610767 21.002342, -89.610763 21.002354, -89.610757 21.002365, -89.610751 21.002377, -89.610743 21.002387, -89.610734 21.002396, -89.610724 21.002405, -89.610714 21.002413, -89.610702 21.002419, -89.61069 21.002424, -89.610677 21.002429, -89.610664 21.002431, -89.610651 21.002433, -89.610637 21.002433, -89.610624 21.002432, -89.610611 21.00243, -89.610598 21.002426, -89.610585 21.002421, -89.610574 21.002415, -89.610563 21.002407, -89.610552 21.002399, -89.610543 21.00239, -89.610535 21.00238, -89.610528 21.002369, -89.610523 21.002358, -89.610518 21.002346, -89.610515 21.002333, -89.610514 21.002321, -89.610514 21.002302, -89.610516 21.002289, -89.610519 21.002277, -89.610524 21.002265, -89.610529 21.002254, -89.610537 21.002243, -89.610545 21.002233, -89.610554 21.002224, -89.610565 21.002216, -89.610576 21.002209, -89.610588 21.002203, -89.6106 21.002198, -89.610613 21.002195, -89.610626 21.002192, -89.61064 21.002192, -89.610653 21.002192, -89.610667 21.002194, -89.610697 21.00204, -89.610723 21.001895, -89.610807 21.001496, -89.61082 21.001427, -89.610836 21.00136, -89.610841 21.001337, -89.610964 21.000687, -89.610974 21.000638, -89.610996 21.000535, -89.610998 21.00052, -89.611124 20.99985, -89.611139 20.999774, -89.611155 20.999694, -89.611157 20.999681, -89.611287 20.999013, -89.611303 20.998936, -89.611316 20.998867, -89.611323 20.998834, -89.611457 20.998152, -89.611491 20.997978, -89.611637 20.998002, -89.612042 20.998067, -89.612422 20.998128, -89.613194 20.998253, -89.613287 20.998268, -89.613394 20.998286, -89.613835 20.998359, -89.61409 20.998399, -89.614215 20.998418, -89.614297 20.998431, -89.614915 20.998539, -89.615039 20.998561, -89.615116 20.998573, -89.61518 20.998583, -89.615526 20.998639, -89.615715 20.998669, -89.61572 20.998648, -89.615726 20.998627, -89.615736 20.998607, -89.615747 20.998588, -89.61576 20.99857, -89.615776 20.998553, -89.615793 20.998538, -89.615811 20.998525, -89.615831 20.998514, -89.615852 20.998505, -89.615874 20.998498, -89.615897 20.998493, -89.61592 20.99849, -89.615943 20.99849, -89.615971 20.998493, -89.615989 20.998496, -89.616012 20.998502, -89.616033 20.998511, -89.616053 20.998522, -89.616072 20.998534, -89.61609 20.998549, -89.616106 20.998564, -89.61612 20.998582, -89.616132 20.998601, -89.616141 20.998621, -89.616149 20.998641, -89.616154 20.998662, -89.616157 20.998684, -89.616157 20.998706, -89.616155 20.998728, -89.616151 20.998749, -89.616144 20.99877, -89.616135 20.99879, -89.616124 20.998809, -89.61611 20.998827, -89.616095 20.998844, -89.616078 20.998859, -89.616059 20.998872, -89.616039 20.998883, -89.616018 20.998892, -89.615996 20.998899, -89.615974 20.998904, -89.61595 20.998907, -89.615927 20.998907, -89.615907 20.998905, -89.615865 20.999114, -89.615767 20.999602, -89.615738 20.99975, -89.615604 21.000431, -89.615444 21.001248, -89.615435 21.001292, -89.615335 21.001804, -89.615266 21.002152, -89.615256 21.002208, -89.6152 21.002495, -89.61511 21.002953, -89.615087 21.00306, -89.614952 21.003036, -89.614384 21.002942, -89.614379 21.002941, -89.614243 21.002915, -89.614151 21.0029, -89.613464 21.00279, -89.613376 21.002776, -89.613346 21.002771, -89.613278 21.00276, -89.612584 21.00264, -89.612502 21.002626, -89.612452 21.002617, -89.612378 21.002604, -89.611693 21.002484, -89.611594 21.002467, -89.61156 21.002461, -89.611508 21.002452, -89.610953 21.00236, -89.610769 21.002329)))"
2362,"MULTIPOLYGON (((-89.609706 21.002168, -89.609628 21.002155, -89.608905 21.002035, -89.608824 21.002021, -89.608762 21.002011, -89.608021 21.001888, -89.607932 21.001873, -89.607877 21.001864, -89.607126 21.00174, -89.607046 21.001726, -89.606987 21.001716, -89.606227 21.00159, -89.606166 21.00158, -89.606326 21.000685, -89.606483 20.999857, -89.606572 20.999407, -89.606648 20.999021, -89.606822 20.998113, -89.60699 20.997226, -89.606992 20.997216, -89.607663 20.997327, -89.607785 20.997347, -89.607891 20.997365, -89.607961 20.997376, -89.608758 20.997514, -89.609664 20.997666, -89.609923 20.997704, -89.610013 20.997718, -89.610103 20.997734, -89.610402 20.997783, -89.610477 20.997797, -89.610555 20.997811, -89.610632 20.997824, -89.611359 20.997953, -89.611491 20.997978, -89.611457 20.998152, -89.611323 20.998834, -89.611316 20.998867, -89.611303 20.998936, -89.611287 20.999013, -89.611157 20.999681, -89.611155 20.999694, -89.611139 20.999774, -89.611124 20.99985, -89.610998 21.00052, -89.610996 21.000535, -89.610974 21.000638, -89.610964 21.000687, -89.610841 21.001337, -89.610836 21.00136, -89.61082 21.001427, -89.610807 21.001496, -89.610723 21.001895, -89.610697 21.00204, -89.610667 21.002194, -89.610653 21.002192, -89.61064 21.002192, -89.610626 21.002192, -89.610613 21.002195, -89.6106 21.002198, -89.610588 21.002203, -89.610576 21.002209, -89.610565 21.002216, -89.610554 21.002224, -89.610545 21.002233, -89.610537 21.002243, -89.610529 21.002254, -89.610524 21.002265, -89.610519 21.002277, -89.610516 21.002289, -89.610514 21.002302, -89.610431 21.002289, -89.609857 21.002193, -89.609706 21.002168)))"
2377,"MULTIPOLYGON (((-89.61182 21.006698, -89.611795 21.006797, -89.611191 21.00671, -89.610833 21.006656, -89.610788 21.006643, -89.609847 21.006508, -89.609859 21.006447, -89.609997 21.005766, -89.610004 21.005729, -89.610022 21.005634, -89.610031 21.005573, -89.610152 21.004936, -89.610152 21.004931, -89.610165 21.004857, -89.610177 21.004799, -89.610305 21.004114, -89.610315 21.004062, -89.610326 21.004004, -89.610341 21.003924, -89.610465 21.003263, -89.610474 21.003218, -89.610484 21.003171, -89.6105 21.003084, -89.610605 21.002529, -89.610624 21.002432, -89.610637 21.002433, -89.610651 21.002433, -89.610664 21.002431, -89.610677 21.002429, -89.61069 21.002424, -89.610702 21.002419, -89.610714 21.002413, -89.610724 21.002405, -89.610734 21.002396, -89.610743 21.002387, -89.610751 21.002377, -89.610757 21.002365, -89.610763 21.002354, -89.610767 21.002342, -89.610769 21.002329, -89.610953 21.00236, -89.611508 21.002452, -89.61156 21.002461, -89.611594 21.002467, -89.611693 21.002484, -89.612378 21.002604, -89.612452 21.002617, -89.612502 21.002626, -89.612584 21.00264, -89.613278 21.00276, -89.613346 21.002771, -89.613376 21.002776, -89.613464 21.00279, -89.614151 21.0029, -89.614243 21.002915, -89.614379 21.002941, -89.614384 21.002942, -89.614952 21.003036, -89.615087 21.00306, -89.615061 21.003213, -89.614945 21.003849, -89.614931 21.003926, -89.614917 21.004003, -89.614829 21.004465, -89.614786 21.004704, -89.614777 21.004748, -89.614758 21.004837, -89.614752 21.004865, -89.614612 21.005612, -89.614466 21.006381, -89.614459 21.006421, -89.614452 21.006474, -89.614449 21.006488, -89.614448 21.006499, -89.614377 21.006861, -89.614368 21.006912, -89.614361 21.006911, -89.613468 21.006787, -89.612935 21.006763, -89.61263 21.006761, -89.612579 21.006748, -89.612534 21.006736, -89.61182 21.006698)))"
2381,"MULTIPOLYGON (((-89.606166 21.00158, -89.606227 21.00159, -89.606987 21.001716, -89.607046 21.001726, -89.607126 21.00174, -89.607877 21.001864, -89.607932 21.001873, -89.608021 21.001888, -89.608762 21.002011, -89.608824 21.002021, -89.608905 21.002035, -89.609628 21.002155, -89.609706 21.002168, -89.609857 21.002193, -89.610431 21.002289, -89.610514 21.002302, -89.610514 21.002321, -89.610515 21.002333, -89.610518 21.002346, -89.610523 21.002358, -89.610528 21.002369, -89.610535 21.00238, -89.610543 21.00239, -89.610552 21.002399, -89.610563 21.002407, -89.610574 21.002415, -89.610585 21.002421, -89.610598 21.002426, -89.610611 21.00243, -89.610624 21.002432, -89.610605 21.002529, -89.6105 21.003084, -89.610484 21.003171, -89.610474 21.003218, -89.610465 21.003263, -89.610341 21.003924, -89.610326 21.004004, -89.610315 21.004062, -89.610305 21.004114, -89.610177 21.004799, -89.610165 21.004857, -89.610152 21.004931, -89.610152 21.004936, -89.610031 21.005573, -89.610022 21.005634, -89.610004 21.005729, -89.609997 21.005766, -89.609859 21.006447, -89.609847 21.006508, -89.608902 21.006364, -89.608002 21.006266, -89.607949 21.006257, -89.607171 21.006138, -89.607116 21.00613, -89.607068 21.006123, -89.606501 21.006031, -89.606091 21.005965, -89.606012 21.005952, -89.606076 21.00584, -89.606124 21.00574, -89.605308 21.005438, -89.605499 21.004997, -89.605625 21.00456, -89.605688 21.004082, -89.605719 21.003916, -89.605756 21.003709, -89.605794 21.003517, -89.605836 21.003237, -89.605998 21.00243, -89.606166 21.00158)))"
2396,"MULTIPOLYGON (((-89.615435 21.001292, -89.615444 21.001294, -89.616582 21.001501, -89.616606 21.001506, -89.617453 21.001645, -89.617639 21.000782, -89.618531 21.000943, -89.618733 21.000975, -89.618853 21.000993, -89.618975 21.001013, -89.619191 21.00105, -89.619344 21.001073, -89.619994 21.001188, -89.620017 21.001192, -89.620718 21.00133, -89.622124 21.001578, -89.622181 21.001588, -89.622218 21.001872, -89.622224 21.00192, -89.62223 21.001999, -89.622249 21.002222, -89.622282 21.002441, -89.622292 21.00251, -89.62231 21.002618, -89.622342 21.002861, -89.622373 21.003044, -89.622383 21.003109, -89.622482 21.003645, -89.622524 21.003892, -89.622538 21.003979, -89.622558 21.004095, -89.622581 21.004219, -89.622741 21.005095, -89.622775 21.00529, -89.622842 21.005712, -89.622878 21.005944, -89.622959 21.006469, -89.623037 21.006911, -89.623118 21.007368, -89.62316 21.00761, -89.623172 21.007676, -89.62321 21.007875, -89.623162 21.007883, -89.621204 21.008172, -89.62091 21.008216, -89.620183 21.008316, -89.619641 21.008096, -89.618864 21.008005, -89.617186 21.007737, -89.61431 21.007248, -89.614304 21.007247, -89.614368 21.006912, -89.614377 21.006861, -89.614448 21.006499, -89.614449 21.006488, -89.614452 21.006474, -89.614459 21.006421, -89.614466 21.006381, -89.614612 21.005612, -89.614752 21.004865, -89.614758 21.004837, -89.614777 21.004748, -89.614786 21.004704, -89.614829 21.004465, -89.614917 21.004003, -89.614931 21.003926, -89.614945 21.003849, -89.615061 21.003213, -89.615087 21.00306, -89.61511 21.002953, -89.6152 21.002495, -89.615256 21.002208, -89.615266 21.002152, -89.615335 21.001804, -89.615435 21.001292)))"
2409,"MULTIPOLYGON (((-89.615604 21.000431, -89.615738 20.99975, -89.615767 20.999602, -89.615865 20.999114, -89.615907 20.998905, -89.615927 20.998907, -89.61595 20.998907, -89.615974 20.998904, -89.615996 20.998899, -89.616018 20.998892, -89.616039 20.998883, -89.616059 20.998872, -89.616078 20.998859, -89.616095 20.998844, -89.61611 20.998827, -89.616124 20.998809, -89.616135 20.99879, -89.616144 20.99877, -89.616151 20.998749, -89.616155 20.998728, -89.616157 20.998706, -89.616157 20.998684, -89.616154 20.998662, -89.616149 20.998641, -89.616141 20.998621, -89.616132 20.998601, -89.61612 20.998582, -89.616106 20.998564, -89.61609 20.998549, -89.616072 20.998534, -89.616053 20.998522, -89.616033 20.998511, -89.616012 20.998502, -89.615989 20.998496, -89.615971 20.998493, -89.615999 20.998273, -89.616015 20.998149, -89.616202 20.996667, -89.616205 20.996643, -89.616335 20.995605, -89.616342 20.995555, -89.616457 20.994619, -89.616457 20.994595, -89.616494 20.993892, -89.616496 20.993847, -89.616527 20.993176, -89.61653 20.993117, -89.616533 20.993055, -89.616878 20.99332, -89.617208 20.993576, -89.617779 20.994025, -89.617809 20.994048, -89.618255 20.994398, -89.618267 20.994408, -89.618384 20.994491, -89.619116 20.995017, -89.619434 20.995246, -89.619955 20.99562, -89.620174 20.995775, -89.620403 20.995936, -89.620755 20.996185, -89.620828 20.996237, -89.62103 20.996221, -89.621028 20.99623, -89.621025 20.996247, -89.621024 20.996264, -89.621025 20.996298, -89.621029 20.996332, -89.621037 20.996365, -89.621049 20.996397, -89.621054 20.996406, -89.621063 20.996422, -89.621075 20.996437, -89.621088 20.996451, -89.621102 20.996464, -89.621118 20.996475, -89.621135 20.996484, -89.621153 20.996492, -89.621362 20.997278, -89.621418 20.997488, -89.621524 20.997864, -89.621537 20.997906, -89.621555 20.997963, -89.621661 20.99829, -89.621748 20.998745, -89.621872 20.999508, -89.621971 21.0001, -89.621982 21.000176, -89.621988 21.000205, -89.621992 21.000237, -89.622017 21.000421, -89.622045 21.000615, -89.62211 21.001084, -89.622178 21.001565, -89.622181 21.001588, -89.622124 21.001578, -89.620718 21.00133, -89.620017 21.001192, -89.619994 21.001188, -89.619344 21.001073, -89.619191 21.00105, -89.618975 21.001013, -89.618853 21.000993, -89.618733 21.000975, -89.618531 21.000943, -89.617639 21.000782, -89.617453 21.001645, -89.616606 21.001506, -89.616582 21.001501, -89.615444 21.001294, -89.615435 21.001292, -89.615444 21.001248, -89.615604 21.000431)))"
2413,"MULTIPOLYGON (((-89.623288 21.008352, -89.62321 21.007875, -89.623172 21.007676, -89.62316 21.00761, -89.623118 21.007368, -89.623037 21.006911, -89.622959 21.006469, -89.622969 21.00647, -89.622995 21.006472, -89.623803 21.006542, -89.623833 21.006545, -89.623928 21.006555, -89.624122 21.006576, -89.624363 21.006599, -89.625595 21.006737, -89.625593 21.006756, -89.626598 21.006857, -89.626743 21.005852, -89.626977 21.005879, -89.627968 21.005994, -89.629315 21.006149, -89.63063 21.006301, -89.630754 21.006316, -89.630839 21.006323, -89.631901 21.006479, -89.631841 21.007187, -89.632046 21.007142, -89.633181 21.006855, -89.633177 21.007303, -89.634548 21.007368, -89.634557 21.00784, -89.634558 21.007899, -89.634562 21.008133, -89.634562 21.008419, -89.635537 21.008451, -89.636032 21.008455, -89.636372 21.008456, -89.636612 21.008428, -89.636537 21.009221, -89.636524 21.009364, -89.636456 21.010088, -89.636438 21.010255, -89.636324 21.011287, -89.636312 21.01143, -89.636291 21.011656, -89.636263 21.011951, -89.636246 21.012153, -89.635457 21.012083, -89.63521 21.012061, -89.634964 21.01204, -89.634183 21.011976, -89.633548 21.011904, -89.63291 21.011842, -89.632074 21.011767, -89.63017 21.011588, -89.628157 21.011415, -89.627067 21.011322, -89.627003 21.011317, -89.62682 21.011301, -89.626043 21.011235, -89.6258 21.011214, -89.625066 21.011143, -89.624911 21.011129, -89.623757 21.01104, -89.623751 21.011039, -89.623744 21.011001, -89.623637 21.010366, -89.623572 21.010047, -89.623535 21.009828, -89.62343 21.009191, -89.623419 21.009135, -89.623412 21.009093, -89.623402 21.009029, -89.623288 21.008352)))"
2428,"MULTIPOLYGON (((-89.622842 21.005712, -89.622775 21.00529, -89.622741 21.005095, -89.622581 21.004219, -89.622558 21.004095, -89.622538 21.003979, -89.622524 21.003892, -89.622482 21.003645, -89.622383 21.003109, -89.622373 21.003044, -89.622342 21.002861, -89.62231 21.002618, -89.622292 21.00251, -89.622282 21.002441, -89.622249 21.002222, -89.62223 21.001999, -89.622224 21.00192, -89.622236 21.001921, -89.623397 21.002033, -89.623898 21.002081, -89.623997 21.002091, -89.624209 21.002115, -89.624727 21.002173, -89.625232 21.00223, -89.625692 21.002282, -89.626203 21.002339, -89.626698 21.002395, -89.626847 21.002412, -89.626997 21.002428, -89.627375 21.002471, -89.62787 21.002527, -89.62873 21.002618, -89.628817 21.002628, -89.629072 21.002656, -89.629723 21.002727, -89.6307 21.002834, -89.631207 21.00289, -89.631755 21.002951, -89.631865 21.002954, -89.631902 21.002958, -89.631681 21.003639, -89.631438 21.004474, -89.631982 21.00456, -89.631974 21.005313, -89.631968 21.00543, -89.631968 21.006135, -89.631901 21.006479, -89.630839 21.006323, -89.630754 21.006316, -89.63063 21.006301, -89.629315 21.006149, -89.627968 21.005994, -89.626977 21.005879, -89.626743 21.005852, -89.626598 21.006857, -89.625593 21.006756, -89.625595 21.006737, -89.624363 21.006599, -89.624122 21.006576, -89.623928 21.006555, -89.623833 21.006545, -89.623803 21.006542, -89.622995 21.006472, -89.622969 21.00647, -89.622959 21.006469, -89.622878 21.005944, -89.622842 21.005712)))"
2432,"MULTIPOLYGON (((-89.639946 20.998952, -89.64 20.998455, -89.640056 20.997959, -89.640113 20.997458, -89.640116 20.997433, -89.640176 20.996952, -89.640181 20.996915, -89.640263 20.996002, -89.640364 20.995069, -89.640394 20.995072, -89.640766 20.995106, -89.640865 20.995115, -89.640906 20.995119, -89.641254 20.995152, -89.641625 20.995184, -89.641711 20.995192, -89.641734 20.995194, -89.641986 20.995216, -89.642465 20.995259, -89.642498 20.995262, -89.642553 20.995266, -89.643074 20.995309, -89.6432 20.995319, -89.643309 20.99533, -89.643597 20.995351, -89.643755 20.995363, -89.644516 20.995421, -89.644531 20.995422, -89.644576 20.995426, -89.644702 20.995437, -89.644742 20.995441, -89.645677 20.995523, -89.646145 20.995564, -89.646183 20.995568, -89.64625 20.995573, -89.646238 20.995602, -89.646046 20.996057, -89.645856 20.996509, -89.645848 20.996526, -89.645667 20.99698, -89.64546 20.997443, -89.645322 20.997756, -89.645263 20.99788, -89.645217 20.997987, -89.645067 20.998343, -89.645056 20.998371, -89.644913 20.998734, -89.644886 20.998798, -89.644681 20.999233, -89.644607 20.999229, -89.644586 20.999301, -89.644537 20.999576, -89.644533 20.999596, -89.644335 20.999695, -89.643771 20.999976, -89.643048 21.000337, -89.642908 21.000409, -89.642497 21.000618, -89.642161 21.000793, -89.642061 21.000841, -89.642023 21.000862, -89.641757 21.001001, -89.641339 21.001214, -89.641158 21.001307, -89.64112 21.001327, -89.641057 21.001359, -89.641015 21.001381, -89.640955 21.001409, -89.640869 21.001448, -89.64084 21.001462, -89.640437 21.001685, -89.640321 21.001752, -89.640295 21.001765, -89.640059 21.00192, -89.639604 21.002286, -89.639639 21.001912, -89.639703 21.001411, -89.639705 21.001377, -89.63976 21.000872, -89.639812 21.000407, -89.639846 20.999925, -89.639898 20.999412, -89.639946 20.998952)))"
2447,"MULTIPOLYGON (((-89.638964 21.00208, -89.638552 21.001738, -89.638197 21.001445, -89.637814 21.001129, -89.637478 21.000855, -89.636766 21.000276, -89.63671 21.000229, -89.636109 20.999734, -89.6358 20.999488, -89.635767 20.999462, -89.635019 20.998865, -89.634338 20.998315, -89.633905 20.99796, -89.633879 20.997933, -89.633806 20.997853, -89.63377 20.997815, -89.633693 20.997731, -89.633418 20.9974, -89.633253 20.997201, -89.633288 20.997186, -89.633464 20.997116, -89.633713 20.996947, -89.634318 20.996422, -89.635173 20.995681, -89.635201 20.995657, -89.636155 20.994831, -89.636251 20.994747, -89.636267 20.994722, -89.636281 20.994701, -89.636437 20.994717, -89.637205 20.994788, -89.637324 20.994799, -89.637375 20.994804, -89.638163 20.994872, -89.638244 20.99488, -89.638324 20.994887, -89.639012 20.994945, -89.639126 20.994954, -89.639176 20.994958, -89.63921 20.994961, -89.639997 20.995034, -89.64029 20.995062, -89.640364 20.995069, -89.640263 20.996002, -89.640181 20.996915, -89.640176 20.996952, -89.640116 20.997433, -89.640113 20.997458, -89.640056 20.997959, -89.64 20.998455, -89.639946 20.998952, -89.639898 20.999412, -89.639846 20.999925, -89.639812 21.000407, -89.63976 21.000872, -89.639705 21.001377, -89.639703 21.001411, -89.639639 21.001912, -89.639604 21.002286, -89.639406 21.002445, -89.63921 21.002297, -89.638964 21.00208)))"
2451,"MULTIPOLYGON (((-89.627653 21.032407, -89.627654 21.032421, -89.627654 21.032435, -89.627653 21.032449, -89.627651 21.032463, -89.627649 21.032477, -89.627647 21.032488, -89.627646 21.032494, -89.627643 21.032504, -89.627641 21.032513, -89.627638 21.032522, -89.627634 21.032531, -89.62763 21.03254, -89.627625 21.032549, -89.62762 21.032557, -89.627614 21.032565, -89.627608 21.032573, -89.627602 21.03258, -89.627595 21.032588, -89.627588 21.032594, -89.62758 21.032601, -89.627572 21.032607, -89.627564 21.032612, -89.627555 21.032618, -89.627546 21.032623, -89.627537 21.032627, -89.627528 21.032631, -89.627518 21.032634, -89.627515 21.032635, -89.627509 21.032637, -89.627499 21.03264, -89.627489 21.032642, -89.627479 21.032643, -89.627468 21.032644, -89.627458 21.032645, -89.627448 21.032645, -89.627438 21.032644, -89.627427 21.032643, -89.627417 21.032642, -89.627407 21.03264, -89.627397 21.032637, -89.627388 21.032634, -89.627378 21.032631, -89.627369 21.032627, -89.62736 21.032622, -89.627351 21.032618, -89.627342 21.032612, -89.627334 21.032607, -89.627326 21.032601, -89.627318 21.032594, -89.627311 21.032587, -89.627305 21.032582, -89.627291 21.032563, -89.627281 21.032549, -89.627272 21.032534, -89.627264 21.032519, -89.627257 21.032504, -89.62725 21.032488, -89.627245 21.032472, -89.627238 21.032447, -89.627234 21.032423, -89.627232 21.032407, -89.627231 21.032391, -89.627231 21.032383, -89.627231 21.032373, -89.627232 21.032362, -89.627233 21.032352, -89.627235 21.032342, -89.627237 21.032331, -89.62724 21.032321, -89.627244 21.032311, -89.627248 21.032302, -89.627063 21.03098, -89.627033 21.030673, -89.627224 21.030641, -89.627291 21.03063, -89.627054 21.029489, -89.626862 21.02855, -89.626744 21.028038, -89.626664 21.027675, -89.626734 21.027681, -89.627507 21.027745, -89.62846 21.027824, -89.628515 21.027829, -89.628568 21.027831, -89.628909 21.02785, -89.629073 21.027859, -89.629296 21.027871, -89.629314 21.027872, -89.629333 21.027873, -89.629715 21.027902, -89.629743 21.027905, -89.630006 21.027937, -89.630024 21.02794, -89.630122 21.027967, -89.630305 21.028018, -89.630371 21.028037, -89.630384 21.028043, -89.630451 21.02807, -89.630447 21.028044, -89.630279 21.02687, -89.630274 21.026846, -89.630104 21.025921, -89.630096 21.025874, -89.630011 21.025281, -89.629967 21.025072, -89.629929 21.024912, -89.629908 21.024811, -89.630053 21.024429, -89.63027 21.023849, -89.63148 21.024718, -89.631641 21.025151, -89.632438 21.025195, -89.632634 21.025206, -89.633627 21.025262, -89.633851 21.026073, -89.634162 21.026076, -89.634846 21.026153, -89.635538 21.026281, -89.63623 21.026374, -89.63692 21.026461, -89.637613 21.026554, -89.637552 21.027194, -89.637543 21.027281, -89.637501 21.027738, -89.637455 21.028222, -89.637446 21.028327, -89.637352 21.029309, -89.637248 21.030398, -89.63727 21.030398, -89.637213 21.030983, -89.637164 21.031548, -89.63711 21.032147, -89.637059 21.032718, -89.63704 21.032941, -89.637038 21.032968, -89.636953 21.033897, -89.635485 21.033785, -89.635493 21.033401, -89.635506 21.032943, -89.635258 21.032932, -89.633591 21.032825, -89.632562 21.032753, -89.631533 21.032681, -89.631492 21.032677, -89.631455 21.032675, -89.630088 21.032579, -89.629545 21.032544, -89.629471 21.032539, -89.629396 21.032534, -89.627725 21.032412, -89.627653 21.032407)))"
2466,"MULTIPOLYGON (((-89.63623 21.026374, -89.635538 21.026281, -89.634846 21.026153, -89.634162 21.026076, -89.633851 21.026073, -89.633627 21.025262, -89.632634 21.025206, -89.632438 21.025195, -89.631641 21.025151, -89.63148 21.024718, -89.63027 21.023849, -89.630278 21.023827, -89.630498 21.023283, -89.630516 21.023235, -89.630583 21.02306, -89.630763 21.022618, -89.630972 21.022102, -89.631234 21.021457, -89.631255 21.021414, -89.631386 21.021135, -89.631477 21.020885, -89.631572 21.02033, -89.631587 21.020167, -89.631643 21.019327, -89.631672 21.019123, -89.632357 21.019169, -89.632688 21.019185, -89.633454 21.019232, -89.633483 21.019233, -89.634746 21.019344, -89.634978 21.019365, -89.635023 21.019396, -89.635801 21.019434, -89.635783 21.019967, -89.635763 21.020298, -89.636032 21.020299, -89.636684 21.020301, -89.636801 21.020712, -89.636868 21.020916, -89.636924 21.021125, -89.636957 21.02123, -89.637107 21.021718, -89.637245 21.022225, -89.637417 21.022756, -89.637445 21.022841, -89.637563 21.023233, -89.637574 21.02328, -89.637659 21.023565, -89.637669 21.023605, -89.637665 21.023647, -89.637658 21.023745, -89.637656 21.023811, -89.637759 21.02391, -89.637868 21.023946, -89.637792 21.024608, -89.637785 21.024656, -89.637753 21.024977, -89.637726 21.025251, -89.637707 21.025547, -89.637675 21.025894, -89.637613 21.026554, -89.63692 21.026461, -89.63623 21.026374)))"
2470,"MULTIPOLYGON (((-89.62514 21.01913, -89.625137 21.019106, -89.625141 21.019106, -89.625189 21.019111, -89.626562 21.019249, -89.627103 21.019302, -89.627855 21.019374, -89.629028 21.019461, -89.628975 21.019136, -89.628804 21.018142, -89.62878 21.017996, -89.628648 21.017091, -89.629597 21.01714, -89.630463 21.017203, -89.630635 21.017215, -89.630607 21.01829, -89.631758 21.018335, -89.631751 21.018429, -89.631672 21.019123, -89.631643 21.019327, -89.631587 21.020167, -89.631572 21.02033, -89.631477 21.020885, -89.631386 21.021135, -89.631255 21.021414, -89.631234 21.021457, -89.630972 21.022102, -89.630763 21.022618, -89.630583 21.02306, -89.630516 21.023235, -89.630498 21.023283, -89.630278 21.023827, -89.63027 21.023849, -89.630053 21.024429, -89.629908 21.024811, -89.629929 21.024912, -89.629967 21.025072, -89.630011 21.025281, -89.630096 21.025874, -89.630104 21.025921, -89.630274 21.026846, -89.630279 21.02687, -89.630447 21.028044, -89.630451 21.02807, -89.630384 21.028043, -89.630371 21.028037, -89.630305 21.028018, -89.630122 21.027967, -89.630024 21.02794, -89.630006 21.027937, -89.629743 21.027905, -89.629715 21.027902, -89.629333 21.027873, -89.629314 21.027872, -89.629296 21.027871, -89.629073 21.027859, -89.628909 21.02785, -89.628568 21.027831, -89.628515 21.027829, -89.62846 21.027824, -89.627507 21.027745, -89.626734 21.027681, -89.626664 21.027675, -89.626518 21.026928, -89.626311 21.02576, -89.626291 21.025643, -89.626163 21.02502, -89.626147 21.024911, -89.626093 21.024607, -89.626054 21.024383, -89.626001 21.024088, -89.625955 21.023838, -89.625766 21.02274, -89.625699 21.02236, -89.625682 21.022281, -89.625648 21.022065, -89.625404 21.02067, -89.625336 21.020258, -89.625297 21.020023, -89.625233 21.019691, -89.62514 21.01913)))"
2485,"MULTIPOLYGON (((-89.625999 20.997667, -89.625835 20.99734, -89.625745 20.997199, -89.625845 20.997201, -89.626933 20.997213, -89.626972 20.997214, -89.62699 20.997192, -89.627556 20.996549, -89.627519 20.996518, -89.628104 20.995824, -89.628709 20.995093, -89.629295 20.994372, -89.629314 20.994386, -89.6302 20.995021, -89.630536 20.995262, -89.631035 20.99562, -89.631379 20.995867, -89.631891 20.996234, -89.632124 20.996401, -89.632609 20.99675, -89.632955 20.997011, -89.633018 20.997051, -89.633125 20.997119, -89.633253 20.997201, -89.633418 20.9974, -89.633329 20.997642, -89.633101 20.998256, -89.633011 20.998507, -89.632615 20.998364, -89.6317 20.998035, -89.631518 20.998468, -89.631383 20.998784, -89.631329 20.99891, -89.63119 20.999227, -89.631027 20.999599, -89.630818 21.000089, -89.630704 21.000299, -89.630456 21.000651, -89.630438 21.000694, -89.629881 21.000313, -89.629334 20.999924, -89.628753 20.999524, -89.628235 20.999169, -89.628211 20.999152, -89.62764 20.998769, -89.62709 20.9984, -89.625999 20.997667)))"
249A,"MULTIPOLYGON (((-89.621153 20.996492, -89.621171 20.996498, -89.621191 20.996502, -89.62121 20.996504, -89.62123 20.996504, -89.62125 20.996503, -89.621269 20.996499, -89.621288 20.996494, -89.621306 20.996486, -89.621323 20.996477, -89.621339 20.996466, -89.621354 20.996454, -89.621364 20.996444, -89.621397 20.996463, -89.622118 20.996874, -89.622322 20.996996, -89.622389 20.997013, -89.62255 20.997054, -89.622631 20.997075, -89.622997 20.997136, -89.623288 20.997164, -89.623438 20.997167, -89.62429 20.997185, -89.624577 20.997188, -89.625575 20.997197, -89.625745 20.997199, -89.625835 20.99734, -89.625999 20.997667, -89.62709 20.9984, -89.62764 20.998769, -89.628211 20.999152, -89.628235 20.999169, -89.628753 20.999524, -89.629334 20.999924, -89.629881 21.000313, -89.630438 21.000694, -89.630419 21.000739, -89.629851 21.001442, -89.629821 21.001478, -89.629771 21.001541, -89.629239 21.00182, -89.628547 21.002178, -89.628526 21.002188, -89.628817 21.002628, -89.62873 21.002618, -89.62787 21.002527, -89.627375 21.002471, -89.626997 21.002428, -89.626847 21.002412, -89.626698 21.002395, -89.626203 21.002339, -89.625692 21.002282, -89.625232 21.00223, -89.624727 21.002173, -89.624209 21.002115, -89.623997 21.002091, -89.623898 21.002081, -89.623397 21.002033, -89.622236 21.001921, -89.622224 21.00192, -89.622218 21.001872, -89.622181 21.001588, -89.622178 21.001565, -89.62211 21.001084, -89.622045 21.000615, -89.622017 21.000421, -89.621992 21.000237, -89.621988 21.000205, -89.621982 21.000176, -89.621971 21.0001, -89.621872 20.999508, -89.621748 20.998745, -89.621661 20.99829, -89.621555 20.997963, -89.621537 20.997906, -89.621524 20.997864, -89.621418 20.997488, -89.621362 20.997278, -89.621153 20.996492)))"
2502,"MULTIPOLYGON (((-89.603169 21.021773, -89.603195 21.02178, -89.603363 21.021207, -89.603421 21.021008, -89.603454 21.020893, -89.603507 21.020697, -89.603647 21.020179, -89.60369 21.020022, -89.603799 21.019618, -89.603905 21.019227, -89.603936 21.019112, -89.604061 21.018648, -89.603224 21.018438, -89.60239 21.018229, -89.602358 21.018221, -89.601499 21.018006, -89.600648 21.017792, -89.600877 21.016884, -89.600863 21.016868, -89.600851 21.016851, -89.600839 21.016833, -89.600828 21.016815, -89.600818 21.016796, -89.600809 21.016777, -89.600801 21.016757, -89.600795 21.016737, -89.600789 21.016717, -89.600785 21.016697, -89.600781 21.016676, -89.600779 21.016655, -89.600778 21.016634, -89.600779 21.016608, -89.600989 21.015998, -89.599647 21.015532, -89.599574 21.015681, -89.599257 21.016339, -89.598914 21.016159, -89.596767 21.016053, -89.596777 21.016041, -89.596788 21.016024, -89.596799 21.016001, -89.596807 21.015975, -89.596809 21.015948, -89.596806 21.015923, -89.596797 21.015888, -89.59678 21.015858, -89.596761 21.015837, -89.596741 21.015823, -89.596709 21.015805, -89.596938 21.015285, -89.597646 21.013729, -89.597955 21.012813, -89.598717 21.011298, -89.598677 21.011273, -89.598645 21.011229, -89.598632 21.011183, -89.598636 21.01113, -89.598658 21.011078, -89.598698 21.011029, -89.598751 21.011005, -89.598819 21.010998, -89.598874 21.011013, -89.598895 21.010972, -89.599184 21.010427, -89.59923 21.01034, -89.599766 21.010136, -89.600264 21.009941, -89.600746 21.009754, -89.601138 21.009595, -89.601232 21.009557, -89.601948 21.009788, -89.601973 21.009755, -89.601985 21.00977, -89.601992 21.009771, -89.601998 21.009775, -89.602003 21.009779, -89.602009 21.009783, -89.602015 21.009786, -89.602022 21.009789, -89.602028 21.009792, -89.602034 21.009794, -89.602041 21.009798, -89.602064 21.009799, -89.602097 21.009801, -89.602104 21.0098, -89.60211 21.009799, -89.602117 21.009797, -89.602124 21.009795, -89.60213 21.009793, -89.602137 21.00979, -89.602143 21.009787, -89.602149 21.009784, -89.602155 21.00978, -89.602161 21.009777, -89.602166 21.009773, -89.602172 21.009768, -89.602177 21.009764, -89.602181 21.009759, -89.602186 21.009754, -89.60219 21.009748, -89.602194 21.009743, -89.602198 21.009737, -89.602201 21.009731, -89.602204 21.009725, -89.602206 21.009719, -89.602209 21.009713, -89.60221 21.009707, -89.602212 21.0097, -89.602213 21.009694, -89.602214 21.009687, -89.602214 21.009675, -89.602691 21.00976, -89.60325 21.009862, -89.603873 21.00997, -89.603685 21.010879, -89.604185 21.011005, -89.604294 21.011033, -89.604927 21.01121, -89.604989 21.011227, -89.60588 21.011473, -89.60661 21.011673, -89.606671 21.011356, -89.60704 21.011418, -89.607916 21.011565, -89.607767 21.012405, -89.607604 21.013257, -89.607501 21.013732, -89.607435 21.014078, -89.607285 21.014899, -89.60717 21.015497, -89.606959 21.016604, -89.606887 21.016979, -89.607114 21.016929, -89.607121 21.016926, -89.607118 21.016934, -89.607094 21.016999, -89.607037 21.017249, -89.606891 21.017888, -89.606875 21.017959, -89.606859 21.018024, -89.606816 21.018199, -89.606686 21.018769, -89.606636 21.018979, -89.606629 21.019009, -89.606512 21.019509, -89.606495 21.019588, -89.606478 21.019663, -89.606442 21.019822, -89.606313 21.020404, -89.606268 21.020603, -89.606256 21.020646, -89.60624 21.020719, -89.606123 21.021234, -89.606073 21.021458, -89.606021 21.021706, -89.60594 21.02206, -89.605925 21.022133, -89.605904 21.022236, -89.605919 21.022239, -89.605927 21.022241, -89.605934 21.022245, -89.605941 21.022249, -89.605947 21.022253, -89.605953 21.022259, -89.605958 21.022265, -89.605963 21.022271, -89.605967 21.022278, -89.605972 21.022292, -89.605973 21.022299, -89.605974 21.022307, -89.605974 21.022314, -89.605973 21.022322, -89.605971 21.022329, -89.605968 21.022336, -89.605964 21.022343, -89.60596 21.02235, -89.605955 21.022356, -89.605949 21.022361, -89.605943 21.022366, -89.605937 21.02237, -89.605929 21.022374, -89.605922 21.022376, -89.605898 21.02238, -89.605889 21.022417, -89.605861 21.02254, -89.60572 21.023211, -89.605717 21.023223, -89.605703 21.023288, -89.60569 21.02334, -89.605541 21.023985, -89.605533 21.024017, -89.605504 21.02415, -89.60549 21.024214, -89.605347 21.024832, -89.605334 21.02483, -89.60405 21.024581, -89.604174 21.02403, -89.602639 21.023715, -89.602644 21.023696, -89.602822 21.023076, -89.602881 21.022858, -89.602998 21.022446, -89.603169 21.021773)))"
2517,"MULTIPOLYGON (((-89.604989 21.011227, -89.604927 21.01121, -89.604294 21.011033, -89.604185 21.011005, -89.603685 21.010879, -89.603873 21.00997, -89.60325 21.009862, -89.602691 21.00976, -89.602214 21.009675, -89.602214 21.009687, -89.602213 21.009694, -89.602212 21.0097, -89.60221 21.009707, -89.602209 21.009713, -89.602206 21.009719, -89.602204 21.009725, -89.602201 21.009731, -89.602198 21.009737, -89.602194 21.009743, -89.60219 21.009748, -89.602186 21.009754, -89.602181 21.009759, -89.602177 21.009764, -89.602172 21.009768, -89.602166 21.009773, -89.602161 21.009777, -89.602155 21.00978, -89.602149 21.009784, -89.602143 21.009787, -89.602137 21.00979, -89.60213 21.009793, -89.602124 21.009795, -89.602117 21.009797, -89.60211 21.009799, -89.602104 21.0098, -89.602097 21.009801, -89.602064 21.009799, -89.602041 21.009798, -89.602034 21.009794, -89.602028 21.009792, -89.602022 21.009789, -89.602015 21.009786, -89.602009 21.009783, -89.602003 21.009779, -89.601998 21.009775, -89.601992 21.009771, -89.601985 21.00977, -89.601973 21.009755, -89.601966 21.009741, -89.601959 21.009729, -89.601954 21.009717, -89.60195 21.009704, -89.601947 21.009691, -89.601947 21.009678, -89.601947 21.009665, -89.601949 21.009652, -89.601952 21.009639, -89.601957 21.009627, -89.601963 21.009615, -89.601971 21.009604, -89.601979 21.009593, -89.601989 21.009584, -89.602 21.009576, -89.602012 21.009568, -89.602024 21.009562, -89.602037 21.009557, -89.60205 21.009553, -89.602064 21.009551, -89.602078 21.00955, -89.602126 21.009445, -89.60215 21.009393, -89.602295 21.009088, -89.602303 21.009071, -89.602327 21.00902, -89.602348 21.008973, -89.602352 21.008963, -89.602404 21.008855, -89.602407 21.008848, -89.602508 21.008631, -89.602789 21.00803, -89.602795 21.008018, -89.602831 21.007967, -89.602863 21.007911, -89.603345 21.007076, -89.603393 21.006996, -89.604204 21.007309, -89.605034 21.007648, -89.60561 21.006659, -89.605882 21.00618, -89.606012 21.005952, -89.606091 21.005965, -89.606501 21.006031, -89.607068 21.006123, -89.607116 21.00613, -89.607171 21.006138, -89.607949 21.006257, -89.608002 21.006266, -89.608902 21.006364, -89.608744 21.007294, -89.608585 21.008118, -89.608416 21.008953, -89.608254 21.00978, -89.608173 21.010188, -89.608096 21.010669, -89.607916 21.011565, -89.60704 21.011418, -89.606671 21.011356, -89.60661 21.011673, -89.60588 21.011473, -89.604989 21.011227)))"
2521,"MULTIPOLYGON (((-89.56626 21.021732, -89.566344 21.021649, -89.566424 21.02157, -89.566587 21.02141, -89.566644 21.021353, -89.566956 21.021038, -89.567006 21.020988, -89.56741 21.020578, -89.567567 21.020419, -89.567634 21.020343, -89.567964 21.019966, -89.568001 21.019925, -89.568077 21.019819, -89.568161 21.019689, -89.568194 21.019631, -89.568424 21.019244, -89.568525 21.019069, -89.568605 21.018937, -89.568679 21.018813, -89.568686 21.018801, -89.568762 21.018672, -89.568798 21.01861, -89.56889 21.018456, -89.568909 21.01842, -89.56895 21.018343, -89.56907 21.018399, -89.569235 21.018476, -89.56927 21.018491, -89.569633 21.018127, -89.569985 21.017782, -89.570401 21.017348, -89.570612 21.017132, -89.571625 21.017258, -89.571674 21.017264, -89.571229 21.017917, -89.571584 21.01831, -89.571407 21.018494, -89.57078 21.019146, -89.570772 21.019154, -89.570871 21.019198, -89.570975 21.019244, -89.571042 21.019322, -89.571044 21.019326, -89.571067 21.019376, -89.571167 21.019488, -89.571426 21.01978, -89.571481 21.019842, -89.571637 21.020026, -89.571783 21.020198, -89.571825 21.020243, -89.572168 21.02061, -89.572354 21.020818, -89.572838 21.021322, -89.572844 21.021332, -89.57288 21.021388, -89.572936 21.021425, -89.573764 21.021974, -89.573807 21.022, -89.574268 21.022286, -89.57427 21.022289, -89.574311 21.022345, -89.574364 21.022377, -89.574687 21.022581, -89.57476 21.022631, -89.575453 21.023255, -89.575603 21.023391, -89.575556 21.023436, -89.575455 21.02353, -89.575089 21.023871, -89.574752 21.024184, -89.574717 21.024218, -89.574453 21.024463, -89.5744 21.024512, -89.574087 21.024807, -89.574017 21.024873, -89.57396 21.024926, -89.573624 21.025243, -89.573282 21.025553, -89.572936 21.025875, -89.572653 21.026137, -89.572593 21.026192, -89.572559 21.026225, -89.572531 21.02625, -89.572234 21.026526, -89.572185 21.026571, -89.572073 21.02667, -89.571926 21.026789, -89.57192 21.026794, -89.571893 21.026816, -89.571789 21.026897, -89.571704 21.026964, -89.571535 21.026796, -89.571423 21.026686, -89.571399 21.026663, -89.570081 21.025399, -89.569963 21.025288, -89.569803 21.025144, -89.567934 21.023332, -89.566816 21.022278, -89.56659 21.022057, -89.566511 21.021979, -89.56626 21.021732)))"
2540,"MULTIPOLYGON (((-89.586507 21.014573, -89.586456 21.014621, -89.586383 21.014659, -89.586291 21.014664, -89.586208 21.014646, -89.586136 21.014589, -89.586096 21.014516, -89.586078 21.014423, -89.586113 21.014342, -89.586065 21.014319, -89.586008 21.014292, -89.585846 21.014195, -89.585766 21.014146, -89.585636 21.014052, -89.585526 21.01397, -89.585477 21.013935, -89.585454 21.014364, -89.585435 21.01471, -89.585432 21.014797, -89.585422 21.015061, -89.584831 21.01484, -89.584843 21.014708, -89.584265 21.014394, -89.584268 21.014352, -89.583679 21.01407, -89.583635 21.014048, -89.583532 21.013999, -89.583521 21.013994, -89.583482 21.013975, -89.583442 21.013956, -89.583441 21.013793, -89.583439 21.013489, -89.583439 21.013349, -89.583422 21.013347, -89.583406 21.013344, -89.583398 21.013341, -89.583391 21.013338, -89.583383 21.013335, -89.583376 21.013331, -89.583368 21.013327, -89.583362 21.013323, -89.583355 21.013318, -89.583349 21.013313, -89.583342 21.013308, -89.583337 21.013303, -89.583331 21.013297, -89.583326 21.013291, -89.583321 21.013284, -89.583317 21.013278, -89.583313 21.013271, -89.583309 21.013264, -89.583306 21.013257, -89.583303 21.01325, -89.5833 21.013242, -89.583298 21.013235, -89.583297 21.013227, -89.583295 21.013219, -89.583294 21.013204, -89.583294 21.013196, -89.583295 21.013188, -89.583296 21.013181, -89.583297 21.013173, -89.583299 21.013165, -89.583301 21.013158, -89.583304 21.01315, -89.583307 21.013143, -89.58331 21.013136, -89.583314 21.013129, -89.583318 21.013122, -89.583323 21.013116, -89.583328 21.01311, -89.583333 21.013104, -89.583339 21.013098, -89.583345 21.013093, -89.583351 21.013087, -89.583357 21.013083, -89.583364 21.013078, -89.583371 21.013074, -89.583378 21.01307, -89.583386 21.013067, -89.583393 21.013063, -89.583401 21.013061, -89.583409 21.013058, -89.583417 21.013057, -89.583425 21.013055, -89.583433 21.013054, -89.583442 21.013053, -89.583458 21.013053, -89.583472 21.012894, -89.583486 21.012719, -89.583512 21.012401, -89.583531 21.01221, -89.583576 21.012042, -89.583662 21.01181, -89.583729 21.011688, -89.583864 21.011479, -89.584041 21.011267, -89.584127 21.011186, -89.584264 21.011064, -89.584323 21.01101, -89.584627 21.010758, -89.5848 21.010613, -89.584904 21.01052, -89.585283 21.010187, -89.585358 21.010122, -89.585378 21.010104, -89.585409 21.010077, -89.585493 21.010003, -89.58561 21.009905, -89.586257 21.009357, -89.586367 21.009264, -89.587002 21.008727, -89.587002 21.008739, -89.587072 21.009678, -89.587136 21.010597, -89.587904 21.010553, -89.588591 21.010508, -89.589184 21.010473, -89.589783 21.010431, -89.589863 21.011947, -89.589786 21.012404, -89.590289 21.012479, -89.59107 21.012641, -89.590955 21.013065, -89.590852 21.013443, -89.590619 21.014263, -89.589532 21.01385, -89.588521 21.013447, -89.588142 21.013285, -89.587623 21.013129, -89.5874 21.013709, -89.5878 21.013911, -89.588254 21.014115, -89.588334 21.014163, -89.588692 21.014331, -89.589285 21.014599, -89.590005 21.014919, -89.589839 21.01535, -89.589857 21.015359, -89.591087 21.016039, -89.590954 21.016493, -89.590786 21.01707, -89.590609 21.017638, -89.590484 21.01805, -89.589198 21.017332, -89.589354 21.016936, -89.589566 21.016361, -89.58952 21.016334, -89.588406 21.015687, -89.588335 21.015645, -89.588294 21.015623, -89.587146 21.014968, -89.587102 21.014943, -89.587047 21.014909, -89.586546 21.014597, -89.586507 21.014573)))"
2555,"MULTIPOLYGON (((-89.590005 21.014919, -89.589285 21.014599, -89.588692 21.014331, -89.588334 21.014163, -89.588254 21.014115, -89.5878 21.013911, -89.5874 21.013709, -89.587623 21.013129, -89.588142 21.013285, -89.588521 21.013447, -89.589532 21.01385, -89.590619 21.014263, -89.590852 21.013443, -89.590955 21.013065, -89.59107 21.012641, -89.590289 21.012479, -89.589786 21.012404, -89.589863 21.011947, -89.589783 21.010431, -89.589184 21.010473, -89.588591 21.010508, -89.587904 21.010553, -89.587136 21.010597, -89.587072 21.009678, -89.587002 21.008739, -89.587002 21.008727, -89.587638 21.00819, -89.58772 21.008121, -89.588049 21.007843, -89.588162 21.007749, -89.58826 21.007664, -89.588392 21.007548, -89.58846 21.00749, -89.588624 21.007343, -89.588806 21.007184, -89.589312 21.006761, -89.589399 21.006688, -89.589581 21.006532, -89.590159 21.006041, -89.590338 21.00589, -89.590369 21.005863, -89.590549 21.005714, -89.59096 21.005371, -89.591139 21.005222, -89.591803 21.004666, -89.592006 21.00449, -89.592552 21.00402, -89.592814 21.003794, -89.592828 21.003804, -89.59374 21.004427, -89.594554 21.004982, -89.594589 21.005005, -89.59539 21.005532, -89.594937 21.006168, -89.5949 21.006206, -89.59487 21.006237, -89.594837 21.006271, -89.5945 21.006765, -89.594344 21.006993, -89.594265 21.007109, -89.593886 21.007626, -89.593773 21.007791, -89.59367 21.007971, -89.593328 21.008629, -89.593169 21.008936, -89.592915 21.009425, -89.592819 21.009576, -89.592764 21.009617, -89.592176 21.010021, -89.592004 21.010177, -89.591429 21.010609, -89.590604 21.011273, -89.590475 21.011695, -89.591303 21.011828, -89.592249 21.011957, -89.592004 21.012793, -89.591964 21.01284, -89.591743 21.013639, -89.591449 21.014656, -89.59124 21.015453, -89.590391 21.015084, -89.590005 21.014919)))"
2574,"MULTIPOLYGON (((-89.591818 21.017639, -89.591829 21.017641, -89.591841 21.017642, -89.591852 21.017642, -89.591864 21.017641, -89.591875 21.017638, -89.591886 21.017635, -89.591897 21.01763, -89.591907 21.017624, -89.591916 21.017618, -89.591925 21.01761, -89.591933 21.017602, -89.592063 21.017659, -89.593583 21.018321, -89.593602 21.018326, -89.593661 21.018349, -89.593725 21.018378, -89.59406 21.018533, -89.594177 21.018585, -89.594181 21.018587, -89.594379 21.018676, -89.594422 21.018695, -89.594466 21.018713, -89.594913 21.018912, -89.594995 21.018949, -89.594988 21.018966, -89.594984 21.018978, -89.594982 21.01899, -89.594982 21.019003, -89.594983 21.019015, -89.594985 21.019028, -89.594989 21.01904, -89.594994 21.019051, -89.595 21.019062, -89.595007 21.019073, -89.595016 21.019082, -89.595026 21.019091, -89.595036 21.019099, -89.595047 21.019105, -89.595002 21.0192, -89.594819 21.019584, -89.594785 21.019653, -89.594764 21.019698, -89.594661 21.019912, -89.594428 21.020403, -89.594375 21.020512, -89.594288 21.020695, -89.594086 21.021127, -89.594025 21.021258, -89.594021 21.021266, -89.593863 21.021648, -89.593778 21.021854, -89.593793 21.021866, -89.593804 21.021876, -89.593814 21.021887, -89.593823 21.021899, -89.59383 21.021912, -89.593836 21.021925, -89.59384 21.021939, -89.593843 21.021953, -89.593844 21.021968, -89.593843 21.021982, -89.593841 21.021997, -89.593837 21.022011, -89.593832 21.022025, -89.593825 21.022038, -89.593817 21.02205, -89.593808 21.022061, -89.593797 21.022072, -89.593785 21.022081, -89.593772 21.022089, -89.593759 21.022096, -89.593744 21.022101, -89.593729 21.022105, -89.593714 21.022108, -89.593699 21.022109, -89.593685 21.022108, -89.593668 21.022106, -89.593653 21.022103, -89.593638 21.022098, -89.593628 21.022093, -89.593612 21.022084, -89.593599 21.022075, -89.593588 21.022065, -89.593578 21.022054, -89.59357 21.022041, -89.593562 21.022029, -89.593557 21.022015, -89.593552 21.022001, -89.59355 21.021987, -89.593549 21.021972, -89.593549 21.021958, -89.593551 21.021944, -89.593555 21.02193, -89.593561 21.021916, -89.593567 21.021903, -89.593576 21.021891, -89.593585 21.021879, -89.593596 21.021869, -89.593608 21.021859, -89.593574 21.021815, -89.593223 21.021334, -89.593188 21.021287, -89.593155 21.021243, -89.593126 21.021205, -89.592719 21.020648, -89.592306 21.020082, -89.592271 21.020034, -89.592231 21.01998, -89.591804 21.019399, -89.591589 21.019108, -89.591581 21.019042, -89.591641 21.018571, -89.591655 21.018459, -89.591656 21.018449, -89.591685 21.018258, -89.591703 21.018144, -89.591791 21.017755, -89.591818 21.017639)))"
2589,"MULTIPOLYGON (((-89.596538 21.019636, -89.596157 21.019473, -89.596003 21.019406, -89.595934 21.019378, -89.595899 21.019363, -89.595837 21.019337, -89.595558 21.019213, -89.595426 21.019154, -89.595295 21.019097, -89.595218 21.019064, -89.59521 21.019075, -89.595201 21.019084, -89.595191 21.019092, -89.59518 21.0191, -89.595169 21.019106, -89.595157 21.019112, -89.595144 21.019116, -89.595131 21.019119, -89.595118 21.01912, -89.595105 21.01912, -89.595091 21.019119, -89.595078 21.019117, -89.595066 21.019113, -89.595056 21.019109, -89.595047 21.019105, -89.595036 21.019099, -89.595026 21.019091, -89.595016 21.019082, -89.595007 21.019073, -89.595 21.019062, -89.594994 21.019051, -89.594989 21.01904, -89.594985 21.019028, -89.594983 21.019015, -89.594982 21.019003, -89.594982 21.01899, -89.594984 21.018978, -89.594988 21.018966, -89.594995 21.018949, -89.594913 21.018912, -89.594466 21.018713, -89.594422 21.018695, -89.594379 21.018676, -89.594181 21.018587, -89.594177 21.018585, -89.59406 21.018533, -89.593725 21.018378, -89.593661 21.018349, -89.593602 21.018326, -89.593583 21.018321, -89.592063 21.017659, -89.591933 21.017602, -89.591925 21.01761, -89.591916 21.017618, -89.591907 21.017624, -89.591897 21.01763, -89.591886 21.017635, -89.591875 21.017638, -89.591864 21.017641, -89.591852 21.017642, -89.591841 21.017642, -89.591829 21.017641, -89.591818 21.017639, -89.591801 21.017634, -89.59179 21.017629, -89.591781 21.017623, -89.591771 21.017616, -89.591763 21.017609, -89.591756 21.0176, -89.591749 21.017591, -89.591744 21.017582, -89.591739 21.017572, -89.591736 21.017561, -89.591734 21.01755, -89.591733 21.017539, -89.591734 21.017528, -89.591735 21.017517, -89.591738 21.017508, -89.591636 21.017461, -89.590816 21.017085, -89.590786 21.01707, -89.590954 21.016493, -89.591087 21.016039, -89.589857 21.015359, -89.589839 21.01535, -89.590005 21.014919, -89.590391 21.015084, -89.59124 21.015453, -89.591449 21.014656, -89.591743 21.013639, -89.591964 21.01284, -89.592004 21.012793, -89.592314 21.012862, -89.592942 21.013015, -89.593041 21.013108, -89.593048 21.01311, -89.593054 21.013112, -89.59306 21.013114, -89.593065 21.013116, -89.593071 21.013119, -89.593082 21.013125, -89.593092 21.013132, -89.593101 21.013139, -89.593109 21.013147, -89.593115 21.013155, -89.593121 21.013163, -89.593125 21.01317, -89.593129 21.013178, -89.593132 21.013185, -89.593135 21.013191, -89.593137 21.013198, -89.593139 21.013205, -89.59314 21.013212, -89.593141 21.013219, -89.593142 21.013226, -89.593142 21.013233, -89.593142 21.013237, -89.593142 21.013242, -89.59317 21.013232, -89.593223 21.013213, -89.59332 21.01318, -89.593321 21.013169, -89.593406 21.012405, -89.595661 21.011609, -89.595905 21.011518, -89.598402 21.010634, -89.598839 21.010479, -89.59923 21.01034, -89.599184 21.010427, -89.598895 21.010972, -89.598874 21.011013, -89.598819 21.010998, -89.598751 21.011005, -89.598698 21.011029, -89.598658 21.011078, -89.598636 21.01113, -89.598632 21.011183, -89.598645 21.011229, -89.598677 21.011273, -89.598717 21.011298, -89.597955 21.012813, -89.597646 21.013729, -89.596938 21.015285, -89.596709 21.015805, -89.596741 21.015823, -89.596761 21.015837, -89.59678 21.015858, -89.596797 21.015888, -89.596806 21.015923, -89.596809 21.015948, -89.596807 21.015975, -89.596799 21.016001, -89.596788 21.016024, -89.596777 21.016041, -89.596767 21.016053, -89.598914 21.016159, -89.599257 21.016339, -89.598978 21.016916, -89.598965 21.016944, -89.598936 21.017003, -89.598453 21.017995, -89.598432 21.018036, -89.598405 21.018093, -89.597978 21.018974, -89.597967 21.018998, -89.597935 21.019063, -89.597568 21.019825, -89.597525 21.019926, -89.597511 21.019922, -89.597497 21.019918, -89.597483 21.019916, -89.597469 21.019916, -89.597455 21.019917, -89.597441 21.019919, -89.597427 21.019923, -89.597414 21.019928, -89.597401 21.019934, -89.597389 21.019942, -89.597378 21.01995, -89.597369 21.01996, -89.59736 21.01997, -89.597352 21.019982, -89.59724 21.019934, -89.596538 21.019636)))"
2593,"MULTIPOLYGON (((-89.660614 20.997191, -89.65928 20.996726, -89.657945 20.996278, -89.656679 20.995853, -89.655392 20.995416, -89.654711 20.995181, -89.653086 20.994641, -89.654156 20.993092, -89.654204 20.993023, -89.654213 20.993005, -89.654455 20.992577, -89.654618 20.992289, -89.654752 20.99205, -89.654851 20.991876, -89.654999 20.991612, -89.655103 20.991428, -89.655155 20.99139, -89.655193 20.991361, -89.655252 20.991269, -89.655419 20.991003, -89.655428 20.990989, -89.655661 20.990631, -89.655828 20.990376, -89.655897 20.990278, -89.655915 20.990252, -89.656114 20.989967, -89.656208 20.989833, -89.656357 20.989609, -89.655673 20.989188, -89.655358 20.988998, -89.655091 20.988848, -89.655025 20.988808, -89.654725 20.988628, -89.654671 20.988596, -89.654329 20.988389, -89.654346 20.98836, -89.653395 20.987766, -89.653374 20.987755, -89.653007 20.987539, -89.652557 20.987283, -89.6528 20.986958, -89.652817 20.98693, -89.653136 20.986419, -89.653247 20.986249, -89.653463 20.985915, -89.654049 20.985032, -89.654332 20.984609, -89.654728 20.984015, -89.654762 20.984039, -89.654831 20.984086, -89.654833 20.984088, -89.654886 20.984121, -89.655618 20.984563, -89.656057 20.984834, -89.656096 20.984858, -89.65619 20.984916, -89.656347 20.985011, -89.656431 20.985063, -89.656463 20.985083, -89.656545 20.985133, -89.65681 20.985294, -89.656888 20.985342, -89.657287 20.985589, -89.657371 20.985638, -89.657423 20.985671, -89.657457 20.985692, -89.657615 20.985789, -89.65794 20.985989, -89.658083 20.986077, -89.658295 20.986208, -89.65837 20.986253, -89.658398 20.986272, -89.658495 20.986338, -89.658518 20.986354, -89.658724 20.986488, -89.659003 20.986664, -89.659281 20.98684, -89.660108 20.987362, -89.660279 20.987466, -89.660701 20.987722, -89.661025 20.987913, -89.661111 20.987964, -89.661993 20.988506, -89.663456 20.989394, -89.663521 20.989431, -89.663528 20.990413, -89.663524 20.991553, -89.663522 20.992097, -89.66352 20.99254, -89.663517 20.993412, -89.663517 20.99353, -89.663515 20.993796, -89.663514 20.994517, -89.663501 20.994945, -89.663484 20.99549, -89.663497 20.995769, -89.663514 20.996168, -89.663519 20.996521, -89.663519 20.996613, -89.663512 20.996927, -89.66352 20.997107, -89.663645 20.997533, -89.663751 20.99792, -89.663842 20.998208, -89.663849 20.998233, -89.663604 20.998222, -89.662041 20.997703, -89.660614 20.997191)))"
2606,"MULTIPOLYGON (((-89.648692 20.993134, -89.648667 20.99315, -89.648657 20.993153, -89.648647 20.993156, -89.648636 20.993158, -89.648626 20.993158, -89.648615 20.993158, -89.648605 20.993157, -89.648592 20.993153, -89.648585 20.993151, -89.648575 20.993146, -89.647411 20.992737, -89.647768 20.991908, -89.64778 20.991879, -89.647901 20.991602, -89.647976 20.991428, -89.648216 20.99081, -89.648364 20.990418, -89.648367 20.990411, -89.6484 20.990309, -89.648405 20.990296, -89.648497 20.990066, -89.648532 20.990007, -89.648579 20.989967, -89.648616 20.989952, -89.648767 20.989886, -89.648779 20.989898, -89.648786 20.989903, -89.648793 20.989907, -89.648801 20.989911, -89.648809 20.989913, -89.648818 20.989915, -89.648826 20.989916, -89.648835 20.989917, -89.648843 20.989916, -89.64886 20.989913, -89.648868 20.98991, -89.648876 20.989906, -89.648883 20.989901, -89.64889 20.989896, -89.648896 20.98989, -89.648901 20.989884, -89.648906 20.989877, -89.64891 20.98987, -89.648913 20.989862, -89.648915 20.989854, -89.648916 20.989846, -89.648916 20.989838, -89.648916 20.98983, -89.64896 20.989836, -89.649031 20.989846, -89.649451 20.9899, -89.649454 20.9899, -89.649543 20.989907, -89.649647 20.989916, -89.649952 20.989942, -89.650174 20.989956, -89.650315 20.989948, -89.650421 20.989929, -89.650538 20.989899, -89.650612 20.98987, -89.650721 20.989818, -89.650806 20.989765, -89.650902 20.989686, -89.650938 20.989656, -89.651 20.989594, -89.651005 20.989589, -89.651036 20.98957, -89.651051 20.989548, -89.651294 20.989224, -89.651337 20.989165, -89.651346 20.989152, -89.651408 20.98906, -89.65143 20.989029, -89.651516 20.988898, -89.651525 20.988886, -89.65154 20.988845, -89.65156 20.988788, -89.651779 20.988456, -89.651945 20.988206, -89.652046 20.988057, -89.652112 20.987954, -89.652242 20.987757, -89.652327 20.987637, -89.652372 20.987562, -89.652557 20.987283, -89.653007 20.987539, -89.653374 20.987755, -89.653395 20.987766, -89.654346 20.98836, -89.654329 20.988389, -89.654671 20.988596, -89.654725 20.988628, -89.655025 20.988808, -89.655091 20.988848, -89.655358 20.988998, -89.655673 20.989188, -89.656357 20.989609, -89.656208 20.989833, -89.656114 20.989967, -89.655915 20.990252, -89.655897 20.990278, -89.655828 20.990376, -89.655661 20.990631, -89.655428 20.990989, -89.655419 20.991003, -89.655252 20.991269, -89.655193 20.991361, -89.655155 20.99139, -89.655103 20.991428, -89.654999 20.991612, -89.654851 20.991876, -89.654752 20.99205, -89.654618 20.992289, -89.654455 20.992577, -89.654213 20.993005, -89.654204 20.993023, -89.654156 20.993092, -89.653086 20.994641, -89.652481 20.994436, -89.651242 20.994026, -89.65053 20.993771, -89.650444 20.993727, -89.649946 20.993559, -89.648745 20.993152, -89.648692 20.993134)))"
2610,"MULTIPOLYGON (((-89.672474 20.988433, -89.674356 20.98959, -89.675589 20.990347, -89.675349 20.990718, -89.675106 20.991093, -89.675091 20.991117, -89.674864 20.991467, -89.674605 20.991868, -89.674366 20.992238, -89.674137 20.99259, -89.673694 20.993275, -89.673415 20.993705, -89.673196 20.994046, -89.672957 20.994415, -89.672517 20.995095, -89.671285 20.994345, -89.671787 20.993722, -89.671795 20.993709, -89.672043 20.993347, -89.672311 20.992962, -89.672529 20.992677, -89.672577 20.992616, -89.672461 20.992538, -89.671788 20.992119, -89.672011 20.991496, -89.672026 20.991134, -89.672072 20.990853, -89.672157 20.99033, -89.672239 20.989887, -89.672315 20.989376, -89.672394 20.988909, -89.672474 20.988433)))"
2625,"MULTIPOLYGON (((-89.669218 20.992993, -89.668354 20.992448, -89.667491 20.991903, -89.666971 20.991574, -89.666898 20.991528, -89.666694 20.991399, -89.666628 20.991358, -89.666528 20.991297, -89.666192 20.991096, -89.666107 20.991046, -89.665611 20.990747, -89.66469 20.990175, -89.664167 20.989849, -89.664072 20.989789, -89.663683 20.989537, -89.663556 20.989453, -89.663521 20.989431, -89.663456 20.989394, -89.661993 20.988506, -89.662006 20.988487, -89.662266 20.988114, -89.662368 20.987963, -89.662512 20.987758, -89.662629 20.987589, -89.662632 20.987585, -89.662825 20.987264, -89.662847 20.987188, -89.66285 20.987138, -89.662855 20.987054, -89.662842 20.986716, -89.662827 20.986319, -89.662811 20.9859, -89.662817 20.985881, -89.663418 20.985884, -89.663492 20.98591, -89.663492 20.98546, -89.663486 20.985031, -89.66347 20.984639, -89.66344 20.984097, -89.663415 20.983524, -89.663396 20.982966, -89.663354 20.982461, -89.663329 20.981924, -89.663321 20.981417, -89.663309 20.98094, -89.663296 20.980539, -89.663296 20.980455, -89.663288 20.980077, -89.663281 20.979939, -89.663278 20.979668, -89.663956 20.979651, -89.66395 20.980117, -89.663975 20.980598, -89.665893 20.980576, -89.6659 20.980107, -89.665903 20.979506, -89.666186 20.979437, -89.667349 20.97919, -89.667229 20.978724, -89.667114 20.978269, -89.667024 20.977873, -89.666902 20.977419, -89.666781 20.976966, -89.666677 20.976563, -89.666659 20.976495, -89.66662 20.976254, -89.666667 20.976032, -89.666802 20.97552, -89.66685 20.975283, -89.666862 20.975282, -89.666879 20.975278, -89.66689 20.975274, -89.666901 20.975269, -89.66691 20.975262, -89.66692 20.975255, -89.666928 20.975247, -89.666935 20.975238, -89.666941 20.975229, -89.666947 20.975219, -89.666951 20.975208, -89.666954 20.975197, -89.666955 20.975186, -89.666956 20.975175, -89.666955 20.975164, -89.666953 20.975153, -89.66695 20.975142, -89.66694 20.975122, -89.666933 20.975113, -89.666925 20.975104, -89.666917 20.975096, -89.666907 20.975089, -89.667121 20.974228, -89.66798 20.974392, -89.668069 20.974397, -89.668331 20.974395, -89.668973 20.974522, -89.670212 20.97475, -89.671463 20.974973, -89.671375 20.975415, -89.67129 20.975848, -89.671222 20.976228, -89.671158 20.976666, -89.67103 20.97732, -89.670955 20.97772, -89.670877 20.978138, -89.670792 20.978625, -89.67071 20.97907, -89.670628 20.979512, -89.670535 20.980011, -89.6705 20.980214, -89.67047 20.980487, -89.670435 20.981408, -89.670436 20.981841, -89.670455 20.982294, -89.670467 20.982586, -89.670475 20.982768, -89.670494 20.983233, -89.670422 20.983505, -89.670322 20.983756, -89.669958 20.984502, -89.669582 20.985275, -89.669236 20.985984, -89.669231 20.985995, -89.668882 20.98682, -89.669938 20.98741, -89.670816 20.987873, -89.671223 20.988028, -89.672031 20.988163, -89.672065 20.988181, -89.672111 20.988208, -89.672161 20.98824, -89.672219 20.988276, -89.672269 20.988307, -89.672474 20.988433, -89.672394 20.988909, -89.672315 20.989376, -89.672239 20.989887, -89.672157 20.99033, -89.672072 20.990853, -89.672026 20.991134, -89.672011 20.991496, -89.671788 20.992119, -89.672461 20.992538, -89.672577 20.992616, -89.672529 20.992677, -89.672311 20.992962, -89.672043 20.993347, -89.671795 20.993709, -89.671787 20.993722, -89.671285 20.994345, -89.670581 20.993879, -89.670044 20.993534, -89.669606 20.993253, -89.669382 20.993103, -89.669218 20.992993)))"
263A,"MULTIPOLYGON (((-89.652636 20.968158, -89.653273 20.96728, -89.653881 20.96639, -89.653917 20.966344, -89.654503 20.96553, -89.654551 20.965561, -89.655464 20.966116, -89.656366 20.966681, -89.657275 20.967265, -89.658207 20.96787, -89.659146 20.968455, -89.659297 20.968254, -89.659677 20.967527, -89.660148 20.967695, -89.660524 20.967831, -89.660726 20.967839, -89.660638 20.968166, -89.6606 20.968249, -89.661191 20.968379, -89.661742 20.968486, -89.660932 20.969592, -89.661882 20.970202, -89.662795 20.970783, -89.662798 20.970785, -89.662805 20.970788, -89.663309 20.971081, -89.663608 20.971093, -89.663628 20.971094, -89.663629 20.971346, -89.66363 20.971424, -89.66528 20.9716, -89.665176 20.97181, -89.664934 20.972216, -89.664804 20.972433, -89.664177 20.973613, -89.664107 20.973596, -89.663634 20.973479, -89.662537 20.973248, -89.662395 20.973227, -89.661382 20.97303, -89.659998 20.972742, -89.659729 20.972686, -89.659615 20.972662, -89.658989 20.97253, -89.658823 20.972492, -89.657744 20.972242, -89.657701 20.972232, -89.657475 20.97218, -89.657471 20.972179, -89.656589 20.971974, -89.6565 20.971954, -89.656534 20.971909, -89.655656 20.971319, -89.654748 20.970749, -89.654699 20.970718, -89.653831 20.970164, -89.652944 20.969597, -89.652918 20.96958, -89.652028 20.969001, -89.652636 20.968158)))"
2644,"MULTIPOLYGON (((-89.643976 20.971044, -89.643981 20.970997, -89.644103 20.969808, -89.644699 20.969817, -89.645615 20.96983, -89.645652 20.96983, -89.646495 20.969842, -89.646934 20.969849, -89.646997 20.969849, -89.64786 20.969853, -89.647911 20.969881, -89.648396 20.969899, -89.648606 20.969905, -89.648829 20.969917, -89.649632 20.969958, -89.649689 20.969961, -89.650386 20.969988, -89.650502 20.969997, -89.651033 20.970013, -89.651206 20.970019, -89.651359 20.96982, -89.651553 20.969605, -89.651603 20.969546, -89.652028 20.969001, -89.652918 20.96958, -89.652944 20.969597, -89.653831 20.970164, -89.654699 20.970718, -89.654748 20.970749, -89.655656 20.971319, -89.656534 20.971909, -89.6565 20.971954, -89.656471 20.971992, -89.65611 20.971924, -89.656066 20.972225, -89.655998 20.972691, -89.655962 20.972941, -89.655221 20.97288, -89.654906 20.972854, -89.654557 20.972826, -89.654539 20.972824, -89.653833 20.972766, -89.653689 20.972755, -89.652795 20.972681, -89.652064 20.972621, -89.651916 20.972609, -89.651459 20.972572, -89.651204 20.972551, -89.651032 20.972537, -89.650305 20.972477, -89.650124 20.972462, -89.649421 20.972405, -89.648885 20.972361, -89.648567 20.972335, -89.648049 20.972293, -89.647884 20.97228, -89.64767 20.972262, -89.646883 20.972199, -89.646787 20.972191, -89.645882 20.972118, -89.645867 20.972116, -89.645416 20.97208, -89.645011 20.972047, -89.644881 20.972036, -89.64388 20.971955, -89.643976 20.971044)))"
2663,"MULTIPOLYGON (((-89.667121 20.974228, -89.666632 20.974132, -89.666583 20.974121, -89.666171 20.974035, -89.66566 20.973923, -89.66519 20.973836, -89.665139 20.973823, -89.664635 20.973715, -89.664177 20.973613, -89.664804 20.972433, -89.664934 20.972216, -89.665176 20.97181, -89.66528 20.9716, -89.665385 20.971411, -89.665615 20.970998, -89.665645 20.970942, -89.665923 20.970472, -89.666227 20.969957, -89.666582 20.969426, -89.66672 20.969197, -89.666738 20.969133, -89.666826 20.968825, -89.666921 20.968478, -89.667054 20.968244, -89.667349 20.9679, -89.667601 20.967594, -89.667957 20.967124, -89.668005 20.966962, -89.668207 20.965763, -89.669005 20.965939, -89.669269 20.965998, -89.669716 20.966096, -89.670332 20.966232, -89.670357 20.966237, -89.671394 20.966466, -89.672379 20.966656, -89.672477 20.966675, -89.672214 20.967147, -89.671944 20.967633, -89.671731 20.968014, -89.671499 20.968431, -89.671251 20.968877, -89.671227 20.96892, -89.671019 20.969284, -89.670994 20.969327, -89.67076 20.969736, -89.670542 20.970147, -89.670291 20.970575, -89.670039 20.970978, -89.670035 20.970985, -89.669791 20.971411, -89.669553 20.971833, -89.669333 20.972221, -89.66932 20.972254, -89.66908 20.97267, -89.668824 20.97309, -89.66858 20.9735, -89.668354 20.973929, -89.668196 20.974178, -89.668069 20.974397, -89.66798 20.974392, -89.667121 20.974228)))"
2678,"MULTIPOLYGON (((-89.662082 20.968422, -89.66248 20.968479, -89.662478 20.967703, -89.662479 20.967027, -89.662483 20.966377, -89.662484 20.965788, -89.662482 20.965716, -89.66249 20.965159, -89.662481 20.96465, -89.663536 20.964492, -89.663851 20.964496, -89.664183 20.964482, -89.664256 20.964488, -89.664614 20.964568, -89.664935 20.964674, -89.665649 20.96489, -89.665693 20.964904, -89.666345 20.965125, -89.666671 20.965232, -89.667872 20.965644, -89.668066 20.965716, -89.668158 20.965749, -89.668207 20.965763, -89.668005 20.966962, -89.667957 20.967124, -89.667601 20.967594, -89.667349 20.9679, -89.667054 20.968244, -89.666921 20.968478, -89.666826 20.968825, -89.666738 20.969133, -89.66672 20.969197, -89.666582 20.969426, -89.666227 20.969957, -89.665923 20.970472, -89.665645 20.970942, -89.665615 20.970998, -89.665385 20.971411, -89.66528 20.9716, -89.66363 20.971424, -89.663629 20.971346, -89.663628 20.971094, -89.663608 20.971093, -89.663309 20.971081, -89.662805 20.970788, -89.662798 20.970785, -89.662795 20.970783, -89.661882 20.970202, -89.6619 20.970178, -89.661976 20.969407, -89.662082 20.968422)))"
2682,"MULTIPOLYGON (((-89.656423 20.964798, -89.657108 20.965041, -89.657399 20.965168, -89.657437 20.965184, -89.658086 20.965471, -89.658281 20.965508, -89.658557 20.96551, -89.659013 20.965519, -89.659501 20.965496, -89.65988 20.965444, -89.660014 20.965407, -89.660778 20.965213, -89.661332 20.965013, -89.661598 20.96491, -89.661815 20.964836, -89.662389 20.964677, -89.662481 20.96465, -89.66249 20.965159, -89.662482 20.965716, -89.662484 20.965788, -89.662483 20.966377, -89.662479 20.967027, -89.662478 20.967703, -89.66248 20.968479, -89.662082 20.968422, -89.661976 20.969407, -89.6619 20.970178, -89.661882 20.970202, -89.660932 20.969592, -89.661742 20.968486, -89.661191 20.968379, -89.6606 20.968249, -89.660638 20.968166, -89.660726 20.967839, -89.660524 20.967831, -89.660148 20.967695, -89.659677 20.967527, -89.659297 20.968254, -89.659146 20.968455, -89.658207 20.96787, -89.657275 20.967265, -89.656366 20.966681, -89.655464 20.966116, -89.654551 20.965561, -89.654503 20.96553, -89.653581 20.964937, -89.653966 20.964529, -89.654041 20.964524, -89.654736 20.964475, -89.655333 20.964418, -89.656161 20.964699, -89.656423 20.964798)))"
2697,"MULTIPOLYGON (((-89.665194 20.998788, -89.665166 20.998678, -89.665726 20.997863, -89.666171 20.997228, -89.666226 20.997165, -89.666705 20.996463, -89.667173 20.995788, -89.667672 20.99506, -89.667915 20.994704, -89.668136 20.994391, -89.668158 20.99436, -89.66823 20.994257, -89.668614 20.993713, -89.668683 20.993751, -89.669202 20.993016, -89.669218 20.992993, -89.669382 20.993103, -89.669606 20.993253, -89.670044 20.993534, -89.670581 20.993879, -89.671285 20.994345, -89.672517 20.995095, -89.672932 20.99536, -89.673238 20.995553, -89.673208 20.995599, -89.672624 20.996498, -89.672307 20.996985, -89.671862 20.997671, -89.671681 20.997948, -89.671437 20.998325, -89.671349 20.99846, -89.670916 20.999127, -89.670886 20.999171, -89.670836 20.999249, -89.670478 20.999787, -89.670436 20.999851, -89.670431 20.999859, -89.670268 21.000104, -89.670038 21.000449, -89.66992 21.000459, -89.669794 21.000469, -89.669584 21.000486, -89.669444 21.000498, -89.669408 21.000408, -89.6685 21.000003, -89.668345 20.999945, -89.668169 20.999876, -89.667611 20.99966, -89.667445 20.999594, -89.667178 20.999483, -89.667078 20.99944, -89.66659 20.999273, -89.666112 20.999109, -89.665194 20.998788)))"
270A,"MULTIPOLYGON (((-89.66388 20.998333, -89.663849 20.998233, -89.663842 20.998208, -89.663751 20.99792, -89.663645 20.997533, -89.66352 20.997107, -89.663512 20.996927, -89.663519 20.996613, -89.663519 20.996521, -89.663514 20.996168, -89.663497 20.995769, -89.663484 20.99549, -89.663501 20.994945, -89.663514 20.994517, -89.663515 20.993796, -89.663517 20.99353, -89.663517 20.993412, -89.66352 20.99254, -89.663522 20.992097, -89.663524 20.991553, -89.663528 20.990413, -89.663521 20.989431, -89.663556 20.989453, -89.663683 20.989537, -89.664072 20.989789, -89.664167 20.989849, -89.66469 20.990175, -89.665611 20.990747, -89.666107 20.991046, -89.666192 20.991096, -89.666528 20.991297, -89.666628 20.991358, -89.666694 20.991399, -89.666898 20.991528, -89.666971 20.991574, -89.667491 20.991903, -89.668354 20.992448, -89.669218 20.992993, -89.669202 20.993016, -89.668683 20.993751, -89.668614 20.993713, -89.66823 20.994257, -89.668158 20.99436, -89.668136 20.994391, -89.667915 20.994704, -89.667672 20.99506, -89.667173 20.995788, -89.666705 20.996463, -89.666226 20.997165, -89.666171 20.997228, -89.665726 20.997863, -89.665166 20.998678, -89.665194 20.998788, -89.664089 20.998402, -89.66388 20.998333)))"
2714,"MULTIPOLYGON (((-89.6425 20.990004, -89.643392 20.99013, -89.64413 20.990236, -89.644111 20.990423, -89.644622 20.990471, -89.645153 20.990521, -89.646207 20.990621, -89.647244 20.990718, -89.64821 20.990809, -89.648216 20.99081, -89.647976 20.991428, -89.647901 20.991602, -89.64778 20.991879, -89.647768 20.991908, -89.647411 20.992737, -89.647203 20.993211, -89.646996 20.993688, -89.646774 20.994204, -89.646567 20.994681, -89.646387 20.995097, -89.646183 20.995568, -89.646145 20.995564, -89.645677 20.995523, -89.644742 20.995441, -89.644702 20.995437, -89.644576 20.995426, -89.644531 20.995422, -89.644516 20.995421, -89.643755 20.995363, -89.643597 20.995351, -89.643309 20.99533, -89.6432 20.995319, -89.643074 20.995309, -89.642553 20.995266, -89.642498 20.995262, -89.642465 20.995259, -89.641986 20.995216, -89.641734 20.995194, -89.641711 20.995192, -89.641826 20.994245, -89.64186 20.994028, -89.641865 20.993997, -89.641992 20.99319, -89.641998 20.993149, -89.642117 20.992389, -89.642121 20.992367, -89.642243 20.991598, -89.642374 20.990786, -89.642452 20.990303, -89.6425 20.990004)))"
2729,"MULTIPOLYGON (((-89.640507 20.989523, -89.64086 20.989696, -89.641576 20.990048, -89.641634 20.990065, -89.64166 20.990073, -89.642452 20.990303, -89.642374 20.990786, -89.642243 20.991598, -89.642121 20.992367, -89.642117 20.992389, -89.641998 20.993149, -89.641992 20.99319, -89.641865 20.993997, -89.64186 20.994028, -89.641826 20.994245, -89.641711 20.995192, -89.641625 20.995184, -89.641254 20.995152, -89.640906 20.995119, -89.640865 20.995115, -89.640766 20.995106, -89.640394 20.995072, -89.640364 20.995069, -89.64029 20.995062, -89.639997 20.995034, -89.63921 20.994961, -89.639176 20.994958, -89.639126 20.994954, -89.639012 20.994945, -89.638324 20.994887, -89.638244 20.99488, -89.638163 20.994872, -89.637375 20.994804, -89.637324 20.994799, -89.637205 20.994788, -89.636437 20.994717, -89.636281 20.994701, -89.636378 20.994557, -89.636845 20.993866, -89.637254 20.993255, -89.637402 20.993035, -89.63741 20.99302, -89.637547 20.99282, -89.637712 20.992576, -89.638011 20.992135, -89.638079 20.992035, -89.638146 20.991967, -89.638288 20.991823, -89.638476 20.991633, -89.638665 20.991442, -89.638698 20.99141, -89.639006 20.991096, -89.639707 20.990365, -89.640507 20.989523)))"
2733,"MULTIPOLYGON (((-89.6425 20.990004, -89.642452 20.990303, -89.64166 20.990073, -89.641634 20.990065, -89.641576 20.990048, -89.64086 20.989696, -89.640507 20.989523, -89.640555 20.989471, -89.641058 20.988932, -89.641745 20.988203, -89.641925 20.988011, -89.642093 20.987833, -89.64242 20.987357, -89.642863 20.987397, -89.643141 20.987432, -89.643186 20.987437, -89.644135 20.987569, -89.644294 20.987582, -89.644356 20.987587, -89.644528 20.987524, -89.644699 20.987461, -89.644605 20.988252, -89.645089 20.988315, -89.645232 20.988361, -89.645363 20.988459, -89.645436 20.988509, -89.645481 20.988519, -89.645728 20.988541, -89.645922 20.988559, -89.646412 20.988598, -89.646519 20.988606, -89.64703 20.988654, -89.647477 20.988697, -89.648034 20.988748, -89.648083 20.988665, -89.64812 20.988566, -89.648161 20.988439, -89.648166 20.988411, -89.648222 20.987937, -89.648263 20.987469, -89.648293 20.987175, -89.64831 20.987003, -89.648355 20.986549, -89.648401 20.986079, -89.648445 20.985659, -89.648486 20.985259, -89.648611 20.984091, -89.648659 20.983585, -89.648678 20.983395, -89.648692 20.983239, -89.648708 20.983089, -89.648751 20.982665, -89.648802 20.982159, -89.648855 20.981728, -89.648897 20.981237, -89.648919 20.981161, -89.649213 20.980675, -89.649215 20.98067, -89.649429 20.980797, -89.649487 20.980832, -89.649502 20.980842, -89.649579 20.980888, -89.649604 20.980903, -89.650439 20.981409, -89.650608 20.981512, -89.650829 20.981647, -89.651302 20.981935, -89.652146 20.98245, -89.652339 20.982568, -89.652385 20.982594, -89.652451 20.982636, -89.652556 20.982701, -89.652895 20.982907, -89.653022 20.982984, -89.653366 20.983191, -89.653638 20.983355, -89.653811 20.983459, -89.653858 20.983487, -89.653935 20.983534, -89.654073 20.983617, -89.654559 20.983905, -89.654561 20.983907, -89.654682 20.983984, -89.654728 20.984015, -89.654332 20.984609, -89.654049 20.985032, -89.653463 20.985915, -89.653247 20.986249, -89.653136 20.986419, -89.652817 20.98693, -89.6528 20.986958, -89.652557 20.987283, -89.652372 20.987562, -89.652327 20.987637, -89.652242 20.987757, -89.652112 20.987954, -89.652046 20.988057, -89.651945 20.988206, -89.651779 20.988456, -89.65156 20.988788, -89.65154 20.988845, -89.651525 20.988886, -89.651516 20.988898, -89.65143 20.989029, -89.651408 20.98906, -89.651346 20.989152, -89.651337 20.989165, -89.651294 20.989224, -89.651051 20.989548, -89.651036 20.98957, -89.651005 20.989589, -89.651 20.989594, -89.650938 20.989656, -89.650902 20.989686, -89.650806 20.989765, -89.650721 20.989818, -89.650612 20.98987, -89.650538 20.989899, -89.650421 20.989929, -89.650315 20.989948, -89.650174 20.989956, -89.649952 20.989942, -89.649647 20.989916, -89.649543 20.989907, -89.649454 20.9899, -89.649451 20.9899, -89.649031 20.989846, -89.64896 20.989836, -89.648916 20.98983, -89.648916 20.989838, -89.648916 20.989846, -89.648915 20.989854, -89.648913 20.989862, -89.64891 20.98987, -89.648906 20.989877, -89.648901 20.989884, -89.648896 20.98989, -89.64889 20.989896, -89.648883 20.989901, -89.648876 20.989906, -89.648868 20.98991, -89.64886 20.989913, -89.648843 20.989916, -89.648835 20.989917, -89.648826 20.989916, -89.648818 20.989915, -89.648809 20.989913, -89.648801 20.989911, -89.648793 20.989907, -89.648786 20.989903, -89.648779 20.989898, -89.648767 20.989886, -89.648616 20.989952, -89.648579 20.989967, -89.648532 20.990007, -89.648497 20.990066, -89.648405 20.990296, -89.6484 20.990309, -89.648367 20.990411, -89.648364 20.990418, -89.648216 20.99081, -89.64821 20.990809, -89.647244 20.990718, -89.646207 20.990621, -89.645153 20.990521, -89.644622 20.990471, -89.644111 20.990423, -89.64413 20.990236, -89.643392 20.99013, -89.6425 20.990004)))"
2748,"MULTIPOLYGON (((-89.644699 20.987461, -89.644528 20.987524, -89.644356 20.987587, -89.644294 20.987582, -89.644135 20.987569, -89.643186 20.987437, -89.643141 20.987432, -89.642863 20.987397, -89.64242 20.987357, -89.642446 20.987316, -89.642463 20.98729, -89.642582 20.987049, -89.642688 20.986714, -89.642721 20.986588, -89.642741 20.9865, -89.642759 20.986276, -89.642815 20.98504, -89.64282 20.984945, -89.642853 20.984311, -89.642905 20.983278, -89.642957 20.982245, -89.643019 20.980963, -89.643022 20.980915, -89.643023 20.980864, -89.643025 20.980816, -89.643026 20.980808, -89.643033 20.980741, -89.643036 20.980684, -89.643174 20.97969, -89.643352 20.978443, -89.643477 20.97765, -89.643547 20.977208, -89.643582 20.977234, -89.643676 20.977304, -89.643685 20.97731, -89.644323 20.977702, -89.645721 20.978563, -89.645793 20.978608, -89.645808 20.978616, -89.645912 20.97868, -89.64594 20.978697, -89.645977 20.978719, -89.646062 20.978769, -89.646187 20.978844, -89.646271 20.978894, -89.64689 20.979261, -89.646972 20.97931, -89.64703 20.979344, -89.647047 20.979355, -89.64761 20.97969, -89.647834 20.979826, -89.64789 20.97986, -89.647986 20.97992, -89.64807 20.979972, -89.64874 20.980378, -89.649215 20.98067, -89.649213 20.980675, -89.648919 20.981161, -89.648897 20.981237, -89.648855 20.981728, -89.648802 20.982159, -89.648751 20.982665, -89.648708 20.983089, -89.648692 20.983239, -89.648678 20.983395, -89.648659 20.983585, -89.648611 20.984091, -89.648486 20.985259, -89.648445 20.985659, -89.648401 20.986079, -89.648355 20.986549, -89.64831 20.987003, -89.648293 20.987175, -89.648263 20.987469, -89.648222 20.987937, -89.648166 20.988411, -89.648161 20.988439, -89.64812 20.988566, -89.648083 20.988665, -89.648034 20.988748, -89.647477 20.988697, -89.64703 20.988654, -89.646519 20.988606, -89.646412 20.988598, -89.645922 20.988559, -89.645728 20.988541, -89.645481 20.988519, -89.645436 20.988509, -89.645363 20.988459, -89.645232 20.988361, -89.645089 20.988315, -89.644605 20.988252, -89.644699 20.987461)))"
2771,"MULTIPOLYGON (((-89.577535 20.95059, -89.577645 20.950626, -89.577738 20.950621, -89.577748 20.950564, -89.577761 20.950489, -89.577823 20.950173, -89.577911 20.949709, -89.578329 20.949697, -89.579821 20.949648, -89.579811 20.949513, -89.580229 20.949498, -89.581634 20.949455, -89.581681 20.949454, -89.582015 20.949446, -89.582355 20.949438, -89.582382 20.94983, -89.582409 20.950276, -89.582434 20.950709, -89.582455 20.951072, -89.58246 20.951162, -89.582486 20.951624, -89.582496 20.951796, -89.582512 20.952067, -89.582523 20.952255, -89.582537 20.952505, -89.582545 20.952634, -89.582549 20.952714, -89.582562 20.952932, -89.582573 20.953122, -89.582576 20.953181, -89.582588 20.953378, -89.582604 20.953643, -89.582615 20.953826, -89.582629 20.954081, -89.582642 20.954309, -89.582655 20.954549, -89.582168 20.954569, -89.581887 20.954581, -89.581649 20.954591, -89.580825 20.954625, -89.580039 20.954658, -89.57914 20.954694, -89.578909 20.954703, -89.578489 20.954718, -89.57802 20.954736, -89.577001 20.954783, -89.57708 20.954314, -89.577083 20.954295, -89.577161 20.953862, -89.57725 20.953378, -89.577328 20.952937, -89.577392 20.952578, -89.577414 20.952457, -89.577498 20.951988, -89.577582 20.95152, -89.578268 20.951496, -89.577535 20.95059)))"
2786,"MULTIPOLYGON (((-89.576789 20.956038, -89.576865 20.955591, -89.57694 20.955144, -89.577001 20.954783, -89.57802 20.954736, -89.578489 20.954718, -89.578909 20.954703, -89.57914 20.954694, -89.580039 20.954658, -89.580825 20.954625, -89.581649 20.954591, -89.581887 20.954581, -89.582168 20.954569, -89.582655 20.954549, -89.582666 20.954736, -89.582676 20.955031, -89.582681 20.955167, -89.582696 20.955482, -89.582703 20.955619, -89.582724 20.956057, -89.582732 20.956252, -89.58269 20.956244, -89.582691 20.956282, -89.582696 20.956427, -89.582706 20.956703, -89.582718 20.95708, -89.582721 20.957305, -89.582724 20.95756, -89.582733 20.95796, -89.582738 20.958175, -89.582728 20.958287, -89.582689 20.958818, -89.582644 20.959404, -89.58261 20.959884, -89.582531 20.959887, -89.582401 20.959894, -89.582315 20.959897, -89.582271 20.959899, -89.58188 20.959916, -89.581456 20.959935, -89.581371 20.959938, -89.581087 20.959951, -89.580845 20.959958, -89.580605 20.959965, -89.580581 20.959966, -89.57993 20.959997, -89.579808 20.960003, -89.579693 20.959248, -89.57962 20.958821, -89.578657 20.958719, -89.577972 20.958504, -89.577665 20.958397, -89.577428 20.95831, -89.576459 20.957964, -89.576558 20.957389, -89.576635 20.956938, -89.576712 20.956491, -89.576754 20.956248, -89.576789 20.956038)))"
2803,"MULTIPOLYGON (((-89.576227 20.99157, -89.576587 20.991252, -89.576953 20.990929, -89.577436 20.990915, -89.577462 20.990916, -89.577458 20.990474, -89.577452 20.990081, -89.57745 20.990029, -89.577441 20.989508, -89.577442 20.989297, -89.577442 20.989133, -89.577429 20.988867, -89.57743 20.98837, -89.577435 20.987926, -89.577441 20.987466, -89.577446 20.98702, -89.577689 20.987049, -89.578051 20.987091, -89.578252 20.987115, -89.578647 20.98716, -89.578876 20.987181, -89.57919 20.98721, -89.579418 20.987236, -89.579962 20.9873, -89.580085 20.987314, -89.580379 20.987351, -89.580479 20.987364, -89.58104 20.987434, -89.581365 20.987473, -89.581073 20.988013, -89.580784 20.988522, -89.580656 20.988737, -89.580523 20.988996, -89.580557 20.989085, -89.580574 20.989128, -89.580371 20.989514, -89.580078 20.990064, -89.579842 20.990502, -89.579601 20.990951, -89.58003 20.990981, -89.579902 20.991213, -89.579764 20.99146, -89.5795 20.991946, -89.57894 20.992982, -89.578733 20.993366, -89.578575 20.993714, -89.578447 20.994096, -89.578139 20.994312, -89.578081 20.994455, -89.577984 20.994695, -89.577759 20.994471, -89.577776 20.994426, -89.577682 20.994334, -89.57701 20.993685, -89.577054 20.993651, -89.57712 20.993599, -89.577306 20.993202, -89.577507 20.992772, -89.576791 20.992126, -89.576227 20.99157)))"
2818,"MULTIPOLYGON (((-89.57843 20.975676, -89.578449 20.976391, -89.578459 20.976747, -89.578467 20.977031, -89.578481 20.977559, -89.578484 20.977677, -89.578501 20.978365, -89.578521 20.9791, -89.578524 20.979172, -89.578552 20.980007, -89.578558 20.980172, -89.578597 20.9808, -89.578621 20.981196, -89.578625 20.981254, -89.578443 20.981262, -89.578387 20.981265, -89.578315 20.981268, -89.577779 20.981292, -89.577526 20.981304, -89.577181 20.981319, -89.576573 20.981347, -89.576439 20.981353, -89.575973 20.981374, -89.575435 20.981398, -89.575363 20.981402, -89.575311 20.981404, -89.575255 20.981405, -89.574287 20.981427, -89.573204 20.981455, -89.573204 20.981401, -89.573207 20.980456, -89.573209 20.980384, -89.573212 20.979438, -89.57323 20.978793, -89.573229 20.978757, -89.5732 20.978134, -89.573159 20.977498, -89.573158 20.977462, -89.573213 20.977114, -89.573263 20.977098, -89.573185 20.97677, -89.574126 20.976574, -89.574249 20.976548, -89.575307 20.976327, -89.575531 20.976272, -89.576349 20.976092, -89.576958 20.975964, -89.577384 20.975881, -89.578361 20.975689, -89.57843 20.975676)))"
2822,"MULTIPOLYGON (((-89.563525 20.981782, -89.563542 20.981666, -89.563613 20.981155, -89.563661 20.980815, -89.563707 20.980486, -89.563723 20.980367, -89.563791 20.980006, -89.563907 20.979146, -89.563957 20.978769, -89.56397 20.978674, -89.56401 20.978403, -89.564088 20.978101, -89.564139 20.97791, -89.564156 20.977849, -89.564288 20.977053, -89.565574 20.977278, -89.565881 20.977182, -89.567051 20.976855, -89.567744 20.976695, -89.567942 20.976721, -89.568968 20.977046, -89.569067 20.977077, -89.569829 20.977344, -89.570005 20.977403, -89.570236 20.977394, -89.57099 20.977256, -89.571296 20.97718, -89.572131 20.977021, -89.572716 20.976867, -89.573185 20.97677, -89.573263 20.977098, -89.573213 20.977114, -89.573158 20.977462, -89.573159 20.977498, -89.5732 20.978134, -89.573229 20.978757, -89.57323 20.978793, -89.573212 20.979438, -89.573209 20.980384, -89.573207 20.980456, -89.573204 20.981401, -89.573204 20.981455, -89.572237 20.981519, -89.572134 20.981522, -89.572126 20.981523, -89.572037 20.981525, -89.572024 20.981525, -89.571058 20.981543, -89.569666 20.981609, -89.56898 20.981643, -89.568299 20.981662, -89.567645 20.9817, -89.567097 20.98173, -89.566465 20.981757, -89.566452 20.981757, -89.566298 20.981764, -89.564872 20.981824, -89.564184 20.981854, -89.56376 20.981872, -89.563518 20.981873, -89.563525 20.981782)))"
2837,"MULTIPOLYGON (((-89.578552 20.980007, -89.579825 20.979746, -89.580852 20.979536, -89.581802 20.979342, -89.582528 20.979196, -89.582714 20.979141, -89.582728 20.97913, -89.582836 20.979053, -89.582925 20.979033, -89.583096 20.979021, -89.583274 20.979014, -89.583859 20.97899, -89.583911 20.978983, -89.583979 20.978973, -89.584517 20.97893, -89.585096 20.978895, -89.585466 20.978904, -89.585524 20.978906, -89.586274 20.978879, -89.58683 20.978859, -89.58748 20.978836, -89.588006 20.978824, -89.588617 20.978795, -89.589679 20.978769, -89.590735 20.978721, -89.591784 20.97868, -89.591838 20.979536, -89.591845 20.979693, -89.591875 20.980373, -89.591893 20.980717, -89.590695 20.980771, -89.59047 20.980784, -89.589819 20.98082, -89.589477 20.980829, -89.589245 20.980833, -89.588741 20.980842, -89.588641 20.980843, -89.587832 20.980852, -89.587464 20.980865, -89.586693 20.980914, -89.586693 20.980914, -89.586199 20.980944, -89.586177 20.980945, -89.586112 20.980947, -89.585134 20.980975, -89.585042 20.980978, -89.584917 20.980985, -89.584612 20.981002, -89.584339 20.981011, -89.584003 20.981022, -89.583736 20.981033, -89.583219 20.981049, -89.583161 20.981053, -89.582793 20.981065, -89.582529 20.981077, -89.581958 20.981103, -89.581886 20.981106, -89.581369 20.981129, -89.58095 20.981148, -89.580924 20.981149, -89.58083 20.981154, -89.580781 20.981156, -89.580178 20.981183, -89.579885 20.981197, -89.579544 20.981212, -89.578966 20.981238, -89.578625 20.981254, -89.578621 20.981196, -89.578597 20.9808, -89.578558 20.980172, -89.578552 20.980007)))"
2841,"MULTIPOLYGON (((-89.578501 20.978365, -89.578484 20.977677, -89.578481 20.977559, -89.579728 20.977307, -89.580758 20.977119, -89.581718 20.976923, -89.582619 20.976726, -89.582615 20.97701, -89.583105 20.976988, -89.583229 20.976979, -89.583828 20.976957, -89.584417 20.97691, -89.58501 20.976895, -89.58554 20.976871, -89.585634 20.976871, -89.585647 20.976871, -89.585663 20.97687, -89.58621 20.976852, -89.587231 20.976803, -89.587109 20.977344, -89.587004 20.977827, -89.586904 20.978366, -89.586839 20.978776, -89.58683 20.978859, -89.586274 20.978879, -89.585524 20.978906, -89.585466 20.978904, -89.585096 20.978895, -89.584517 20.97893, -89.583979 20.978973, -89.583911 20.978983, -89.583859 20.97899, -89.583274 20.979014, -89.583096 20.979021, -89.582925 20.979033, -89.582836 20.979053, -89.582728 20.97913, -89.582714 20.979141, -89.582528 20.979196, -89.581802 20.979342, -89.580852 20.979536, -89.579825 20.979746, -89.578552 20.980007, -89.578524 20.979172, -89.578521 20.9791, -89.578501 20.978365)))"
2856,"MULTIPOLYGON (((-89.578449 20.976391, -89.57843 20.975676, -89.578684 20.975628, -89.579085 20.975553, -89.579439 20.975486, -89.579651 20.975447, -89.579778 20.975423, -89.580698 20.97525, -89.580798 20.975226, -89.58162 20.975033, -89.581646 20.975027, -89.581992 20.974956, -89.582487 20.974842, -89.583567 20.97463, -89.583698 20.974603, -89.584281 20.974482, -89.584588 20.974418, -89.584896 20.974354, -89.585626 20.974211, -89.586019 20.974137, -89.586726 20.973992, -89.587819 20.973767, -89.587913 20.973752, -89.587796 20.974277, -89.587696 20.974748, -89.5876 20.975233, -89.587587 20.975292, -89.587485 20.97576, -89.58736 20.976252, -89.587231 20.976803, -89.58621 20.976852, -89.585663 20.97687, -89.585647 20.976871, -89.585634 20.976871, -89.58554 20.976871, -89.58501 20.976895, -89.584417 20.97691, -89.583828 20.976957, -89.583229 20.976979, -89.583105 20.976988, -89.582615 20.97701, -89.582619 20.976726, -89.581718 20.976923, -89.580758 20.977119, -89.579728 20.977307, -89.578481 20.977559, -89.578467 20.977031, -89.578459 20.976747, -89.578449 20.976391)))"
2860,"MULTIPOLYGON (((-89.598325 20.958003, -89.597315 20.958184, -89.596261 20.958413, -89.596293 20.957464, -89.596295 20.957382, -89.596327 20.956367, -89.596354 20.955439, -89.596355 20.955376, -89.596373 20.954412, -89.596373 20.954361, -89.596371 20.953681, -89.596369 20.953331, -89.596379 20.95243, -89.596385 20.952316, -89.596386 20.95231, -89.596577 20.952423, -89.596831 20.952571, -89.597466 20.952939, -89.59747 20.952942, -89.597556 20.952986, -89.597563 20.95299, -89.597664 20.953053, -89.598196 20.953372, -89.598381 20.953483, -89.598494 20.953548, -89.598712 20.953676, -89.599033 20.953861, -89.599297 20.954015, -89.599551 20.954163, -89.599599 20.954191, -89.59961 20.954198, -89.600275 20.954591, -89.600316 20.954614, -89.600618 20.954792, -89.601173 20.955115, -89.601518 20.955322, -89.601739 20.955451, -89.60208 20.955652, -89.602429 20.955855, -89.602752 20.956018, -89.602821 20.956196, -89.602877 20.956318, -89.603206 20.957035, -89.603529 20.957777, -89.603629 20.958, -89.603754 20.95829, -89.60401 20.958872, -89.604396 20.959834, -89.604489 20.960065, -89.604307 20.959998, -89.603722 20.9598, -89.602826 20.959497, -89.602796 20.959487, -89.601798 20.959154, -89.601537 20.959066, -89.600622 20.958757, -89.599828 20.958481, -89.599778 20.958469, -89.599146 20.958263, -89.598768 20.958135, -89.598632 20.958092, -89.598368 20.958006, -89.598325 20.958003)))"
2875,"MULTIPOLYGON (((-89.591813 20.958369, -89.591815 20.958327, -89.591844 20.957769, -89.591919 20.95728, -89.591923 20.957256, -89.591987 20.956914, -89.591991 20.956833, -89.591997 20.956739, -89.592023 20.956277, -89.592083 20.95525, -89.592145 20.95424, -89.59221 20.953191, -89.592233 20.952812, -89.592255 20.952299, -89.592256 20.95225, -89.59226 20.952181, -89.592262 20.952114, -89.59227 20.951882, -89.592294 20.9515, -89.592282 20.951467, -89.59212 20.951005, -89.591862 20.95032, -89.591711 20.950119, -89.591402 20.949703, -89.591592 20.949436, -89.592185 20.949819, -89.592235 20.949849, -89.59239 20.949951, -89.592578 20.950059, -89.592752 20.950159, -89.593449 20.950574, -89.59438 20.951129, -89.595011 20.951504, -89.595369 20.951717, -89.595435 20.951755, -89.595551 20.951822, -89.595726 20.951925, -89.596188 20.952195, -89.596386 20.95231, -89.596385 20.952316, -89.596379 20.95243, -89.596369 20.953331, -89.596371 20.953681, -89.596373 20.954361, -89.596373 20.954412, -89.596355 20.955376, -89.596354 20.955439, -89.596327 20.956367, -89.596295 20.957382, -89.596293 20.957464, -89.596261 20.958413, -89.595236 20.95862, -89.594453 20.958778, -89.594166 20.958839, -89.593112 20.959066, -89.591762 20.959331, -89.59177 20.959169, -89.591813 20.958369)))"
288A,"MULTIPOLYGON (((-89.587387 20.957567, -89.587323 20.956589, -89.587259 20.955598, -89.587196 20.954623, -89.587194 20.954592, -89.587135 20.953603, -89.587516 20.953575, -89.587492 20.953129, -89.587467 20.952686, -89.587465 20.952647, -89.58744 20.952258, -89.587412 20.95182, -89.5874 20.95163, -89.587384 20.951379, -89.587352 20.950898, -89.58735 20.95086, -89.587648 20.95059, -89.587703 20.95054, -89.587966 20.950302, -89.587958 20.950182, -89.587951 20.949671, -89.58795 20.949571, -89.587943 20.949162, -89.587952 20.948631, -89.587962 20.948087, -89.586724 20.947464, -89.586489 20.947861, -89.585413 20.947295, -89.585643 20.946882, -89.58399 20.946038, -89.584114 20.945793, -89.584243 20.945538, -89.58426 20.945503, -89.584461 20.945584, -89.585258 20.945852, -89.585494 20.945968, -89.585727 20.946076, -89.585737 20.946081, -89.586405 20.946415, -89.586813 20.946614, -89.587174 20.946826, -89.587346 20.946919, -89.587554 20.947043, -89.588143 20.947388, -89.588605 20.947664, -89.589687 20.948312, -89.590648 20.948852, -89.590988 20.949062, -89.591592 20.949436, -89.591402 20.949703, -89.591711 20.950119, -89.591862 20.95032, -89.59212 20.951005, -89.592282 20.951467, -89.592294 20.9515, -89.59227 20.951882, -89.592262 20.952114, -89.59226 20.952181, -89.592256 20.95225, -89.592255 20.952299, -89.592233 20.952812, -89.59221 20.953191, -89.592145 20.95424, -89.592083 20.95525, -89.592023 20.956277, -89.591997 20.956739, -89.591991 20.956833, -89.591987 20.956914, -89.591923 20.957256, -89.591919 20.95728, -89.591844 20.957769, -89.591815 20.958327, -89.591813 20.958369, -89.591787 20.958368, -89.591783 20.958368, -89.591449 20.958352, -89.591413 20.958309, -89.590311 20.958371, -89.589551 20.958414, -89.588485 20.958474, -89.587449 20.958532, -89.587387 20.957567)))"
2894,"MULTIPOLYGON (((-89.582644 20.959404, -89.582689 20.958818, -89.582728 20.958287, -89.582738 20.958175, -89.582733 20.95796, -89.582724 20.95756, -89.582721 20.957305, -89.582718 20.95708, -89.582706 20.956703, -89.582696 20.956427, -89.582691 20.956282, -89.58269 20.956244, -89.582732 20.956252, -89.582724 20.956057, -89.582703 20.955619, -89.582696 20.955482, -89.582681 20.955167, -89.582676 20.955031, -89.582666 20.954736, -89.582655 20.954549, -89.582642 20.954309, -89.582629 20.954081, -89.582615 20.953826, -89.582604 20.953643, -89.582588 20.953378, -89.582576 20.953181, -89.582573 20.953122, -89.582562 20.952932, -89.584249 20.952852, -89.585088 20.952811, -89.585992 20.95276, -89.587467 20.952686, -89.587492 20.953129, -89.587516 20.953575, -89.587135 20.953603, -89.587194 20.954592, -89.587196 20.954623, -89.587259 20.955598, -89.587323 20.956589, -89.587387 20.957567, -89.587449 20.958532, -89.588485 20.958474, -89.589551 20.958414, -89.590311 20.958371, -89.591413 20.958309, -89.591449 20.958352, -89.591783 20.958368, -89.591787 20.958368, -89.591813 20.958369, -89.59177 20.959169, -89.591762 20.959331, -89.591732 20.959337, -89.591679 20.959347, -89.591561 20.959366, -89.59071 20.959499, -89.590084 20.959563, -89.590071 20.959563, -89.58984 20.959582, -89.589826 20.959582, -89.58875 20.95964, -89.588744 20.95964, -89.588664 20.959643, -89.588547 20.959648, -89.588535 20.959649, -89.588211 20.959665, -89.588179 20.959667, -89.588037 20.959673, -89.587612 20.959695, -89.586774 20.959732, -89.586611 20.95974, -89.586308 20.959754, -89.585747 20.959779, -89.585659 20.959783, -89.585633 20.959782, -89.585555 20.959785, -89.585549 20.959785, -89.584709 20.959814, -89.584703 20.959814, -89.584635 20.959817, -89.584584 20.959818, -89.58433 20.959824, -89.583749 20.959846, -89.583702 20.959848, -89.583081 20.959869, -89.582698 20.959882, -89.582679 20.959883, -89.58261 20.959884, -89.582644 20.959404)))"
2907,"MULTIPOLYGON (((-89.585088 20.952811, -89.584249 20.952852, -89.582562 20.952932, -89.582549 20.952714, -89.582545 20.952634, -89.582537 20.952505, -89.582523 20.952255, -89.582512 20.952067, -89.582496 20.951796, -89.582486 20.951624, -89.58246 20.951162, -89.582455 20.951072, -89.582434 20.950709, -89.582409 20.950276, -89.582382 20.94983, -89.582355 20.949438, -89.582344 20.949289, -89.582365 20.949248, -89.582422 20.949134, -89.582564 20.948854, -89.582771 20.948445, -89.582794 20.9484, -89.582965 20.948063, -89.583167 20.947663, -89.583274 20.947453, -89.583364 20.947274, -89.583565 20.946877, -89.58375 20.946511, -89.583785 20.946443, -89.58399 20.946038, -89.585643 20.946882, -89.585413 20.947295, -89.586489 20.947861, -89.586724 20.947464, -89.587962 20.948087, -89.587952 20.948631, -89.587943 20.949162, -89.58795 20.949571, -89.587951 20.949671, -89.587958 20.950182, -89.587966 20.950302, -89.587703 20.95054, -89.587648 20.95059, -89.58735 20.95086, -89.587352 20.950898, -89.587384 20.951379, -89.5874 20.95163, -89.587412 20.95182, -89.58744 20.952258, -89.587465 20.952647, -89.587467 20.952686, -89.585992 20.95276, -89.585088 20.952811)))"
2911,"MULTIPOLYGON (((-89.582439 20.972858, -89.582879 20.972763, -89.582979 20.972744, -89.582959 20.97232, -89.582954 20.972222, -89.582932 20.971776, -89.582901 20.971331, -89.582883 20.97088, -89.582881 20.970654, -89.582883 20.970424, -89.584492 20.97041, -89.584998 20.97041, -89.585579 20.970414, -89.585593 20.970414, -89.585606 20.970414, -89.586725 20.970404, -89.587727 20.970384, -89.58772 20.969932, -89.587718 20.969815, -89.587822 20.969808, -89.58786 20.969806, -89.588074 20.969791, -89.588292 20.969763, -89.588436 20.969744, -89.588882 20.969685, -89.589997 20.969506, -89.590038 20.969499, -89.590068 20.969494, -89.59107 20.969333, -89.591184 20.969315, -89.591195 20.969313, -89.59114 20.970204, -89.591132 20.970323, -89.591108 20.970628, -89.591106 20.970798, -89.591074 20.971392, -89.591034 20.972129, -89.591009 20.972611, -89.590986 20.97312, -89.590958 20.973126, -89.590473 20.973227, -89.590498 20.973674, -89.590535 20.974195, -89.590553 20.974571, -89.590495 20.974573, -89.589555 20.974621, -89.589481 20.974626, -89.588434 20.974696, -89.587696 20.974748, -89.587796 20.974277, -89.587913 20.973752, -89.587819 20.973767, -89.586726 20.973992, -89.586019 20.974137, -89.585626 20.974211, -89.584896 20.974354, -89.584588 20.974418, -89.584281 20.974482, -89.583698 20.974603, -89.583567 20.97463, -89.582487 20.974842, -89.582466 20.97382, -89.582439 20.972858)))"
2926,"MULTIPOLYGON (((-89.58288 20.969889, -89.582886 20.969498, -89.582866 20.968812, -89.582812 20.967598, -89.582792 20.967114, -89.582783 20.966899, -89.582767 20.966656, -89.583728 20.966658, -89.583709 20.966607, -89.5837 20.966207, -89.583688 20.965748, -89.583661 20.96527, -89.583637 20.964612, -89.583998 20.96463, -89.584998 20.964728, -89.585537 20.964781, -89.585958 20.964822, -89.586924 20.964923, -89.587335 20.964966, -89.587919 20.965028, -89.588399 20.965075, -89.588481 20.965082, -89.589003 20.965125, -89.589737 20.965173, -89.590494 20.965213, -89.591433 20.965274, -89.591362 20.966369, -89.591304 20.967264, -89.591303 20.967296, -89.591256 20.968239, -89.591195 20.969313, -89.591184 20.969315, -89.59107 20.969333, -89.590068 20.969494, -89.590038 20.969499, -89.589997 20.969506, -89.588882 20.969685, -89.588436 20.969744, -89.588292 20.969763, -89.588074 20.969791, -89.58786 20.969806, -89.587822 20.969808, -89.587718 20.969815, -89.58772 20.969932, -89.587727 20.970384, -89.586725 20.970404, -89.585606 20.970414, -89.585593 20.970414, -89.585579 20.970414, -89.584998 20.97041, -89.584492 20.97041, -89.582883 20.970424, -89.58288 20.969889)))"
2930,"MULTIPOLYGON (((-89.592954 20.980357, -89.592924 20.979642, -89.592912 20.979319, -89.592876 20.97863, -89.592849 20.978094, -89.592838 20.977613, -89.592798 20.97659, -89.592798 20.976583, -89.592798 20.976574, -89.592778 20.975817, -89.592777 20.975797, -89.593931 20.976283, -89.594421 20.976521, -89.596097 20.977249, -89.597635 20.97791, -89.597704 20.97794, -89.598321 20.978201, -89.59848 20.978268, -89.599556 20.978724, -89.600271 20.979028, -89.600567 20.979159, -89.601621 20.979625, -89.602329 20.979937, -89.602382 20.979959, -89.60241 20.97997, -89.603156 20.98027, -89.603065 20.980275, -89.602683 20.980299, -89.602348 20.98032, -89.602131 20.98033, -89.602098 20.980332, -89.601614 20.980356, -89.601527 20.98036, -89.601431 20.980363, -89.601096 20.980374, -89.600442 20.980397, -89.59937 20.980435, -89.598348 20.980467, -89.598286 20.980469, -89.598226 20.980471, -89.597532 20.980498, -89.597445 20.980502, -89.597365 20.980503, -89.59724 20.980505, -89.596829 20.980513, -89.596158 20.980541, -89.595828 20.980554, -89.595075 20.980617, -89.594955 20.980623, -89.594455 20.980647, -89.594093 20.98066, -89.592964 20.980685, -89.592954 20.980357)))"
2945,"MULTIPOLYGON (((-89.591784 20.97868, -89.590735 20.978721, -89.589679 20.978769, -89.588617 20.978795, -89.588006 20.978824, -89.58748 20.978836, -89.58683 20.978859, -89.586839 20.978776, -89.586904 20.978366, -89.587004 20.977827, -89.587109 20.977344, -89.587231 20.976803, -89.58736 20.976252, -89.587485 20.97576, -89.587587 20.975292, -89.5876 20.975233, -89.587696 20.974748, -89.588434 20.974696, -89.589481 20.974626, -89.589555 20.974621, -89.590495 20.974573, -89.590553 20.974571, -89.590535 20.974195, -89.590498 20.973674, -89.590473 20.973227, -89.590958 20.973126, -89.590986 20.97312, -89.590972 20.973439, -89.590997 20.973602, -89.59103 20.973813, -89.591247 20.974473, -89.591299 20.97455, -89.591492 20.974832, -89.591658 20.975033, -89.591806 20.975189, -89.591944 20.975314, -89.592068 20.975409, -89.592228 20.975521, -89.592556 20.975697, -89.592777 20.975797, -89.592778 20.975817, -89.592798 20.976574, -89.592798 20.976583, -89.592798 20.97659, -89.592838 20.977613, -89.592849 20.978094, -89.592876 20.97863, -89.592912 20.979319, -89.592924 20.979642, -89.592954 20.980357, -89.592964 20.980685, -89.591893 20.980717, -89.591875 20.980373, -89.591845 20.979693, -89.591838 20.979536, -89.591784 20.97868)))"
295A,"MULTIPOLYGON (((-89.568197 20.973499, -89.567876 20.973578, -89.567982 20.972995, -89.568074 20.972486, -89.568077 20.97246, -89.568087 20.972367, -89.568155 20.971743, -89.568229 20.971539, -89.568749 20.971426, -89.569138 20.971352, -89.569788 20.971238, -89.56992 20.971215, -89.570819 20.971265, -89.57129 20.971286, -89.571545 20.971278, -89.572217 20.971256, -89.572296 20.971256, -89.57278 20.971215, -89.57303 20.971096, -89.5731 20.97108, -89.573152 20.971068, -89.573395 20.971011, -89.574469 20.970763, -89.575051 20.97063, -89.575713 20.970476, -89.576695 20.97025, -89.576703 20.970245, -89.576884 20.970176, -89.577202 20.970051, -89.577328 20.970532, -89.577457 20.971055, -89.577582 20.971498, -89.577705 20.971929, -89.577822 20.972339, -89.577946 20.972773, -89.578019 20.973072, -89.578028 20.973108, -89.578134 20.973584, -89.578248 20.97401, -89.578352 20.97443, -89.578483 20.974902, -89.578596 20.975312, -89.578684 20.975628, -89.57843 20.975676, -89.578361 20.975689, -89.577384 20.975881, -89.576958 20.975964, -89.576349 20.976092, -89.575531 20.976272, -89.575307 20.976327, -89.574249 20.976548, -89.574126 20.976574, -89.573185 20.97677, -89.572716 20.976867, -89.572131 20.977021, -89.571296 20.97718, -89.57099 20.977256, -89.570236 20.977394, -89.570005 20.977403, -89.569829 20.977344, -89.569067 20.977077, -89.568899 20.976389, -89.568673 20.97543, -89.568533 20.974942, -89.568425 20.974483, -89.568197 20.973499)))"
2964,"MULTIPOLYGON (((-89.564288 20.977053, -89.564288 20.977052, -89.564297 20.976995, -89.564298 20.97699, -89.564371 20.97648, -89.564443 20.975977, -89.564584 20.974996, -89.564675 20.974357, -89.564722 20.974085, -89.564653 20.974031, -89.564646 20.974025, -89.564648 20.974007, -89.564797 20.972971, -89.564921 20.972107, -89.564933 20.972025, -89.56508 20.971029, -89.565226 20.970037, -89.565249 20.969883, -89.565371 20.969056, -89.565459 20.968463, -89.565463 20.968434, -89.565484 20.968298, -89.56552 20.968066, -89.565523 20.968047, -89.566088 20.968114, -89.567334 20.967952, -89.567388 20.967944, -89.568762 20.967747, -89.56871 20.968194, -89.56868 20.968465, -89.568673 20.968524, -89.568602 20.968902, -89.568557 20.96914, -89.568538 20.96926, -89.568482 20.969616, -89.568457 20.969779, -89.568436 20.970026, -89.568405 20.97041, -89.568401 20.970453, -89.568376 20.970752, -89.568348 20.971075, -89.568343 20.971104, -89.568306 20.97133, -89.568229 20.971539, -89.568155 20.971743, -89.568087 20.972367, -89.568077 20.97246, -89.568074 20.972486, -89.567982 20.972995, -89.567876 20.973578, -89.568197 20.973499, -89.568425 20.974483, -89.568533 20.974942, -89.568673 20.97543, -89.568899 20.976389, -89.569067 20.977077, -89.568968 20.977046, -89.567942 20.976721, -89.567744 20.976695, -89.567051 20.976855, -89.565881 20.977182, -89.565574 20.977278, -89.564288 20.977053)))"
2979,"MULTIPOLYGON (((-89.570161 20.961223, -89.571318 20.96097, -89.571359 20.960962, -89.572291 20.960759, -89.573201 20.960664, -89.57402 20.960578, -89.574049 20.960575, -89.574877 20.960488, -89.574827 20.960908, -89.574765 20.961216, -89.57473 20.961424, -89.574694 20.96164, -89.57464 20.961977, -89.574614 20.962133, -89.574348 20.963263, -89.574181 20.964236, -89.574166 20.964275, -89.574037 20.965236, -89.573905 20.966221, -89.573801 20.966992, -89.5738 20.966999, -89.57355 20.967049, -89.573515 20.967057, -89.572676 20.967174, -89.572672 20.967175, -89.572528 20.9672, -89.572465 20.967211, -89.572133 20.967262, -89.571373 20.967375, -89.571354 20.967378, -89.5706 20.967512, -89.57024 20.967565, -89.569631 20.967646, -89.568762 20.967747, -89.568958 20.96677, -89.568992 20.966614, -89.569211 20.965632, -89.569215 20.965614, -89.569432 20.964641, -89.569588 20.963944, -89.56962 20.963791, -89.569627 20.963759, -89.569858 20.962662, -89.570052 20.9617, -89.570161 20.961223)))"
2983,"MULTIPOLYGON (((-89.565523 20.968047, -89.565665 20.967103, -89.565839 20.96591, -89.565858 20.96578, -89.565876 20.96566, -89.565981 20.964975, -89.566016 20.964796, -89.566046 20.964679, -89.566057 20.964636, -89.566079 20.964338, -89.566166 20.963724, -89.566177 20.963651, -89.566227 20.963334, -89.566282 20.962988, -89.566302 20.962781, -89.566307 20.962728, -89.566302 20.962685, -89.566318 20.962556, -89.566326 20.96249, -89.566329 20.962439, -89.566326 20.962382, -89.566317 20.962333, -89.5663 20.962285, -89.566275 20.962244, -89.566256 20.962219, -89.566223 20.962188, -89.566173 20.962143, -89.567043 20.961888, -89.567874 20.961698, -89.567981 20.961675, -89.568689 20.961529, -89.56905 20.961454, -89.569384 20.961385, -89.570161 20.961223, -89.570052 20.9617, -89.569858 20.962662, -89.569627 20.963759, -89.56962 20.963791, -89.569588 20.963944, -89.569432 20.964641, -89.569215 20.965614, -89.569211 20.965632, -89.568992 20.966614, -89.568958 20.96677, -89.568762 20.967747, -89.567388 20.967944, -89.567334 20.967952, -89.566088 20.968114, -89.565523 20.968047)))"
2998,"MULTIPOLYGON (((-89.596386 20.95231, -89.596188 20.952195, -89.595726 20.951925, -89.595728 20.951921, -89.596007 20.951121, -89.596033 20.951043, -89.596203 20.950524, -89.596209 20.950508, -89.596385 20.950004, -89.596391 20.949986, -89.596562 20.949499, -89.596654 20.949236, -89.596749 20.948951, -89.596772 20.948881, -89.596937 20.948455, -89.597132 20.947924, -89.597165 20.947832, -89.597313 20.947425, -89.597298 20.947375, -89.597074 20.946414, -89.596792 20.945626, -89.596746 20.945511, -89.596461 20.944799, -89.596372 20.944574, -89.596081 20.943845, -89.595998 20.943618, -89.59693 20.943451, -89.598029 20.943255, -89.598096 20.943433, -89.598264 20.943874, -89.598406 20.944244, -89.598429 20.944304, -89.59847 20.944412, -89.598618 20.944797, -89.598764 20.945176, -89.598828 20.945309, -89.599124 20.946114, -89.599459 20.947042, -89.59966 20.947607, -89.599708 20.947741, -89.599799 20.947999, -89.599984 20.94845, -89.60001 20.94852, -89.600057 20.948643, -89.600155 20.948906, -89.60026 20.949198, -89.600293 20.94927, -89.600383 20.949513, -89.600501 20.949831, -89.600647 20.950139, -89.60071 20.950266, -89.600843 20.950534, -89.600838 20.95055, -89.600809 20.950639, -89.600936 20.951, -89.600973 20.951107, -89.601102 20.951496, -89.601234 20.951894, -89.601307 20.952111, -89.601502 20.952687, -89.60151 20.952707, -89.600967 20.953141, -89.599697 20.954132, -89.59961 20.954198, -89.599599 20.954191, -89.599551 20.954163, -89.599297 20.954015, -89.599033 20.953861, -89.598712 20.953676, -89.598494 20.953548, -89.598381 20.953483, -89.598196 20.953372, -89.597664 20.953053, -89.597563 20.95299, -89.597556 20.952986, -89.59747 20.952942, -89.597466 20.952939, -89.596831 20.952571, -89.596577 20.952423, -89.596386 20.95231)))"
3002,"MULTIPOLYGON (((-89.59239 20.949951, -89.592399 20.949802, -89.59242 20.949427, -89.59245 20.948889, -89.592469 20.948478, -89.592475 20.948343, -89.592507 20.947776, -89.59251 20.947726, -89.592528 20.947412, -89.592538 20.947244, -89.592539 20.947236, -89.592539 20.947225, -89.592547 20.947089, -89.592548 20.947085, -89.592585 20.946445, -89.592611 20.946008, -89.592668 20.945031, -89.592686 20.944721, -89.592716 20.944182, -89.592772 20.943221, -89.592781 20.94306, -89.592785 20.942979, -89.592787 20.942954, -89.592787 20.942947, -89.592789 20.942918, -89.592789 20.942911, -89.5928 20.942689, -89.592846 20.941804, -89.592859 20.94155, -89.592865 20.94143, -89.592906 20.940628, -89.592924 20.940503, -89.592939 20.940473, -89.592993 20.940363, -89.593121 20.940195, -89.593259 20.940085, -89.593367 20.94003, -89.593531 20.939981, -89.59359 20.93997, -89.593785 20.939963, -89.594092 20.939962, -89.594849 20.939958, -89.594975 20.939958, -89.595493 20.939956, -89.595839 20.939946, -89.595967 20.939942, -89.596637 20.939924, -89.596795 20.939919, -89.59692 20.940274, -89.597129 20.940861, -89.597324 20.941381, -89.597538 20.94195, -89.597579 20.942066, -89.597673 20.94231, -89.597724 20.942446, -89.59792 20.942967, -89.597963 20.943081, -89.598029 20.943255, -89.59693 20.943451, -89.595998 20.943618, -89.596081 20.943845, -89.596372 20.944574, -89.596461 20.944799, -89.596746 20.945511, -89.596792 20.945626, -89.597074 20.946414, -89.597298 20.947375, -89.597313 20.947425, -89.597165 20.947832, -89.597132 20.947924, -89.596937 20.948455, -89.596772 20.948881, -89.596749 20.948951, -89.596654 20.949236, -89.596562 20.949499, -89.596391 20.949986, -89.596385 20.950004, -89.596209 20.950508, -89.596203 20.950524, -89.596033 20.951043, -89.596007 20.951121, -89.595728 20.951921, -89.595726 20.951925, -89.595551 20.951822, -89.595435 20.951755, -89.595369 20.951717, -89.595011 20.951504, -89.59438 20.951129, -89.593449 20.950574, -89.592752 20.950159, -89.592578 20.950059, -89.59239 20.949951)))"
3017,"MULTIPOLYGON (((-89.581365 20.987473, -89.581615 20.987503, -89.581705 20.98738, -89.582316 20.986342, -89.582619 20.98648, -89.582665 20.986491, -89.582693 20.986499, -89.584467 20.986621, -89.584582 20.986632, -89.584644 20.986638, -89.585596 20.986685, -89.586005 20.986713, -89.586047 20.986717, -89.586385 20.987025, -89.586577 20.987187, -89.586551 20.98721, -89.58569 20.987986, -89.585199 20.988429, -89.584881 20.988718, -89.584552 20.989018, -89.584475 20.989088, -89.584376 20.989179, -89.584361 20.989387, -89.584352 20.989507, -89.584308 20.99003, -89.584273 20.99043, -89.584252 20.99067, -89.584232 20.990978, -89.58422 20.991151, -89.584212 20.991286, -89.584268 20.991289, -89.584107 20.991552, -89.583699 20.992206, -89.583032 20.993281, -89.583042 20.9933, -89.583047 20.993403, -89.581631 20.99407, -89.58137 20.994212, -89.580658 20.994584, -89.580187 20.994789, -89.579901 20.994925, -89.579084 20.995296, -89.578483 20.995592, -89.577554 20.995952, -89.577913 20.994943, -89.577984 20.994695, -89.578081 20.994455, -89.578139 20.994312, -89.578447 20.994096, -89.578575 20.993714, -89.578733 20.993366, -89.57894 20.992982, -89.5795 20.991946, -89.579764 20.99146, -89.579902 20.991213, -89.58003 20.990981, -89.579601 20.990951, -89.579842 20.990502, -89.580078 20.990064, -89.580371 20.989514, -89.580574 20.989128, -89.580557 20.989085, -89.580523 20.988996, -89.580656 20.988737, -89.580784 20.988522, -89.581073 20.988013, -89.581365 20.987473)))"
3021,"MULTIPOLYGON (((-89.582316 20.986342, -89.582415 20.986178, -89.582806 20.985531, -89.582846 20.985463, -89.583359 20.984607, -89.583645 20.984143, -89.583681 20.984085, -89.583847 20.98383, -89.584233 20.983239, -89.584675 20.983225, -89.584889 20.98292, -89.584912 20.982658, -89.584918 20.982553, -89.584929 20.982438, -89.584958 20.982095, -89.58497 20.981952, -89.584975 20.981866, -89.584977 20.981819, -89.585012 20.981374, -89.58504 20.981007, -89.58504 20.980987, -89.585042 20.980978, -89.585134 20.980975, -89.586112 20.980947, -89.586177 20.980945, -89.586199 20.980944, -89.586693 20.980914, -89.586693 20.980914, -89.587464 20.980865, -89.587467 20.980905, -89.58749 20.981193, -89.587491 20.98122, -89.587516 20.981606, -89.587532 20.982017, -89.588337 20.981974, -89.588044 20.982746, -89.588951 20.983066, -89.589858 20.983387, -89.589863 20.98399, -89.589867 20.984031, -89.58987 20.984089, -89.58987 20.984147, -89.589866 20.984205, -89.589807 20.98444, -89.5897 20.98486, -89.589688 20.984943, -89.58967 20.985013, -89.589657 20.985048, -89.589625 20.985114, -89.589584 20.985176, -89.589555 20.985215, -89.589532 20.985244, -89.589506 20.985271, -89.589477 20.985295, -89.589445 20.985317, -89.589412 20.985335, -89.589376 20.985349, -89.589339 20.98536, -89.589301 20.985367, -89.589263 20.985371, -89.589224 20.985371, -89.589188 20.985367, -89.589152 20.985359, -89.589029 20.98541, -89.58882 20.985496, -89.588532 20.985649, -89.588481 20.985676, -89.588253 20.985807, -89.588066 20.985908, -89.587982 20.985954, -89.587895 20.986006, -89.587418 20.986428, -89.586927 20.986885, -89.586604 20.987164, -89.586577 20.987187, -89.586385 20.987025, -89.586047 20.986717, -89.586005 20.986713, -89.585596 20.986685, -89.584644 20.986638, -89.584582 20.986632, -89.584467 20.986621, -89.582693 20.986499, -89.582665 20.986491, -89.582619 20.98648, -89.582316 20.986342)))"
3036,"MULTIPOLYGON (((-89.583909 20.994724, -89.583709 20.994338, -89.583428 20.993814, -89.583122 20.993253, -89.583042 20.9933, -89.583032 20.993281, -89.583699 20.992206, -89.584107 20.991552, -89.584268 20.991289, -89.584212 20.991286, -89.58422 20.991151, -89.584232 20.990978, -89.584252 20.99067, -89.584273 20.99043, -89.584308 20.99003, -89.584352 20.989507, -89.584361 20.989387, -89.584376 20.989179, -89.584475 20.989088, -89.584552 20.989018, -89.584881 20.988718, -89.585199 20.988429, -89.58569 20.987986, -89.585797 20.988021, -89.586112 20.988125, -89.586262 20.98817, -89.587268 20.98849, -89.58703 20.989021, -89.587902 20.989759, -89.588056 20.98989, -89.588172 20.989988, -89.588861 20.990572, -89.588825 20.990589, -89.587843 20.991047, -89.587696 20.991115, -89.586898 20.991487, -89.586745 20.991558, -89.585957 20.991925, -89.586474 20.993007, -89.586954 20.993936, -89.587021 20.994072, -89.587111 20.994134, -89.588031 20.994437, -89.589054 20.994773, -89.590091 20.995114, -89.590179 20.994878, -89.590341 20.994341, -89.590415 20.994126, -89.589361 20.993829, -89.58934 20.993823, -89.589681 20.992866, -89.590732 20.993215, -89.590528 20.993827, -89.592167 20.994322, -89.592153 20.994361, -89.591998 20.994803, -89.591808 20.995344, -89.591746 20.995522, -89.591603 20.99593, -89.591299 20.996799, -89.591225 20.997028, -89.590527 20.996987, -89.589443 20.996936, -89.589402 20.9969, -89.588823 20.996837, -89.588465 20.996806, -89.588418 20.996793, -89.587429 20.996695, -89.587301 20.996692, -89.587132 20.996682, -89.586852 20.996667, -89.586202 20.996624, -89.585977 20.996597, -89.584851 20.996484, -89.584678 20.996117, -89.584411 20.995626, -89.584181 20.995209, -89.583909 20.994724)))"
3040,"MULTIPOLYGON (((-89.589152 20.985359, -89.589188 20.985367, -89.589224 20.985371, -89.589263 20.985371, -89.589301 20.985367, -89.589339 20.98536, -89.589376 20.985349, -89.589412 20.985335, -89.589445 20.985317, -89.589477 20.985295, -89.589506 20.985271, -89.589532 20.985244, -89.589555 20.985215, -89.589584 20.985176, -89.589625 20.985114, -89.589657 20.985048, -89.58967 20.985013, -89.589688 20.984943, -89.5897 20.98486, -89.589807 20.98444, -89.59011 20.984588, -89.591104 20.983727, -89.591667 20.984248, -89.59172 20.984305, -89.592571 20.985231, -89.593165 20.984452, -89.593727 20.985184, -89.593806 20.98525, -89.593832 20.985265, -89.59444 20.984444, -89.595077 20.985144, -89.594648 20.985725, -89.594339 20.986135, -89.594164 20.986384, -89.593947 20.986674, -89.593667 20.987055, -89.593346 20.987493, -89.593125 20.987797, -89.593007 20.987958, -89.592976 20.988001, -89.592654 20.988451, -89.592519 20.988638, -89.59219 20.989, -89.592016 20.989099, -89.591192 20.989474, -89.590555 20.989779, -89.590252 20.989923, -89.589791 20.990139, -89.589272 20.990381, -89.588861 20.990572, -89.588172 20.989988, -89.588056 20.98989, -89.587902 20.989759, -89.58703 20.989021, -89.587268 20.98849, -89.586262 20.98817, -89.586112 20.988125, -89.585797 20.988021, -89.58569 20.987986, -89.586551 20.98721, -89.586577 20.987187, -89.586604 20.987164, -89.586927 20.986885, -89.587418 20.986428, -89.587895 20.986006, -89.587982 20.985954, -89.588066 20.985908, -89.588253 20.985807, -89.588481 20.985676, -89.588532 20.985649, -89.58882 20.985496, -89.589029 20.98541, -89.589152 20.985359)))"
3055,"MULTIPOLYGON (((-89.650305 20.948494, -89.651252 20.947887, -89.652712 20.946936, -89.653473 20.94644, -89.654384 20.945852, -89.655294 20.945263, -89.656177 20.944698, -89.656195 20.944702, -89.656991 20.944888, -89.657789 20.945055, -89.658488 20.945188, -89.659749 20.945774, -89.659977 20.945872, -89.661493 20.946451, -89.662884 20.947164, -89.663242 20.947377, -89.663352 20.947622, -89.662943 20.947915, -89.661944 20.948636, -89.661586 20.948911, -89.661079 20.9493, -89.661036 20.949332, -89.660603 20.949641, -89.660417 20.949778, -89.659833 20.950202, -89.659772 20.950249, -89.659023 20.950803, -89.658921 20.950878, -89.658085 20.951492, -89.657279 20.95209, -89.656068 20.95146, -89.65498 20.950886, -89.654424 20.950593, -89.654405 20.950583, -89.654148 20.950448, -89.653892 20.950312, -89.653839 20.950284, -89.653479 20.950102, -89.653399 20.950062, -89.652501 20.949606, -89.651555 20.949131, -89.650936 20.948822, -89.650334 20.948509, -89.650305 20.948494)))"
306A,"MULTIPOLYGON (((-89.649518 20.949011, -89.649525 20.949006, -89.649551 20.948989, -89.649627 20.948939, -89.649942 20.948732, -89.650305 20.948494, -89.650334 20.948509, -89.650936 20.948822, -89.651555 20.949131, -89.652501 20.949606, -89.653399 20.950062, -89.653479 20.950102, -89.653839 20.950284, -89.653892 20.950312, -89.654148 20.950448, -89.654405 20.950583, -89.654424 20.950593, -89.65498 20.950886, -89.656068 20.95146, -89.657279 20.95209, -89.656854 20.952439, -89.655947 20.953111, -89.655899 20.953146, -89.65504 20.953782, -89.654975 20.953831, -89.654234 20.954397, -89.653889 20.954614, -89.652956 20.955298, -89.65284 20.955383, -89.651821 20.956112, -89.651735 20.956174, -89.651662 20.956228, -89.650873 20.956807, -89.650475 20.957098, -89.650083 20.957385, -89.649734 20.957654, -89.648879 20.958293, -89.648546 20.958541, -89.648489 20.958584, -89.647119 20.959618, -89.647099 20.959633, -89.646232 20.960376, -89.64612 20.960325, -89.646407 20.960103, -89.646663 20.959789, -89.646863 20.959305, -89.646871 20.959286, -89.646908 20.959174, -89.6471 20.958729, -89.647406 20.957991, -89.647636 20.957433, -89.647841 20.956937, -89.648276 20.955859, -89.648335 20.955718, -89.648592 20.955102, -89.648618 20.955038, -89.649082 20.953912, -89.649086 20.953903, -89.649319 20.953342, -89.649626 20.952584, -89.649781 20.952156, -89.649848 20.951969, -89.649874 20.951897, -89.649885 20.951867, -89.649954 20.951338, -89.649892 20.950865, -89.649703 20.949663, -89.649524 20.949035, -89.649518 20.949011)))"
3074,"MULTIPOLYGON (((-89.617007 20.907546, -89.617083 20.907576, -89.618124 20.907664, -89.618192 20.906432, -89.618233 20.904451, -89.617155 20.904462, -89.616217 20.904472, -89.616211 20.903281, -89.617131 20.903255, -89.618231 20.903225, -89.618236 20.903627, -89.61892 20.903818, -89.619013 20.903829, -89.62018 20.903906, -89.62124 20.903996, -89.622278 20.904085, -89.623337 20.904146, -89.624283 20.904236, -89.624321 20.904238, -89.624217 20.904749, -89.624118 20.905201, -89.624049 20.905684, -89.624011 20.905874, -89.623959 20.906167, -89.623879 20.906617, -89.623831 20.906891, -89.623669 20.907881, -89.623514 20.908855, -89.623449 20.909251, -89.623434 20.909347, -89.623417 20.909358, -89.623396 20.909369, -89.622906 20.90966, -89.622827 20.909708, -89.622365 20.91003, -89.622139 20.910187, -89.622107 20.910209, -89.621911 20.910346, -89.62186 20.910381, -89.621812 20.910415, -89.621771 20.910444, -89.621225 20.910824, -89.620629 20.911272, -89.620368 20.911463, -89.62034 20.911483, -89.620326 20.911494, -89.620291 20.911522, -89.61947 20.912131, -89.619251 20.912296, -89.619212 20.912324, -89.619193 20.912338, -89.618386 20.91294, -89.618324 20.912986, -89.617277 20.913768, -89.616142 20.914614, -89.615058 20.915415, -89.614596 20.915758, -89.614526 20.915809, -89.614462 20.915857, -89.613867 20.916294, -89.613639 20.916464, -89.613639 20.916461, -89.613633 20.915312, -89.61414 20.914918, -89.614011 20.914767, -89.613808 20.914523, -89.613613 20.914229, -89.613294 20.914037, -89.613054 20.913837, -89.612976 20.913832, -89.612514 20.914104, -89.612334 20.913165, -89.611014 20.914127, -89.608805 20.915742, -89.608641 20.915537, -89.608713 20.913824, -89.608708 20.913825, -89.608501 20.913858, -89.608494 20.913373, -89.608487 20.912914, -89.608566 20.912644, -89.60855 20.91144, -89.609267 20.910126, -89.610281 20.910256, -89.609611 20.91149, -89.610474 20.911347, -89.611586 20.911139, -89.612337 20.910549, -89.613118 20.909928, -89.614029 20.909204, -89.614579 20.908766, -89.615114 20.908341, -89.615605 20.90795, -89.616633 20.907132, -89.617007 20.907546)))"
3089,"MULTIPOLYGON (((-89.618231 20.903225, -89.618216 20.902575, -89.618222 20.902284, -89.618235 20.901625, -89.618249 20.901226, -89.617153 20.901234, -89.617282 20.900326, -89.615469 20.900273, -89.615205 20.900581, -89.614919 20.901138, -89.614733 20.901507, -89.613967 20.90148, -89.614045 20.900897, -89.614363 20.900934, -89.614565 20.900993, -89.614899 20.90039, -89.615828 20.899348, -89.61627 20.899362, -89.616469 20.899363, -89.617347 20.899366, -89.617455 20.898214, -89.618068 20.898102, -89.618632 20.898, -89.618743 20.89701, -89.618804 20.896511, -89.618955 20.895924, -89.619064 20.895546, -89.619126 20.895381, -89.61945 20.894673, -89.62052 20.894927, -89.621064 20.895007, -89.621601 20.895195, -89.621611 20.895199, -89.621621 20.89517, -89.621629 20.895172, -89.623053 20.895494, -89.622759 20.896391, -89.623802 20.896591, -89.624849 20.896801, -89.625891 20.896992, -89.626869 20.897194, -89.6268 20.89764, -89.626746 20.898029, -89.625595 20.897954, -89.625536 20.897953, -89.625083 20.899168, -89.62586 20.899151, -89.625509 20.900561, -89.625772 20.900606, -89.626328 20.900698, -89.62719 20.900825, -89.627154 20.901252, -89.627105 20.901733, -89.627105 20.901737, -89.625799 20.901649, -89.625791 20.901594, -89.625732 20.90149, -89.625713 20.901468, -89.624717 20.901383, -89.624723 20.901478, -89.624652 20.901972, -89.624599 20.902322, -89.624522 20.902817, -89.624456 20.903249, -89.624451 20.903279, -89.624365 20.903766, -89.624283 20.904236, -89.623337 20.904146, -89.622278 20.904085, -89.62124 20.903996, -89.62018 20.903906, -89.619013 20.903829, -89.61892 20.903818, -89.618236 20.903627, -89.618231 20.903225)))"
3093,"MULTIPOLYGON (((-89.613915 20.927733, -89.614149 20.92773, -89.615239 20.927717, -89.615405 20.927715, -89.615787 20.92771, -89.616241 20.927705, -89.617019 20.927695, -89.617055 20.927695, -89.617533 20.927689, -89.618025 20.927683, -89.618512 20.927677, -89.618521 20.92806, -89.618524 20.928174, -89.618531 20.928433, -89.61854 20.928791, -89.618548 20.929138, -89.618548 20.929533, -89.618547 20.929873, -89.618547 20.930177, -89.618547 20.930249, -89.618551 20.930606, -89.618555 20.930956, -89.618557 20.931138, -89.618559 20.931315, -89.618564 20.93168, -89.61857 20.932202, -89.618484 20.932182, -89.618015 20.93219, -89.617224 20.932205, -89.617141 20.932207, -89.616294 20.932223, -89.615724 20.932234, -89.615698 20.932234, -89.61498 20.932241, -89.614462 20.932246, -89.613911 20.932251, -89.61382 20.931707, -89.613741 20.93123, -89.613737 20.931212, -89.613655 20.930719, -89.613586 20.930308, -89.613937 20.930307, -89.613934 20.929944, -89.613931 20.929579, -89.613928 20.929216, -89.613925 20.928886, -89.613924 20.92886, -89.613922 20.928511, -89.613919 20.928154, -89.613918 20.928129, -89.613915 20.927733)))"
3106,"MULTIPOLYGON (((-89.608406 20.930304, -89.608273 20.92985, -89.608129 20.929355, -89.607966 20.928766, -89.607693 20.927828, -89.608552 20.927814, -89.609863 20.927792, -89.611123 20.927771, -89.611198 20.92777, -89.611481 20.927766, -89.61252 20.927752, -89.612756 20.927749, -89.613915 20.927733, -89.613918 20.928129, -89.613919 20.928154, -89.613922 20.928511, -89.613924 20.92886, -89.613925 20.928886, -89.613928 20.929216, -89.613931 20.929579, -89.613934 20.929944, -89.613937 20.930307, -89.613586 20.930308, -89.613655 20.930719, -89.613737 20.931212, -89.613741 20.93123, -89.61382 20.931707, -89.613911 20.932251, -89.613758 20.932253, -89.612709 20.932262, -89.612651 20.932263, -89.612002 20.932271, -89.611625 20.932277, -89.611225 20.932288, -89.611217 20.931942, -89.611212 20.931755, -89.611208 20.931599, -89.6112 20.931272, -89.6112 20.931263, -89.611191 20.930927, -89.611187 20.930762, -89.611183 20.930588, -89.611178 20.930413, -89.611174 20.930239, -89.611129 20.93024, -89.610305 20.930257, -89.609577 20.930272, -89.609221 20.930282, -89.609155 20.930284, -89.608406 20.930304)))"
3110,"MULTIPOLYGON (((-89.647102 20.931181, -89.647159 20.930776, -89.647174 20.93067, -89.647295 20.92979, -89.647375 20.929207, -89.647438 20.928813, -89.647484 20.928529, -89.64757 20.927992, -89.647598 20.927819, -89.647737 20.926941, -89.647766 20.926839, -89.647956 20.926172, -89.647993 20.926011, -89.648012 20.925926, -89.648188 20.925161, -89.648263 20.924837, -89.64827 20.924807, -89.648192 20.924527, -89.6483 20.923812, -89.648313 20.92376, -89.648517 20.92297, -89.648528 20.922872, -89.648627 20.922005, -89.648637 20.921953, -89.648831 20.920981, -89.649849 20.921365, -89.649883 20.921378, -89.650604 20.921699, -89.650675 20.92174, -89.650781 20.921808, -89.650811 20.921825, -89.65159 20.92225, -89.651619 20.92228, -89.65248 20.922755, -89.653326 20.923196, -89.653394 20.92323, -89.653407 20.923237, -89.654292 20.923689, -89.654556 20.923323, -89.654779 20.923025, -89.654846 20.923029, -89.654791 20.925671, -89.654764 20.926952, -89.654759 20.927654, -89.654758 20.927822, -89.654697 20.929378, -89.654685 20.92942, -89.654426 20.929222, -89.654139 20.92899, -89.654096 20.928956, -89.653718 20.92862, -89.653362 20.928329, -89.652604 20.92778, -89.652025 20.928522, -89.651172 20.928009, -89.650703 20.928637, -89.650703 20.928637, -89.650391 20.929061, -89.650052 20.929527, -89.649829 20.929834, -89.649481 20.930317, -89.649165 20.930758, -89.648889 20.93115, -89.648592 20.931571, -89.647102 20.931181)))"
3125,"MULTIPOLYGON (((-89.640841 20.929586, -89.641439 20.928854, -89.641532 20.928744, -89.64225 20.927874, -89.6425 20.927602, -89.64297 20.927062, -89.642985 20.927042, -89.643658 20.926234, -89.643716 20.926166, -89.643787 20.926093, -89.643882 20.925995, -89.644199 20.925595, -89.644267 20.925492, -89.644745 20.924776, -89.64479 20.924542, -89.644877 20.924175, -89.645027 20.92349, -89.645037 20.923445, -89.645223 20.922601, -89.645248 20.922489, -89.645436 20.921638, -89.645657 20.920637, -89.646761 20.920753, -89.647806 20.920863, -89.648831 20.920981, -89.648637 20.921953, -89.648627 20.922005, -89.648528 20.922872, -89.648517 20.92297, -89.648313 20.92376, -89.6483 20.923812, -89.648192 20.924527, -89.64827 20.924807, -89.648263 20.924837, -89.648188 20.925161, -89.648012 20.925926, -89.647993 20.926011, -89.647956 20.926172, -89.647766 20.926839, -89.647737 20.926941, -89.647598 20.927819, -89.64757 20.927992, -89.647484 20.928529, -89.647438 20.928813, -89.647375 20.929207, -89.647295 20.92979, -89.647174 20.93067, -89.647159 20.930776, -89.647102 20.931181, -89.645963 20.930896, -89.645126 20.930692, -89.644815 20.930611, -89.643618 20.930309, -89.64179 20.929838, -89.640841 20.929586)))"
313A,"MULTIPOLYGON (((-89.62185 20.932749, -89.621927 20.931744, -89.621932 20.931705, -89.621986 20.931251, -89.622004 20.931094, -89.622045 20.930724, -89.622047 20.9307, -89.622058 20.93062, -89.622061 20.930595, -89.622137 20.929922, -89.622174 20.929624, -89.62219 20.929495, -89.622191 20.929492, -89.62224 20.929142, -89.622279 20.928727, -89.622313 20.928501, -89.622319 20.92846, -89.622325 20.928403, -89.622367 20.928025, -89.622405 20.927576, -89.622423 20.927411, -89.622438 20.927277, -89.622444 20.927242, -89.622451 20.927196, -89.622517 20.926768, -89.622529 20.926686, -89.623186 20.926811, -89.623428 20.925973, -89.623447 20.925904, -89.623656 20.925167, -89.623666 20.92517, -89.624703 20.925435, -89.625707 20.925683, -89.62572 20.925687, -89.626802 20.925975, -89.626771 20.926083, -89.626589 20.926703, -89.626442 20.927202, -89.626284 20.927744, -89.62621 20.927993, -89.626124 20.928278, -89.625954 20.928841, -89.625614 20.929968, -89.625373 20.930804, -89.625351 20.93088, -89.62526 20.931196, -89.625194 20.931429, -89.625187 20.931693, -89.625166 20.932079, -89.625077 20.933099, -89.624021 20.932985, -89.623984 20.932981, -89.622937 20.932867, -89.622615 20.932832, -89.62185 20.932749)))"
3144,"MULTIPOLYGON (((-89.620124 20.932562, -89.619052 20.932314, -89.61857 20.932202, -89.618564 20.93168, -89.618559 20.931315, -89.618557 20.931138, -89.618555 20.930956, -89.618551 20.930606, -89.618547 20.930249, -89.618547 20.930177, -89.618547 20.929873, -89.618548 20.929533, -89.618548 20.929138, -89.61854 20.928791, -89.618531 20.928433, -89.618524 20.928174, -89.618521 20.92806, -89.618512 20.927677, -89.618506 20.927254, -89.618494 20.926338, -89.618494 20.926286, -89.618493 20.926261, -89.618481 20.925596, -89.618473 20.925155, -89.618467 20.924863, -89.618465 20.924713, -89.618457 20.924276, -89.618451 20.923999, -89.61845 20.92394, -89.619527 20.923949, -89.619556 20.924127, -89.620628 20.924399, -89.62064 20.924402, -89.620647 20.924404, -89.621553 20.924633, -89.622604 20.9249, -89.623656 20.925167, -89.623447 20.925904, -89.623428 20.925973, -89.623186 20.926811, -89.622529 20.926686, -89.622517 20.926768, -89.622451 20.927196, -89.622444 20.927242, -89.622438 20.927277, -89.622423 20.927411, -89.622405 20.927576, -89.622367 20.928025, -89.622325 20.928403, -89.622319 20.92846, -89.622313 20.928501, -89.622279 20.928727, -89.62224 20.929142, -89.622191 20.929492, -89.62219 20.929495, -89.622174 20.929624, -89.622137 20.929922, -89.622061 20.930595, -89.622058 20.93062, -89.622047 20.9307, -89.622045 20.930724, -89.622004 20.931094, -89.621986 20.931251, -89.621932 20.931705, -89.621927 20.931744, -89.62185 20.932749, -89.621008 20.932658, -89.620124 20.932562)))"
3159,"MULTIPOLYGON (((-89.618484 20.932182, -89.61857 20.932202, -89.619052 20.932314, -89.620124 20.932562, -89.620021 20.933724, -89.619953 20.934604, -89.61995 20.93464, -89.619874 20.935549, -89.619803 20.936407, -89.619758 20.937069, -89.619687 20.938109, -89.619686 20.938115, -89.619651 20.938115, -89.619562 20.938115, -89.619385 20.938117, -89.618661 20.938125, -89.618594 20.938125, -89.618096 20.938131, -89.617465 20.938137, -89.61635 20.938149, -89.615219 20.938161, -89.614183 20.938172, -89.613211 20.938183, -89.61309 20.938184, -89.611818 20.938197, -89.610661 20.938215, -89.610456 20.937474, -89.610628 20.937437, -89.610622 20.937092, -89.610608 20.936199, -89.611778 20.936131, -89.611774 20.936015, -89.61302 20.935916, -89.613055 20.935913, -89.614222 20.935821, -89.614226 20.934532, -89.614313 20.934525, -89.614338 20.933678, -89.614343 20.933491, -89.614462 20.932246, -89.61498 20.932241, -89.615698 20.932234, -89.615724 20.932234, -89.616294 20.932223, -89.617141 20.932207, -89.617224 20.932205, -89.618015 20.93219, -89.618484 20.932182)))"
3163,"MULTIPOLYGON (((-89.608995 20.932329, -89.608899 20.932007, -89.608801 20.931669, -89.608706 20.931339, -89.608609 20.931004, -89.60851 20.930664, -89.608504 20.930641, -89.608455 20.930473, -89.608406 20.930304, -89.609155 20.930284, -89.609221 20.930282, -89.609577 20.930272, -89.610305 20.930257, -89.611129 20.93024, -89.611174 20.930239, -89.611178 20.930413, -89.611183 20.930588, -89.611187 20.930762, -89.611191 20.930927, -89.6112 20.931263, -89.6112 20.931272, -89.611208 20.931599, -89.611212 20.931755, -89.611217 20.931942, -89.611225 20.932288, -89.611625 20.932277, -89.612002 20.932271, -89.612651 20.932263, -89.612709 20.932262, -89.613758 20.932253, -89.613911 20.932251, -89.614462 20.932246, -89.614343 20.933491, -89.614338 20.933678, -89.614313 20.934525, -89.614226 20.934532, -89.614222 20.935821, -89.613055 20.935913, -89.61302 20.935916, -89.611774 20.936015, -89.611778 20.936131, -89.610608 20.936199, -89.610622 20.937092, -89.610628 20.937437, -89.610456 20.937474, -89.610248 20.936722, -89.609905 20.935521, -89.609623 20.934533, -89.609479 20.934029, -89.60925 20.933227, -89.609006 20.932362, -89.608995 20.932329)))"
3178,"MULTIPOLYGON (((-89.602563 20.944735, -89.602164 20.944438, -89.602151 20.944426, -89.602112 20.944396, -89.601797 20.944154, -89.601659 20.944047, -89.601512 20.943932, -89.601369 20.943821, -89.601224 20.943708, -89.601091 20.943605, -89.60147 20.943163, -89.601843 20.942728, -89.601898 20.942769, -89.602257 20.942275, -89.60219 20.942231, -89.602502 20.941849, -89.602811 20.941495, -89.602929 20.94136, -89.603126 20.941144, -89.603139 20.941127, -89.60341 20.940772, -89.603723 20.940418, -89.6042 20.939868, -89.604767 20.93985, -89.605377 20.939833, -89.605543 20.939829, -89.60564 20.939826, -89.605685 20.940291, -89.605736 20.940808, -89.605744 20.940962, -89.605777 20.941824, -89.605783 20.941969, -89.605791 20.942167, -89.605792 20.94219, -89.60581 20.942661, -89.605816 20.942816, -89.60583 20.943169, -89.605858 20.943897, -89.60579 20.943974, -89.605518 20.944286, -89.605455 20.944353, -89.605149 20.9447, -89.605019 20.944861, -89.604889 20.945021, -89.604823 20.944989, -89.604683 20.945158, -89.604255 20.945696, -89.604067 20.946042, -89.603356 20.94588, -89.603559 20.945476, -89.603333 20.945308, -89.602943 20.945018, -89.602563 20.944735)))"
3182,"MULTIPOLYGON (((-89.598029 20.943255, -89.597963 20.943081, -89.59792 20.942967, -89.597724 20.942446, -89.597673 20.94231, -89.597579 20.942066, -89.597538 20.94195, -89.597324 20.941381, -89.597129 20.940861, -89.59692 20.940274, -89.59726 20.940541, -89.59736 20.94062, -89.597741 20.940919, -89.597759 20.940933, -89.598092 20.941194, -89.598148 20.941239, -89.598462 20.941483, -89.598506 20.941519, -89.598827 20.94177, -89.598896 20.941824, -89.599179 20.942044, -89.599273 20.942129, -89.599571 20.942391, -89.599686 20.942491, -89.599878 20.942654, -89.599967 20.942731, -89.600215 20.942923, -89.600242 20.942944, -89.600531 20.943169, -89.600592 20.943216, -89.600808 20.943384, -89.600904 20.943459, -89.601091 20.943605, -89.601224 20.943708, -89.601369 20.943821, -89.601512 20.943932, -89.601659 20.944047, -89.601797 20.944154, -89.602112 20.944396, -89.602151 20.944426, -89.602164 20.944438, -89.602563 20.944735, -89.602943 20.945018, -89.603333 20.945308, -89.603559 20.945476, -89.603356 20.94588, -89.603134 20.946452, -89.603053 20.94682, -89.60337 20.946899, -89.602313 20.947694, -89.602055 20.947882, -89.60137 20.948431, -89.600721 20.948945, -89.600298 20.949266, -89.600293 20.94927, -89.60026 20.949198, -89.600155 20.948906, -89.600057 20.948643, -89.60001 20.94852, -89.599984 20.94845, -89.599799 20.947999, -89.599708 20.947741, -89.59966 20.947607, -89.599459 20.947042, -89.599124 20.946114, -89.598828 20.945309, -89.598764 20.945176, -89.598618 20.944797, -89.59847 20.944412, -89.598429 20.944304, -89.598406 20.944244, -89.598264 20.943874, -89.598096 20.943433, -89.598029 20.943255)))"
3197,"MULTIPOLYGON (((-89.599878 20.942654, -89.599686 20.942491, -89.599571 20.942391, -89.599273 20.942129, -89.599179 20.942044, -89.598896 20.941824, -89.598827 20.94177, -89.598506 20.941519, -89.598462 20.941483, -89.598148 20.941239, -89.598092 20.941194, -89.597759 20.940933, -89.597741 20.940919, -89.59736 20.94062, -89.59726 20.940541, -89.59692 20.940274, -89.596795 20.939919, -89.597874 20.939913, -89.598264 20.93991, -89.598479 20.939909, -89.598514 20.939909, -89.598714 20.939907, -89.598831 20.939907, -89.599152 20.9399, -89.599718 20.939896, -89.599767 20.939896, -89.600303 20.939892, -89.600407 20.939891, -89.600802 20.939889, -89.600857 20.93989, -89.600991 20.93988, -89.601038 20.939882, -89.601646 20.939902, -89.602175 20.939908, -89.602276 20.939907, -89.602508 20.939904, -89.602874 20.939898, -89.60355 20.939881, -89.6042 20.939868, -89.603723 20.940418, -89.60341 20.940772, -89.603139 20.941127, -89.603126 20.941144, -89.602929 20.94136, -89.602811 20.941495, -89.602502 20.941849, -89.60219 20.942231, -89.602257 20.942275, -89.601898 20.942769, -89.601843 20.942728, -89.60147 20.943163, -89.601091 20.943605, -89.600904 20.943459, -89.600808 20.943384, -89.600592 20.943216, -89.600531 20.943169, -89.600242 20.942944, -89.600215 20.942923, -89.599967 20.942731, -89.599878 20.942654)))"
320A,"MULTIPOLYGON (((-89.598714 20.935323, -89.59823 20.935328, -89.598141 20.935329, -89.597535 20.935334, -89.59749 20.935335, -89.597007 20.935339, -89.596895 20.93534, -89.59641 20.935344, -89.596322 20.935345, -89.596391 20.934895, -89.596407 20.934785, -89.596489 20.934235, -89.596525 20.933993, -89.596565 20.933705, -89.596569 20.933681, -89.59666 20.933154, -89.597221 20.933153, -89.597803 20.933152, -89.598394 20.933151, -89.598483 20.932462, -89.598525 20.932427, -89.599621 20.932425, -89.600202 20.932417, -89.600795 20.932417, -89.601387 20.932417, -89.601953 20.932419, -89.60254 20.932409, -89.603112 20.932411, -89.60367 20.932406, -89.603551 20.93314, -89.603505 20.933421, -89.603463 20.933676, -89.602922 20.93367, -89.602837 20.934232, -89.602281 20.934233, -89.602246 20.934233, -89.601701 20.934234, -89.601103 20.934235, -89.600521 20.934236, -89.599954 20.934237, -89.599893 20.934758, -89.599828 20.935313, -89.599233 20.935319, -89.598714 20.935323)))"
3214,"MULTIPOLYGON (((-89.593572 20.931633, -89.593206 20.931141, -89.59325 20.931111, -89.593347 20.931045, -89.593381 20.931022, -89.593664 20.93083, -89.593757 20.930762, -89.594351 20.930325, -89.594835 20.929972, -89.595014 20.929833, -89.595288 20.929637, -89.59529 20.929636, -89.595332 20.929605, -89.596441 20.928785, -89.596909 20.92845, -89.596947 20.928423, -89.597308 20.928165, -89.59748 20.928059, -89.597488 20.928054, -89.598525 20.927287, -89.59853 20.927283, -89.598674 20.927173, -89.599059 20.926877, -89.599075 20.926865, -89.59908 20.926861, -89.599081 20.927263, -89.599011 20.92768, -89.598871 20.928518, -89.598856 20.928605, -89.598745 20.929279, -89.598656 20.929815, -89.598548 20.930452, -89.598378 20.931462, -89.598345 20.931457, -89.598177 20.932487, -89.598443 20.932496, -89.598483 20.932462, -89.598394 20.933151, -89.597803 20.933152, -89.597221 20.933153, -89.59666 20.933154, -89.596569 20.933681, -89.596565 20.933705, -89.596525 20.933993, -89.596489 20.934235, -89.596407 20.934785, -89.596391 20.934895, -89.596322 20.935345, -89.595845 20.93535, -89.595758 20.93535, -89.595028 20.935357, -89.594888 20.935005, -89.594809 20.934807, -89.594587 20.934249, -89.59443 20.933854, -89.594165 20.933169, -89.593959 20.932624, -89.593754 20.932073, -89.593621 20.931716, -89.593572 20.931633)))"
3233,"MULTIPOLYGON (((-89.568236 20.955857, -89.567259 20.955435, -89.567442 20.955281, -89.567447 20.95513, -89.567599 20.954111, -89.567649 20.953785, -89.567661 20.953711, -89.56772 20.953403, -89.568025 20.953402, -89.568305 20.953502, -89.569322 20.953868, -89.569387 20.953887, -89.570442 20.954305, -89.570576 20.953697, -89.570552 20.953687, -89.570698 20.953039, -89.571799 20.953481, -89.571776 20.953585, -89.57173 20.953798, -89.571701 20.953929, -89.571656 20.954134, -89.571627 20.954267, -89.571587 20.954457, -89.571529 20.954728, -89.571523 20.954754, -89.571522 20.954762, -89.571437 20.95516, -89.571411 20.955281, -89.571341 20.955609, -89.571294 20.955849, -89.571264 20.956002, -89.571062 20.95692, -89.571042 20.957011, -89.571041 20.957016, -89.571842 20.957351, -89.5726 20.957665, -89.572631 20.957678, -89.572755 20.957728, -89.573208 20.957914, -89.5739 20.958197, -89.574013 20.958245, -89.575142 20.958708, -89.57549 20.958853, -89.575585 20.958893, -89.575957 20.959048, -89.576033 20.95908, -89.576109 20.959112, -89.576845 20.959427, -89.57695 20.959485, -89.577129 20.959568, -89.577263 20.95961, -89.577357 20.959639, -89.577729 20.959753, -89.577814 20.959781, -89.578276 20.959927, -89.578611 20.95998, -89.57916 20.960023, -89.579272 20.960031, -89.579145 20.960045, -89.578735 20.96009, -89.578229 20.960141, -89.577734 20.960192, -89.576784 20.960289, -89.575827 20.960389, -89.574877 20.960488, -89.574049 20.960575, -89.57402 20.960578, -89.573201 20.960664, -89.572291 20.960759, -89.571359 20.960962, -89.571318 20.96097, -89.570161 20.961223, -89.569384 20.961385, -89.56905 20.961454, -89.568689 20.961529, -89.567981 20.961675, -89.568146 20.960839, -89.56819 20.960568, -89.56829 20.95956, -89.568338 20.95914, -89.568525 20.959159, -89.568556 20.959163, -89.568967 20.957479, -89.569196 20.956248, -89.568997 20.956172, -89.568897 20.956132, -89.568236 20.955857)))"
3248,"MULTIPOLYGON (((-89.566244 20.962063, -89.566247 20.96206, -89.56634 20.96196, -89.566346 20.961953, -89.566369 20.961928, -89.566387 20.961904, -89.566397 20.961887, -89.566407 20.961869, -89.566417 20.961846, -89.566424 20.961828, -89.566429 20.961813, -89.56643 20.961809, -89.566435 20.961787, -89.566447 20.961736, -89.566453 20.961711, -89.566461 20.961673, -89.566466 20.96165, -89.566522 20.961358, -89.566563 20.961023, -89.566564 20.961012, -89.56659 20.960863, -89.56664 20.960585, -89.566679 20.96023, -89.5667 20.960039, -89.566741 20.959804, -89.566826 20.959309, -89.566828 20.959296, -89.566864 20.959051, -89.56698 20.95827, -89.566999 20.958143, -89.567024 20.957975, -89.567031 20.95793, -89.567091 20.957554, -89.567304 20.956223, -89.567253 20.956041, -89.567224 20.955664, -89.567256 20.955452, -89.567259 20.955435, -89.568236 20.955857, -89.568897 20.956132, -89.568997 20.956172, -89.569196 20.956248, -89.568967 20.957479, -89.568556 20.959163, -89.568525 20.959159, -89.568338 20.95914, -89.56829 20.95956, -89.56819 20.960568, -89.568146 20.960839, -89.567981 20.961675, -89.567874 20.961698, -89.567043 20.961888, -89.566173 20.962143, -89.566179 20.962134, -89.566244 20.962063)))"
3267,"MULTIPOLYGON (((-89.641588 20.953434, -89.641392 20.953529, -89.641185 20.952576, -89.640977 20.951623, -89.640751 20.950522, -89.640525 20.949422, -89.640424 20.948931, -89.63867 20.94919, -89.636947 20.949408, -89.636982 20.949357, -89.637857 20.948045, -89.638139 20.94762, -89.638391 20.947241, -89.639164 20.94606, -89.639243 20.94594, -89.639376 20.945737, -89.639494 20.945557, -89.63969 20.945258, -89.64012 20.944636, -89.640145 20.9446, -89.640771 20.943697, -89.640798 20.943657, -89.641421 20.942683, -89.641721 20.942193, -89.642489 20.942524, -89.643167 20.942815, -89.643934 20.943144, -89.644659 20.943454, -89.645346 20.943748, -89.646591 20.944284, -89.646783 20.944366, -89.64655 20.944774, -89.646329 20.945143, -89.647265 20.945504, -89.647448 20.945143, -89.647666 20.944737, -89.647845 20.944815, -89.64839 20.945043, -89.648854 20.945235, -89.648894 20.945512, -89.648679 20.945645, -89.647984 20.945347, -89.647342 20.94615, -89.646827 20.945807, -89.646587 20.945971, -89.646192 20.946241, -89.646602 20.94686, -89.646347 20.946991, -89.646466 20.947178, -89.646577 20.947344, -89.646712 20.947546, -89.646846 20.947749, -89.646944 20.947888, -89.647009 20.947976, -89.647194 20.948243, -89.647653 20.948906, -89.64767 20.94893, -89.648244 20.949757, -89.648278 20.949807, -89.648297 20.949835, -89.647678 20.950324, -89.647143 20.950747, -89.646751 20.951109, -89.646513 20.95133, -89.646247 20.951576, -89.646059 20.951786, -89.645864 20.951975, -89.645848 20.951996, -89.645835 20.952018, -89.645712 20.952132, -89.64555 20.952349, -89.644962 20.953134, -89.644451 20.953823, -89.64428 20.954035, -89.644051 20.954379, -89.6434 20.955547, -89.643244 20.955826, -89.643185 20.955986, -89.643 20.95649, -89.64293 20.95668, -89.642844 20.956912, -89.642662 20.957409, -89.642615 20.957535, -89.642448 20.95678, -89.642215 20.955799, -89.64215 20.955524, -89.641907 20.954347, -89.641855 20.954122, -89.641788 20.953882, -89.641588 20.953434)))"
3271,"MULTIPOLYGON (((-89.646587 20.945971, -89.646827 20.945807, -89.647342 20.94615, -89.647984 20.945347, -89.648679 20.945645, -89.648894 20.945512, -89.648854 20.945235, -89.64839 20.945043, -89.647845 20.944815, -89.647666 20.944737, -89.647448 20.945143, -89.647265 20.945504, -89.646329 20.945143, -89.64655 20.944774, -89.646783 20.944366, -89.646591 20.944284, -89.645346 20.943748, -89.644659 20.943454, -89.643934 20.943144, -89.643167 20.942815, -89.642489 20.942524, -89.641721 20.942193, -89.642034 20.941717, -89.642281 20.941315, -89.642442 20.941062, -89.642642 20.940772, -89.642862 20.94046, -89.642985 20.940276, -89.643325 20.939784, -89.643449 20.939605, -89.643713 20.939222, -89.643754 20.939162, -89.643952 20.938852, -89.643959 20.938841, -89.643968 20.938827, -89.644247 20.938426, -89.644511 20.938026, -89.644608 20.937865, -89.645323 20.936825, -89.645394 20.936832, -89.646284 20.93706, -89.646702 20.937176, -89.646694 20.937197, -89.647757 20.937473, -89.648813 20.937747, -89.648813 20.937781, -89.64878 20.937783, -89.648085 20.937794, -89.647794 20.937799, -89.647361 20.937927, -89.647419 20.937947, -89.64749 20.937981, -89.647582 20.938045, -89.647647 20.938123, -89.6477 20.938202, -89.647739 20.938311, -89.647763 20.938493, -89.64782 20.938834, -89.647823 20.938852, -89.647902 20.939308, -89.647967 20.939698, -89.648072 20.940317, -89.64808 20.940361, -89.648143 20.940733, -89.648153 20.940791, -89.648167 20.940867, -89.648173 20.9409, -89.648244 20.94128, -89.648277 20.941489, -89.648457 20.942514, -89.648463 20.942548, -89.648485 20.942689, -89.64853 20.942978, -89.648577 20.943231, -89.648637 20.943608, -89.648675 20.943841, -89.648804 20.944581, -89.648816 20.944654, -89.648821 20.944684, -89.648846 20.944835, -89.648877 20.945026, -89.648903 20.94518, -89.648918 20.945254, -89.648935 20.945361, -89.648953 20.945475, -89.648967 20.945561, -89.648994 20.945714, -89.649035 20.945952, -89.649083 20.946246, -89.649117 20.94645, -89.649158 20.946707, -89.649179 20.946825, -89.649215 20.947041, -89.649292 20.947497, -89.649331 20.947706, -89.649336 20.94773, -89.649371 20.947919, -89.649483 20.948577, -89.649514 20.948762, -89.649518 20.948786, -89.649543 20.948939, -89.649551 20.948989, -89.649525 20.949006, -89.649518 20.949011, -89.648392 20.94976, -89.648297 20.949835, -89.648278 20.949807, -89.648244 20.949757, -89.64767 20.94893, -89.647653 20.948906, -89.647194 20.948243, -89.647009 20.947976, -89.646944 20.947888, -89.646846 20.947749, -89.646712 20.947546, -89.646577 20.947344, -89.646466 20.947178, -89.646347 20.946991, -89.646602 20.94686, -89.646192 20.946241, -89.646587 20.945971)))"
3286,"MULTIPOLYGON (((-89.635554 20.928217, -89.635686 20.927282, -89.635696 20.927213, -89.63585 20.92623, -89.635859 20.926175, -89.635996 20.9252, -89.636138 20.924197, -89.636144 20.924154, -89.636272 20.923199, -89.637312 20.923462, -89.637325 20.923466, -89.638386 20.923741, -89.638399 20.923745, -89.639443 20.92401, -89.639511 20.924029, -89.640448 20.92428, -89.640484 20.924289, -89.641491 20.924538, -89.642102 20.924699, -89.642542 20.924858, -89.643833 20.925333, -89.643867 20.925346, -89.644267 20.925492, -89.644199 20.925595, -89.643882 20.925995, -89.643787 20.926093, -89.643716 20.926166, -89.643658 20.926234, -89.642985 20.927042, -89.64297 20.927062, -89.6425 20.927602, -89.64225 20.927874, -89.641532 20.928744, -89.641439 20.928854, -89.640841 20.929586, -89.639803 20.929327, -89.638662 20.929043, -89.637596 20.928766, -89.63658 20.9285, -89.635554 20.928217)))"
3290,"MULTIPOLYGON (((-89.636928 20.918852, -89.637546 20.918926, -89.637987 20.919006, -89.63898 20.919241, -89.640024 20.919497, -89.640826 20.919693, -89.641125 20.919745, -89.642158 20.919924, -89.642244 20.919941, -89.643132 20.920136, -89.644423 20.920418, -89.645657 20.920637, -89.645436 20.921638, -89.645248 20.922489, -89.645223 20.922601, -89.645037 20.923445, -89.645027 20.92349, -89.644877 20.924175, -89.64479 20.924542, -89.644745 20.924776, -89.644267 20.925492, -89.643867 20.925346, -89.643833 20.925333, -89.642542 20.924858, -89.642102 20.924699, -89.641491 20.924538, -89.640484 20.924289, -89.640448 20.92428, -89.639511 20.924029, -89.639443 20.92401, -89.638399 20.923745, -89.638386 20.923741, -89.637325 20.923466, -89.637312 20.923462, -89.636272 20.923199, -89.636282 20.923128, -89.636353 20.922677, -89.636423 20.922232, -89.636482 20.921848, -89.636636 20.920874, -89.636645 20.92082, -89.63678 20.919877, -89.6368 20.919795, -89.636854 20.919399, -89.636928 20.918852)))"
3303,"MULTIPOLYGON (((-89.57147 20.991995, -89.571467 20.99152, -89.571463 20.991065, -89.571462 20.990745, -89.571462 20.990684, -89.571461 20.990651, -89.57146 20.990607, -89.571453 20.990295, -89.571451 20.990193, -89.571451 20.990177, -89.571453 20.989908, -89.571452 20.989814, -89.571453 20.98974, -89.571454 20.989713, -89.571467 20.989369, -89.571469 20.98935, -89.571479 20.989303, -89.571487 20.989264, -89.571492 20.989237, -89.571495 20.989221, -89.571582 20.988574, -89.571642 20.988132, -89.571701 20.987693, -89.571757 20.987275, -89.571773 20.987154, -89.571819 20.986819, -89.571854 20.986544, -89.571872 20.986402, -89.571924 20.986408, -89.572652 20.98648, -89.573358 20.986556, -89.573553 20.986577, -89.574066 20.986632, -89.574701 20.9867, -89.57471 20.9867, -89.574716 20.986701, -89.575372 20.986778, -89.575888 20.986838, -89.576007 20.986852, -89.576612 20.986922, -89.577182 20.986988, -89.577446 20.98702, -89.577441 20.987466, -89.577435 20.987926, -89.57743 20.98837, -89.577429 20.988867, -89.577442 20.989133, -89.577442 20.989297, -89.577441 20.989508, -89.57745 20.990029, -89.577452 20.990081, -89.577458 20.990474, -89.577462 20.990916, -89.577436 20.990915, -89.576953 20.990929, -89.576587 20.991252, -89.576227 20.99157, -89.575532 20.990942, -89.575181 20.991246, -89.574827 20.991551, -89.574485 20.991859, -89.574147 20.992162, -89.574077 20.992223, -89.573796 20.992483, -89.573338 20.992032, -89.57236 20.992008, -89.571484 20.991995, -89.57147 20.991995)))"
3341,"MULTIPOLYGON (((-89.652058 21.010665, -89.652109 21.010705, -89.652957 21.011454, -89.652998 21.01149, -89.653022 21.011511, -89.653042 21.011528, -89.653101 21.011581, -89.653212 21.011678, -89.653308 21.011763, -89.653363 21.011811, -89.653628 21.012043, -89.654082 21.012441, -89.654543 21.012844, -89.654889 21.013151, -89.655265 21.013487, -89.655327 21.013541, -89.655366 21.013578, -89.655634 21.013815, -89.655632 21.013821, -89.655352 21.014604, -89.655065 21.015399, -89.654789 21.016167, -89.654761 21.016248, -89.654546 21.016904, -89.65453 21.016951, -89.654348 21.017524, -89.65428 21.017738, -89.654201 21.01796, -89.654047 21.018395, -89.653992 21.018549, -89.653887 21.018826, -89.653722 21.019263, -89.653565 21.019678, -89.653548 21.019723, -89.653468 21.019671, -89.653154 21.019439, -89.652722 21.019112, -89.652207 21.018506, -89.651992 21.018261, -89.65181 21.018062, -89.651306 21.017512, -89.651272 21.017476, -89.651189 21.017388, -89.650904 21.017076, -89.650695 21.016846, -89.650328 21.016425, -89.650242 21.016326, -89.649837 21.015861, -89.649647 21.015631, -89.650002 21.014893, -89.65037 21.014118, -89.650327 21.014067, -89.650689 21.01336, -89.650904 21.012928, -89.651304 21.012159, -89.6517 21.011466, -89.651709 21.011449, -89.651732 21.011407, -89.652049 21.010685, -89.652058 21.010665)))"
3356,"MULTIPOLYGON (((-89.656083 21.021442, -89.655674 21.021164, -89.655654 21.021149, -89.654857 21.020608, -89.653888 21.019953, -89.653548 21.019723, -89.653565 21.019678, -89.653722 21.019263, -89.653887 21.018826, -89.653992 21.018549, -89.654047 21.018395, -89.654201 21.01796, -89.65428 21.017738, -89.654348 21.017524, -89.65453 21.016951, -89.654546 21.016904, -89.654761 21.016248, -89.654789 21.016167, -89.655065 21.015399, -89.655352 21.014604, -89.655632 21.013821, -89.655634 21.013815, -89.656129 21.014237, -89.656417 21.014482, -89.656788 21.014798, -89.656822 21.014828, -89.656829 21.014834, -89.656834 21.014837, -89.656921 21.014912, -89.657 21.014981, -89.657217 21.015172, -89.657655 21.015559, -89.657705 21.015601, -89.657755 21.015647, -89.657988 21.015861, -89.658171 21.016023, -89.658371 21.016198, -89.658551 21.016361, -89.658616 21.016417, -89.658635 21.016434, -89.658646 21.016447, -89.658691 21.016502, -89.658761 21.016613, -89.658824 21.016794, -89.65923 21.018142, -89.659311 21.018363, -89.659368 21.018427, -89.659424 21.018467, -89.659473 21.018486, -89.659488 21.018492, -89.660734 21.018741, -89.660772 21.018749, -89.660831 21.018761, -89.660962 21.018787, -89.661115 21.018817, -89.661111 21.018824, -89.660738 21.019764, -89.66062 21.020055, -89.660361 21.020712, -89.659984 21.021659, -89.659612 21.022584, -89.659604 21.022604, -89.659581 21.022662, -89.659259 21.023469, -89.659232 21.02354, -89.658445 21.023016, -89.657993 21.022715, -89.657955 21.022689, -89.657343 21.022282, -89.656083 21.021442)))"
3360,"MULTIPOLYGON (((-89.63727 21.030398, -89.637248 21.030398, -89.637352 21.029309, -89.637446 21.028327, -89.637455 21.028222, -89.637501 21.027738, -89.637543 21.027281, -89.637552 21.027194, -89.637613 21.026554, -89.637675 21.025894, -89.637707 21.025547, -89.637726 21.025251, -89.637753 21.024977, -89.637785 21.024656, -89.637792 21.024608, -89.637868 21.023946, -89.637759 21.02391, -89.637656 21.023811, -89.637658 21.023745, -89.637665 21.023647, -89.637669 21.023605, -89.638385 21.023667, -89.63882 21.023708, -89.63888 21.023699, -89.638919 21.023695, -89.638862 21.024699, -89.63886 21.024742, -89.639566 21.024848, -89.641138 21.025051, -89.641204 21.024538, -89.64127 21.02457, -89.642673 21.024726, -89.644538 21.025407, -89.644346 21.025867, -89.644171 21.026288, -89.644144 21.02634, -89.644115 21.026393, -89.643968 21.02676, -89.64382 21.027129, -89.643795 21.027172, -89.64376 21.027234, -89.643635 21.027538, -89.643615 21.02759, -89.643457 21.027993, -89.643446 21.028019, -89.643272 21.028445, -89.643098 21.028872, -89.642776 21.029644, -89.642752 21.029706, -89.642717 21.02977, -89.642511 21.030266, -89.642407 21.030253, -89.642378 21.03025, -89.641965 21.030259, -89.640678 21.030275, -89.640515 21.030303, -89.64046 21.030312, -89.640206 21.030341, -89.639777 21.03039, -89.638835 21.030386, -89.638583 21.030385, -89.637389 21.030404, -89.63738 21.030403, -89.63727 21.030398)))"
338A,"MULTIPOLYGON (((-89.645215 21.017355, -89.645113 21.017349, -89.644322 21.017183, -89.643424 21.016994, -89.643472 21.016654, -89.642541 21.016534, -89.641723 21.016426, -89.641693 21.016423, -89.641028 21.016358, -89.639895 21.016249, -89.639182 21.01619, -89.638336 21.016122, -89.637888 21.016088, -89.637849 21.016085, -89.636165 21.015983, -89.635905 21.015953, -89.635929 21.015588, -89.635951 21.015297, -89.635956 21.015245, -89.635969 21.015055, -89.635995 21.01467, -89.63606 21.014016, -89.636133 21.013196, -89.636246 21.012153, -89.636986 21.012229, -89.637248 21.012255, -89.637524 21.012284, -89.638197 21.012353, -89.639173 21.012456, -89.639492 21.012486, -89.639948 21.012533, -89.640229 21.012561, -89.640307 21.012564, -89.641451 21.012447, -89.641535 21.012438, -89.641675 21.012424, -89.641893 21.012409, -89.642187 21.012395, -89.642467 21.012373, -89.642668 21.01236, -89.643007 21.012337, -89.643099 21.012328, -89.643205 21.012317, -89.643531 21.012291, -89.643831 21.012269, -89.643951 21.012273, -89.643992 21.012275, -89.644997 21.012477, -89.645948 21.012662, -89.646109 21.012693, -89.64678 21.012879, -89.646595 21.013416, -89.646523 21.013948, -89.646451 21.014828, -89.646325 21.015733, -89.646253 21.01627, -89.646218 21.016654, -89.646102 21.017533, -89.646027 21.017518, -89.645215 21.017355)))"
3394,"MULTIPOLYGON (((-89.659205 21.007706, -89.658837 21.007425, -89.658556 21.007211, -89.658543 21.006909, -89.65853 21.006261, -89.659839 21.005986, -89.660944 21.005767, -89.661478 21.005655, -89.661929 21.00556, -89.662648 21.005406, -89.663257 21.005282, -89.664202 21.005079, -89.665056 21.004896, -89.665185 21.004877, -89.665566 21.004814, -89.665998 21.004744, -89.666225 21.005425, -89.666379 21.005924, -89.666393 21.005968, -89.666412 21.00603, -89.666402 21.006047, -89.666369 21.0061, -89.666116 21.006505, -89.666036 21.006468, -89.665636 21.006285, -89.665259 21.006994, -89.664752 21.007679, -89.664436 21.008052, -89.663962 21.008744, -89.663513 21.008808, -89.663257 21.009495, -89.662134 21.009732, -89.661547 21.00957, -89.661458 21.009531, -89.660645 21.008858, -89.660042 21.008378, -89.659966 21.008317, -89.659576 21.008001, -89.659285 21.007767, -89.659205 21.007706)))"
3407,"MULTIPOLYGON (((-89.665998 21.004744, -89.665874 21.004372, -89.665839 21.004267, -89.665807 21.004172, -89.665684 21.003884, -89.665627 21.003717, -89.665609 21.003665, -89.665573 21.003571, -89.665555 21.003523, -89.665525 21.003442, -89.665507 21.003392, -89.665344 21.002895, -89.665303 21.002771, -89.665195 21.002444, -89.665102 21.002158, -89.665048 21.001986, -89.664906 21.001531, -89.66476 21.00109, -89.664709 21.000927, -89.664642 21.000726, -89.664611 21.000632, -89.664592 21.000571, -89.664508 21.000299, -89.664311 20.999677, -89.664109 20.999047, -89.663926 20.998475, -89.66388 20.998333, -89.664089 20.998402, -89.665194 20.998788, -89.666112 20.999109, -89.66659 20.999273, -89.667078 20.99944, -89.667178 20.999483, -89.667445 20.999594, -89.667611 20.99966, -89.668169 20.999876, -89.668345 20.999945, -89.6685 21.000003, -89.669408 21.000408, -89.669444 21.000498, -89.669584 21.000486, -89.669794 21.000469, -89.66992 21.000459, -89.670038 21.000449, -89.669922 21.000624, -89.669913 21.000637, -89.669879 21.000688, -89.669584 21.001132, -89.66915 21.001787, -89.669113 21.001843, -89.668942 21.002118, -89.668649 21.002561, -89.6686 21.002634, -89.66856 21.002695, -89.668431 21.002896, -89.668371 21.002993, -89.668237 21.003201, -89.667848 21.00381, -89.667543 21.004288, -89.667076 21.005019, -89.667068 21.005032, -89.666906 21.005279, -89.666427 21.006008, -89.666412 21.00603, -89.666393 21.005968, -89.666379 21.005924, -89.666225 21.005425, -89.665998 21.004744)))"
3411,"MULTIPOLYGON (((-89.658505 21.005096, -89.658501 21.005025, -89.658492 21.004882, -89.658474 21.004596, -89.658478 21.004491, -89.658476 21.004331, -89.658476 21.004294, -89.658474 21.004125, -89.658475 21.004086, -89.658475 21.003601, -89.658474 21.003391, -89.658474 21.003382, -89.658476 21.003092, -89.658474 21.002997, -89.658472 21.002876, -89.658468 21.002628, -89.658462 21.002163, -89.658449 21.001743, -89.658447 21.001679, -89.658447 21.001606, -89.658449 21.001227, -89.659343 21.00132, -89.65948 21.001215, -89.659357 21.001066, -89.658634 21.000188, -89.658792 21.000075, -89.658923 20.999983, -89.65899 20.999935, -89.659439 20.999616, -89.659544 20.999542, -89.659713 20.999422, -89.659931 20.999261, -89.660295 20.998991, -89.660507 20.998835, -89.660659 20.998722, -89.660935 20.998519, -89.661029 20.99845, -89.661383 20.998191, -89.661406 20.998174, -89.661772 20.997906, -89.661812 20.997877, -89.662041 20.997703, -89.663604 20.998222, -89.663849 20.998233, -89.66388 20.998333, -89.663926 20.998475, -89.664109 20.999047, -89.664311 20.999677, -89.664508 21.000299, -89.664592 21.000571, -89.664611 21.000632, -89.664642 21.000726, -89.664709 21.000927, -89.66476 21.00109, -89.664906 21.001531, -89.665048 21.001986, -89.665102 21.002158, -89.665195 21.002444, -89.665303 21.002771, -89.665344 21.002895, -89.665507 21.003392, -89.665525 21.003442, -89.665555 21.003523, -89.665573 21.003571, -89.665609 21.003665, -89.665627 21.003717, -89.665684 21.003884, -89.665807 21.004172, -89.665839 21.004267, -89.665874 21.004372, -89.665998 21.004744, -89.665566 21.004814, -89.665185 21.004877, -89.665056 21.004896, -89.664202 21.005079, -89.663257 21.005282, -89.662648 21.005406, -89.661929 21.00556, -89.661478 21.005655, -89.660944 21.005767, -89.659839 21.005986, -89.65853 21.006261, -89.658529 21.00623, -89.658505 21.005096)))"
3426,"MULTIPOLYGON (((-89.647181 21.005221, -89.647202 21.005159, -89.647344 21.004758, -89.647361 21.004713, -89.647546 21.00421, -89.64756 21.004171, -89.647702 21.003777, -89.647715 21.00374, -89.647867 21.003303, -89.64803 21.002874, -89.648179 21.002463, -89.648264 21.002472, -89.649142 21.002565, -89.649269 21.002578, -89.649324 21.002586, -89.649537 21.002609, -89.65001 21.002662, -89.650855 21.002754, -89.651317 21.002809, -89.651355 21.002814, -89.651436 21.002822, -89.651711 21.002854, -89.652144 21.002902, -89.652699 21.002965, -89.653977 21.003109, -89.654132 21.003126, -89.654463 21.003163, -89.654503 21.003168, -89.654475 21.003188, -89.654221 21.00337, -89.653646 21.00376, -89.653128 21.004147, -89.652568 21.004534, -89.652601 21.00457, -89.65148 21.005355, -89.651467 21.005339, -89.650894 21.005756, -89.650383 21.006135, -89.650345 21.006163, -89.649815 21.006559, -89.649955 21.006736, -89.650057 21.006842, -89.650124 21.006873, -89.65026 21.006887, -89.650602 21.006928, -89.649972 21.007567, -89.649304 21.008277, -89.649052 21.008065, -89.648387 21.007559, -89.64811 21.00736, -89.647628 21.00708, -89.647486 21.007006, -89.64686 21.006678, -89.646698 21.006594, -89.646863 21.006106, -89.646892 21.00602, -89.647036 21.005622, -89.647058 21.005589, -89.647181 21.005221)))"
3430,"MULTIPOLYGON (((-89.649038 20.999936, -89.650193 21.000073, -89.650576 21.000113, -89.650647 20.999542, -89.650716 20.999568, -89.650904 20.999591, -89.651163 20.99962, -89.65123 20.999643, -89.651683 20.999801, -89.651726 20.999816, -89.651801 20.999841, -89.651825 20.99985, -89.65183 20.999851, -89.652017 20.999942, -89.652039 20.999949, -89.651938 21.000196, -89.651822 21.000499, -89.651977 21.000515, -89.652321 21.000551, -89.652824 21.000608, -89.653172 21.000646, -89.653304 21.00066, -89.653374 21.000669, -89.654088 21.000752, -89.654578 21.00081, -89.654725 21.000827, -89.655852 21.00096, -89.65615 21.000993, -89.657325 21.001124, -89.6568 21.001504, -89.656764 21.00153, -89.655699 21.002301, -89.655635 21.002347, -89.655129 21.002714, -89.655095 21.002739, -89.654503 21.003168, -89.654463 21.003163, -89.654132 21.003126, -89.653977 21.003109, -89.652699 21.002965, -89.652144 21.002902, -89.651711 21.002854, -89.651436 21.002822, -89.651355 21.002814, -89.651317 21.002809, -89.650855 21.002754, -89.65001 21.002662, -89.649537 21.002609, -89.649324 21.002586, -89.649269 21.002578, -89.649142 21.002565, -89.648264 21.002472, -89.648179 21.002463, -89.648286 21.002191, -89.648364 21.001986, -89.648515 21.001573, -89.648553 21.001468, -89.648609 21.001314, -89.648674 21.001119, -89.648819 21.000687, -89.648861 21.000652, -89.648885 21.000632, -89.649026 21.000212, -89.649029 21.000171, -89.649038 20.999936)))"
3445,"MULTIPOLYGON (((-89.598149 21.043228, -89.593569 21.041509, -89.593528 21.041576, -89.593124 21.042221, -89.5911 21.041499, -89.59126 21.040729, -89.590311 21.040397, -89.589287 21.040007, -89.58862 21.039754, -89.587574 21.039374, -89.586894 21.039103, -89.58543 21.038589, -89.58543 21.038589, -89.58543 21.038589, -89.584496 21.038264, -89.584538 21.037694, -89.584466 21.037482, -89.584722 21.035481, -89.584863 21.034378, -89.585013 21.033175, -89.585459 21.033337, -89.58576 21.033453, -89.586519 21.033746, -89.587524 21.034112, -89.588186 21.034344, -89.588558 21.034484, -89.589524 21.034807, -89.590414 21.035119, -89.590535 21.035162, -89.591605 21.035547, -89.592551 21.035887, -89.593311 21.03616, -89.593335 21.036168, -89.59441 21.036555, -89.594773 21.036685, -89.594829 21.036705, -89.596291 21.037231, -89.596943 21.037465, -89.597 21.037486, -89.597015 21.037491, -89.597949 21.037827, -89.599039 21.038219, -89.599648 21.038437, -89.600059 21.038585, -89.600541 21.038758, -89.600874 21.038879, -89.600881 21.038881, -89.600937 21.038901, -89.601964 21.03927, -89.601973 21.039273, -89.602041 21.039298, -89.602046 21.039299, -89.602984 21.039636, -89.603193 21.039709, -89.603254 21.039733, -89.603923 21.039972, -89.604289 21.040104, -89.604926 21.04033, -89.60581 21.04065, -89.606754 21.040989, -89.607268 21.041173, -89.607308 21.041187, -89.60735 21.041202, -89.607698 21.041327, -89.608257 21.041532, -89.608316 21.041553, -89.608489 21.041616, -89.608457 21.041688, -89.606144 21.04685, -89.600769 21.044899, -89.600973 21.044218, -89.599758 21.043786, -89.598149 21.043228)))"
345A,"MULTIPOLYGON (((-89.577566 21.0364, -89.577535 21.036394, -89.577006 21.0363, -89.576503 21.036204, -89.576248 21.036156, -89.575256 21.035962, -89.574482 21.035819, -89.574212 21.03577, -89.573324 21.035607, -89.573281 21.035599, -89.573072 21.035564, -89.572811 21.03552, -89.571273 21.036003, -89.570622 21.036205, -89.570249 21.034982, -89.569934 21.03394, -89.5696 21.033834, -89.567657 21.033124, -89.567282 21.03299, -89.566913 21.032847, -89.566813 21.032795, -89.566701 21.032633, -89.566648 21.032487, -89.566637 21.032378, -89.566611 21.032232, -89.566425 21.031933, -89.566392 21.031807, -89.567613 21.030659, -89.568553 21.029831, -89.56877 21.029635, -89.569458 21.029014, -89.570369 21.028183, -89.570956 21.027648, -89.571543 21.027112, -89.571598 21.027062, -89.571686 21.026981, -89.571704 21.026964, -89.571784 21.027043, -89.571847 21.027107, -89.571903 21.027163, -89.572432 21.02764, -89.572817 21.027987, -89.573299 21.028426, -89.573968 21.028973, -89.574316 21.029193, -89.574566 21.029322, -89.575037 21.029564, -89.575852 21.02988, -89.576345 21.030069, -89.576349 21.030071, -89.576358 21.030075, -89.576416 21.030097, -89.577453 21.030484, -89.577884 21.030637, -89.57812 21.030721, -89.578386 21.030816, -89.580067 21.031413, -89.580256 21.03148, -89.580335 21.031508, -89.580374 21.031521, -89.582915 21.032424, -89.583268 21.032552, -89.583712 21.032711, -89.583736 21.032719, -89.584195 21.032884, -89.585013 21.033175, -89.584863 21.034378, -89.584722 21.035481, -89.584466 21.037482, -89.58339 21.037287, -89.582199 21.037071, -89.581009 21.036855, -89.580388 21.036764, -89.580015 21.036673, -89.579358 21.036461, -89.578647 21.036231, -89.578357 21.036137, -89.577727 21.035868, -89.577566 21.0364)))"
3483,"MULTIPOLYGON (((-89.667021 20.916643, -89.667054 20.916493, -89.667155 20.916114, -89.667177 20.915926, -89.667204 20.915824, -89.667198 20.915768, -89.667196 20.915431, -89.667187 20.915303, -89.667141 20.915036, -89.667076 20.914827, -89.666949 20.914494, -89.666728 20.913898, -89.666586 20.913511, -89.666533 20.913296, -89.666517 20.912937, -89.666539 20.912725, -89.666562 20.912641, -89.666607 20.912454, -89.666739 20.912171, -89.666904 20.911937, -89.667099 20.911647, -89.667434 20.911121, -89.667725 20.910687, -89.668058 20.910218, -89.668453 20.909658, -89.668552 20.909499, -89.668873 20.909044, -89.669346 20.908351, -89.6701 20.907231, -89.670635 20.906524, -89.67086 20.906226, -89.671097 20.906085, -89.671507 20.905836, -89.671711 20.905725, -89.671966 20.905573, -89.67212 20.905453, -89.672333 20.905289, -89.67252 20.905147, -89.673043 20.904931, -89.673891 20.904797, -89.675301 20.904491, -89.675295 20.906113, -89.675295 20.906577, -89.67529 20.90712, -89.675289 20.907243, -89.675269 20.908188, -89.675269 20.908348, -89.675263 20.908549, -89.675267 20.909214, -89.675228 20.910212, -89.675206 20.91028, -89.675181 20.911223, -89.675167 20.911659, -89.67514 20.912644, -89.675142 20.912742, -89.675167 20.913532, -89.675168 20.913567, -89.675168 20.913636, -89.675206 20.914582, -89.675211 20.914661, -89.675219 20.915595, -89.675221 20.916008, -89.675236 20.916661, -89.67524 20.917222, -89.675236 20.917665, -89.675253 20.918547, -89.675249 20.91869, -89.67525 20.918734, -89.675246 20.919553, -89.675249 20.919856, -89.674198 20.919705, -89.673447 20.919631, -89.672474 20.919509, -89.672613 20.919233, -89.671633 20.918789, -89.671186 20.919687, -89.670734 20.920591, -89.671046 20.920766, -89.670309 20.921318, -89.669477 20.921988, -89.669097 20.921522, -89.668836 20.921206, -89.668438 20.92076, -89.668164 20.92043, -89.667778 20.919962, -89.667182 20.919258, -89.667179 20.919254, -89.666915 20.918941, -89.666252 20.91815, -89.666408 20.91785, -89.666582 20.91754, -89.666859 20.917008, -89.667021 20.916643)))"
3500,"MULTIPOLYGON (((-89.652476 20.902603, -89.65312 20.901804, -89.652309 20.901142, -89.652778 20.900236, -89.653306 20.899387, -89.653262 20.898711, -89.65324 20.897626, -89.654489 20.897605, -89.654586 20.896541, -89.654631 20.896541, -89.654988 20.896541, -89.655849 20.896537, -89.655875 20.896537, -89.655947 20.895995, -89.656075 20.895198, -89.656207 20.894148, -89.656403 20.892735, -89.656415 20.892652, -89.656246 20.892687, -89.655511 20.89285, -89.655504 20.89285, -89.655472 20.892858, -89.655378 20.892885, -89.654532 20.893118, -89.653454 20.893506, -89.652859 20.893744, -89.652389 20.893961, -89.652321 20.893993, -89.652254 20.894024, -89.651484 20.89438, -89.651233 20.894508, -89.651176 20.894538, -89.651135 20.894561, -89.650103 20.895094, -89.649409 20.89545, -89.649392 20.895459, -89.648682 20.895823, -89.648163 20.896092, -89.64784 20.896266, -89.647828 20.896273, -89.647644 20.896024, -89.647029 20.895289, -89.646146 20.894263, -89.645749 20.893778, -89.645749 20.893778, -89.645883 20.893763, -89.646723 20.893524, -89.646939 20.893463, -89.648122 20.893157, -89.648149 20.893149, -89.648618 20.893014, -89.648794 20.892964, -89.650328 20.892572, -89.651465 20.892286, -89.652646 20.891963, -89.653733 20.891617, -89.653775 20.891601, -89.654765 20.891322, -89.655391 20.891146, -89.655787 20.891034, -89.656428 20.890907, -89.657826 20.890582, -89.657508 20.892482, -89.657541 20.892479, -89.657889 20.892438, -89.658594 20.892396, -89.659438 20.892347, -89.659492 20.892342, -89.659517 20.892343, -89.660354 20.892356, -89.660832 20.892388, -89.661067 20.892404, -89.661427 20.892429, -89.661437 20.892364, -89.66144 20.892348, -89.661443 20.892324, -89.66146 20.892214, -89.66189 20.889336, -89.663224 20.889013, -89.664045 20.888794, -89.664352 20.889278, -89.664819 20.889356, -89.664698 20.890269, -89.664798 20.890492, -89.664585 20.891982, -89.664427 20.892974, -89.664478 20.892989, -89.665734 20.893367, -89.666132 20.893541, -89.666266 20.8936, -89.667317 20.894061, -89.668028 20.894421, -89.668386 20.894635, -89.668596 20.894768, -89.668635 20.894792, -89.668912 20.894968, -89.668938 20.894985, -89.669783 20.89552, -89.669836 20.895553, -89.669869 20.895579, -89.670688 20.896213, -89.671262 20.896722, -89.671144 20.896712, -89.670947 20.896652, -89.669951 20.896611, -89.669359 20.896594, -89.667137 20.896585, -89.666361 20.896581, -89.665873 20.89658, -89.665474 20.89658, -89.664588 20.89659, -89.66443 20.896592, -89.663846 20.896508, -89.663049 20.896497, -89.663062 20.897158, -89.662287 20.897178, -89.662285 20.89705, -89.662125 20.897049, -89.661353 20.897984, -89.660891 20.899035, -89.660779 20.900147, -89.660642 20.90142, -89.660591 20.901877, -89.659643 20.905442, -89.65889 20.905431, -89.657839 20.905423, -89.657763 20.905451, -89.657731 20.90551, -89.657729 20.907018, -89.657714 20.907076, -89.657189 20.906632, -89.656875 20.90636, -89.656471 20.906009, -89.656049 20.905653, -89.656033 20.905639, -89.655633 20.905293, -89.655402 20.905096, -89.65505 20.904795, -89.654917 20.904681, -89.654547 20.904364, -89.654057 20.903944, -89.653647 20.903619, -89.653253 20.903264, -89.652675 20.902772, -89.652476 20.902603)))"
3515,"MULTIPOLYGON (((-89.610583 20.920998, -89.610393 20.920775, -89.609956 20.920261, -89.609615 20.919861, -89.609443 20.919657, -89.609389 20.919592, -89.60964 20.919408, -89.609688 20.919373, -89.609722 20.919349, -89.61016 20.919029, -89.610931 20.918466, -89.611904 20.917741, -89.612871 20.917021, -89.612877 20.917017, -89.612932 20.916977, -89.613639 20.916464, -89.613867 20.916294, -89.614462 20.915857, -89.614526 20.915809, -89.614596 20.915758, -89.615058 20.915415, -89.616142 20.914614, -89.617277 20.913768, -89.618324 20.912986, -89.618386 20.91294, -89.618386 20.913443, -89.618368 20.913815, -89.618358 20.914633, -89.618359 20.915016, -89.619349 20.915059, -89.619347 20.915729, -89.619322 20.916594, -89.619339 20.916596, -89.619356 20.916599, -89.619357 20.917423, -89.619301 20.917412, -89.618364 20.917577, -89.618371 20.918057, -89.618377 20.918511, -89.618379 20.918665, -89.618384 20.918964, -89.61839 20.919374, -89.618394 20.919659, -89.618401 20.920662, -89.618399 20.920939, -89.618396 20.921286, -89.618393 20.921424, -89.618404 20.921668, -89.618407 20.921873, -89.618409 20.922337, -89.618407 20.922796, -89.61841 20.922917, -89.618424 20.923299, -89.618443 20.923791, -89.61845 20.92394, -89.618451 20.923999, -89.618457 20.924276, -89.618465 20.924713, -89.618467 20.924863, -89.618473 20.925155, -89.618481 20.925596, -89.618493 20.926261, -89.618494 20.926286, -89.618494 20.926338, -89.618506 20.927254, -89.618512 20.927677, -89.618025 20.927683, -89.617533 20.927689, -89.617055 20.927695, -89.617019 20.927695, -89.616241 20.927705, -89.616237 20.927206, -89.616234 20.926765, -89.616231 20.926331, -89.616231 20.926289, -89.616226 20.925583, -89.616222 20.925066, -89.616222 20.925025, -89.616223 20.924566, -89.616224 20.924125, -89.616224 20.923859, -89.616223 20.923674, -89.61623 20.923175, -89.616227 20.922701, -89.616228 20.922648, -89.616224 20.922214, -89.616221 20.921819, -89.61622 20.921379, -89.616228 20.921297, -89.616219 20.920926, -89.616207 20.920463, -89.616197 20.919554, -89.616198 20.919385, -89.61619 20.918979, -89.616184 20.918638, -89.616185 20.918509, -89.616189 20.918063, -89.61619 20.917973, -89.616165 20.91745, -89.616159 20.916861, -89.615644 20.917297, -89.615118 20.917754, -89.614088 20.918553, -89.61257 20.919761, -89.612398 20.919873, -89.61224 20.919667, -89.612029 20.919824, -89.611637 20.920135, -89.611269 20.920422, -89.610619 20.92094, -89.610583 20.920998)))"
3549,"MULTIPOLYGON (((-89.679286 20.935812, -89.680605 20.934829, -89.680773 20.934708, -89.680917 20.934601, -89.68103 20.934517, -89.681373 20.934262, -89.681414 20.934232, -89.681766 20.933971, -89.682139 20.933694, -89.682499 20.933426, -89.682602 20.933349, -89.682898 20.93313, -89.683182 20.932919, -89.683372 20.932782, -89.68354 20.932661, -89.683951 20.932365, -89.684335 20.932088, -89.684699 20.931825, -89.68505 20.931572, -89.685378 20.931335, -89.685431 20.931297, -89.685654 20.931135, -89.685771 20.931051, -89.686137 20.930787, -89.686452 20.93056, -89.686827 20.930289, -89.687203 20.930019, -89.687503 20.929802, -89.687905 20.929512, -89.688246 20.929266, -89.688277 20.929244, -89.688499 20.929084, -89.688596 20.929013, -89.688959 20.928751, -89.689333 20.928481, -89.690142 20.927898, -89.690162 20.927883, -89.691582 20.930325, -89.691606 20.930367, -89.691572 20.930389, -89.685427 20.934414, -89.681628 20.93593, -89.682318 20.936471, -89.680811 20.937375, -89.68038 20.93687, -89.679286 20.935812)))"
3572,"MULTIPOLYGON (((-89.672517 20.995095, -89.672957 20.994415, -89.673196 20.994046, -89.673415 20.993705, -89.673694 20.993275, -89.674137 20.99259, -89.674366 20.992238, -89.674605 20.991868, -89.674864 20.991467, -89.675091 20.991117, -89.675106 20.991093, -89.675349 20.990718, -89.675589 20.990347, -89.674356 20.98959, -89.674365 20.989561, -89.674427 20.989359, -89.674436 20.989327, -89.674415 20.989321, -89.674393 20.989312, -89.674374 20.989302, -89.674355 20.989289, -89.674337 20.989275, -89.674322 20.98926, -89.674308 20.989242, -89.674296 20.989224, -89.674287 20.989204, -89.674279 20.989184, -89.674274 20.989163, -89.674271 20.989143, -89.674271 20.98912, -89.674273 20.989099, -89.674277 20.989078, -89.674284 20.989057, -89.674293 20.989037, -89.674304 20.989019, -89.674317 20.989001, -89.674332 20.988985, -89.674349 20.98897, -89.674367 20.988957, -89.674387 20.988946, -89.674397 20.988941, -89.674371 20.988876, -89.673819 20.987461, -89.673811 20.98744, -89.673766 20.987298, -89.673778 20.987213, -89.673824 20.986884, -89.673832 20.986823, -89.673842 20.986766, -89.673904 20.986385, -89.67397 20.985993, -89.673979 20.985932, -89.673992 20.985858, -89.674053 20.985485, -89.674116 20.985109, -89.674129 20.985025, -89.674203 20.984585, -89.674286 20.984119, -89.674272 20.984118, -89.674263 20.984117, -89.674254 20.984114, -89.674245 20.984111, -89.674237 20.984106, -89.674229 20.984101, -89.674222 20.984095, -89.674215 20.984089, -89.67421 20.984082, -89.674205 20.984074, -89.674201 20.984066, -89.674198 20.984058, -89.674196 20.984049, -89.674195 20.98404, -89.674194 20.984031, -89.674196 20.984022, -89.6742 20.984005, -89.674204 20.983997, -89.674208 20.983989, -89.674214 20.983982, -89.67422 20.983975, -89.674227 20.983969, -89.674234 20.983964, -89.674242 20.98396, -89.674251 20.983956, -89.67426 20.983953, -89.674269 20.983951, -89.674278 20.98395, -89.674293 20.98395, -89.674303 20.983891, -89.674369 20.983545, -89.674443 20.983144, -89.674453 20.983093, -89.674462 20.983045, -89.674466 20.983022, -89.674534 20.982642, -89.674554 20.982524, -89.6746 20.982245, -89.674608 20.982197, -89.674619 20.982122, -89.674681 20.981747, -89.674741 20.981365, -89.674751 20.981305, -89.674763 20.981227, -89.674826 20.980826, -89.674853 20.980657, -89.674856 20.980632, -89.67488 20.980498, -89.674942 20.980121, -89.674955 20.980047, -89.67501 20.979729, -89.67502 20.979668, -89.675023 20.979654, -89.675036 20.979586, -89.675091 20.979262, -89.675099 20.979215, -89.675112 20.979142, -89.675163 20.978831, -89.675174 20.978767, -89.675185 20.978705, -89.675232 20.978416, -89.675252 20.978302, -89.675316 20.977905, -89.675325 20.977851, -89.675335 20.977795, -89.675373 20.977558, -89.675401 20.977401, -89.675473 20.976996, -89.675479 20.976958, -89.675491 20.976892, -89.675503 20.976827, -89.675544 20.976528, -89.675553 20.976529, -89.676489 20.976671, -89.677624 20.976849, -89.677557 20.977086, -89.677506 20.977262, -89.677272 20.978149, -89.677156 20.978588, -89.677038 20.979036, -89.67692 20.979484, -89.676804 20.979923, -89.676786 20.97999, -89.678065 20.980192, -89.678006 20.980414, -89.677946 20.980643, -89.677886 20.980871, -89.677664 20.981636, -89.677654 20.98167, -89.67754 20.982107, -89.677422 20.98256, -89.677285 20.983034, -89.67716 20.983491, -89.677038 20.983953, -89.676886 20.984474, -89.67675 20.985002, -89.676629 20.985471, -89.677536 20.985994, -89.676648 20.987404, -89.676664 20.98753, -89.676962 20.989825, -89.676514 20.990511, -89.676291 20.990855, -89.676243 20.990926, -89.675756 20.991677, -89.675567 20.991977, -89.675031 20.992799, -89.674473 20.993667, -89.673238 20.995553, -89.672932 20.99536, -89.672517 20.995095)))"
3587,"MULTIPOLYGON (((-89.555966 21.004155, -89.557076 21.004157, -89.557805 21.004153, -89.557799 21.005035, -89.557094 21.00505, -89.557103 21.006546, -89.556466 21.006072, -89.556466 21.006072, -89.55596 21.005705, -89.555828 21.005588, -89.554909 21.004933, -89.55489 21.004162, -89.555966 21.004155)))"
3591,"MULTIPOLYGON (((-89.629548 21.05997, -89.628679 21.060092, -89.627214 21.060297, -89.626487 21.060392, -89.626529 21.059079, -89.626577 21.057674, -89.626582 21.057509, -89.626612 21.056697, -89.62662 21.05588, -89.626636 21.055144, -89.626653 21.054267, -89.626657 21.054101, -89.626658 21.053317, -89.625869 21.053989, -89.624624 21.053575, -89.624437 21.053507, -89.624395 21.053487, -89.62235 21.052818, -89.622347 21.052784, -89.622334 21.052087, -89.622324 21.051199, -89.622318 21.050044, -89.622543 21.049674, -89.622814 21.049153, -89.622833 21.049116, -89.622869 21.049047, -89.622944 21.048902, -89.622972 21.048849, -89.623145 21.048882, -89.623442 21.048925, -89.624046 21.048975, -89.624393 21.048977, -89.624636 21.048952, -89.624819 21.048938, -89.625116 21.048907, -89.625432 21.048878, -89.625811 21.048839, -89.626426 21.048772, -89.6266 21.048755, -89.626718 21.048744, -89.626761 21.04874, -89.627189 21.048706, -89.628385 21.048565, -89.629115 21.048494, -89.629676 21.048435, -89.629979 21.048403, -89.63007 21.048394, -89.630076 21.048433, -89.630114 21.048681, -89.630173 21.049069, -89.630184 21.049137, -89.630231 21.049441, -89.630249 21.049562, -89.630338 21.050141, -89.630392 21.050489, -89.630439 21.050796, -89.630448 21.050856, -89.630552 21.051537, -89.630591 21.051785, -89.630712 21.052562, -89.630875 21.053523, -89.631003 21.054275, -89.63105 21.054555, -89.631223 21.055572, -89.631396 21.056588, -89.631599 21.05775, -89.631749 21.058668, -89.631914 21.059637, -89.631923 21.059697, -89.632079 21.060677, -89.632084 21.06071, -89.632239 21.061695, -89.632408 21.062686, -89.631174 21.062864, -89.631143 21.062869, -89.630086 21.063019, -89.62994 21.062031, -89.62977 21.061021, -89.629597 21.059994, -89.629548 21.05997)))"
3604,"MULTIPOLYGON (((-89.636184 20.900359, -89.636617 20.900057, -89.63683 20.899898, -89.63711 20.899694, -89.637282 20.899572, -89.637504 20.899418, -89.637673 20.899295, -89.637925 20.899112, -89.638228 20.898941, -89.639197 20.898855, -89.639342 20.897894, -89.639554 20.897752, -89.639839 20.897522, -89.640643 20.89687, -89.64141 20.896272, -89.641676 20.896066, -89.641653 20.895877, -89.6428 20.894951, -89.643615 20.8943, -89.643658 20.894263, -89.644569 20.894036, -89.645631 20.893752, -89.645749 20.893778, -89.646146 20.894263, -89.647029 20.895289, -89.647644 20.896024, -89.647828 20.896273, -89.647825 20.896274, -89.647817 20.896278, -89.647092 20.896649, -89.646792 20.896809, -89.646682 20.896866, -89.646659 20.896878, -89.646177 20.897134, -89.64541 20.897524, -89.644211 20.898144, -89.644161 20.89817, -89.643892 20.898307, -89.643808 20.898349, -89.643528 20.898492, -89.642837 20.898842, -89.642422 20.899056, -89.64197 20.899288, -89.641164 20.899701, -89.641136 20.899716, -89.640734 20.899922, -89.639915 20.900331, -89.63954 20.90053, -89.639135 20.900745, -89.639021 20.900805, -89.63898 20.900827, -89.638453 20.901099, -89.638405 20.901124, -89.637982 20.901342, -89.637555 20.901563, -89.637082 20.901807, -89.636982 20.901803, -89.636507 20.901791, -89.636117 20.901154, -89.636043 20.900952, -89.635904 20.900524, -89.635968 20.900476, -89.636184 20.900359)))"
3619,"MULTIPOLYGON (((-89.648831 20.920981, -89.647806 20.920863, -89.646761 20.920753, -89.645657 20.920637, -89.645868 20.919663, -89.645985 20.919122, -89.64607 20.918725, -89.64616 20.918223, -89.646229 20.917871, -89.646306 20.91753, -89.646449 20.916886, -89.646478 20.916752, -89.64669 20.91587, -89.646771 20.915503, -89.646904 20.91553, -89.647866 20.915791, -89.64796 20.915814, -89.648881 20.916041, -89.648972 20.915704, -89.649147 20.915731, -89.650078 20.915885, -89.649853 20.916655, -89.650914 20.916902, -89.650935 20.916906, -89.651742 20.917099, -89.651642 20.918087, -89.652681 20.918259, -89.653133 20.918336, -89.65299 20.918793, -89.653386 20.918922, -89.653782 20.919037, -89.654898 20.918945, -89.654856 20.919919, -89.654841 20.920698, -89.654807 20.921646, -89.654781 20.922852, -89.654779 20.923025, -89.654556 20.923323, -89.654292 20.923689, -89.653407 20.923237, -89.653394 20.92323, -89.653326 20.923196, -89.65248 20.922755, -89.651619 20.92228, -89.65159 20.92225, -89.650811 20.921825, -89.650781 20.921808, -89.650675 20.92174, -89.650604 20.921699, -89.649883 20.921378, -89.649849 20.921365, -89.648831 20.920981)))"
3657,"MULTIPOLYGON (((-89.555966 21.004155, -89.55489 21.004162, -89.554863 21.003155, -89.55484 21.002, -89.554824 21.000629, -89.554811 20.999999, -89.554788 20.998899, -89.555977 20.998864, -89.557237 20.998864, -89.558819 20.998872, -89.558909 20.998872, -89.560015 20.998842, -89.560154 20.998845, -89.561281 20.998806, -89.561263 20.998981, -89.561212 20.999471, -89.561208 20.999515, -89.561168 20.999904, -89.561026 21.000904, -89.56102 21.000962, -89.560939 21.001559, -89.560936 21.001581, -89.560936 21.00162, -89.560937 21.001666, -89.560888 21.002397, -89.560872 21.002547, -89.560872 21.002667, -89.560874 21.003193, -89.560873 21.003372, -89.560911 21.003959, -89.560926 21.004184, -89.561012 21.0047, -89.561012 21.004703, -89.561014 21.004717, -89.561009 21.004717, -89.560827 21.004712, -89.560718 21.004709, -89.560629 21.004706, -89.559419 21.004671, -89.558897 21.004658, -89.559014 21.005037, -89.557799 21.005035, -89.557805 21.004153, -89.557076 21.004157, -89.555966 21.004155)))"
3676,"MULTIPOLYGON (((-89.569484 21.00761, -89.568551 21.007069, -89.567581 21.006507, -89.567771 21.006114, -89.568052 21.005511, -89.568167 21.005576, -89.568207 21.005601, -89.568844 21.004659, -89.569465 21.003733, -89.570071 21.002832, -89.569624 21.002581, -89.570053 21.002109, -89.570373 21.001787, -89.571555 21.002532, -89.571618 21.002566, -89.572545 21.00306, -89.573524 21.003581, -89.574554 21.004199, -89.575455 21.004713, -89.57485 21.005641, -89.574257 21.006548, -89.57364 21.007477, -89.573028 21.008397, -89.572419 21.009313, -89.571477 21.008766, -89.570535 21.008218, -89.570489 21.008192, -89.569509 21.007624, -89.569484 21.00761)))"
3695,"MULTIPOLYGON (((-89.560872 21.002667, -89.560872 21.002547, -89.560888 21.002397, -89.560937 21.001666, -89.560936 21.00162, -89.560936 21.001581, -89.560939 21.001559, -89.56102 21.000962, -89.561026 21.000904, -89.561168 20.999904, -89.561208 20.999515, -89.561212 20.999471, -89.561263 20.998981, -89.561281 20.998806, -89.561712 20.998802, -89.561823 20.998801, -89.562935 20.998781, -89.563768 20.998774, -89.563977 20.998768, -89.564865 20.998753, -89.565089 20.998749, -89.565463 20.998743, -89.565924 20.998735, -89.566184 20.998734, -89.566972 20.998731, -89.567226 20.99873, -89.56802 20.998727, -89.568352 20.998725, -89.569063 20.998727, -89.569084 20.998726, -89.570126 20.998706, -89.571451 20.998665, -89.571117 20.999338, -89.570868 20.999803, -89.570437 21.000707, -89.570399 21.000784, -89.570055 21.001459, -89.56998 21.001607, -89.56979 21.001981, -89.570053 21.002109, -89.569624 21.002581, -89.56903 21.003101, -89.568437 21.003084, -89.567317 21.003095, -89.566236 21.003114, -89.565142 21.003135, -89.564864 21.003138, -89.564107 21.003145, -89.564048 21.003146, -89.562981 21.003156, -89.561923 21.003166, -89.561358 21.003176, -89.560943 21.003191, -89.560874 21.003193, -89.560872 21.002667)))"
3708,"MULTIPOLYGON (((-89.570373 21.001787, -89.570053 21.002109, -89.56979 21.001981, -89.56998 21.001607, -89.570055 21.001459, -89.570399 21.000784, -89.570437 21.000707, -89.570868 20.999803, -89.571117 20.999338, -89.571451 20.998665, -89.571486 20.998664, -89.57149 20.998682, -89.571497 20.998699, -89.571505 20.998716, -89.571515 20.998732, -89.571527 20.998747, -89.57154 20.998761, -89.571555 20.998773, -89.571572 20.998783, -89.571589 20.998792, -89.571607 20.9988, -89.571626 20.998805, -89.571645 20.998809, -89.571665 20.99881, -89.571685 20.99881, -89.571704 20.998808, -89.571724 20.998804, -89.571742 20.998798, -89.57176 20.99879, -89.571777 20.99878, -89.571793 20.998769, -89.571808 20.998757, -89.571821 20.998743, -89.571832 20.998727, -89.571846 20.998703, -89.571855 20.998676, -89.571859 20.998658, -89.571861 20.99864, -89.57186 20.998621, -89.571858 20.998603, -89.571854 20.998584, -89.571847 20.998567, -89.571839 20.99855, -89.571829 20.998534, -89.572091 20.998407, -89.572751 20.998127, -89.573156 20.99795, -89.573923 20.997582, -89.574154 20.997472, -89.574561 20.997303, -89.57501 20.997095, -89.575041 20.997079, -89.575774 20.996733, -89.576732 20.996281, -89.577198 20.99605, -89.577554 20.995952, -89.577552 20.996034, -89.577159 20.996756, -89.576846 20.997275, -89.576806 20.997341, -89.576595 20.997678, -89.576333 20.998079, -89.576031 20.998343, -89.575779 20.998618, -89.576098 20.99885, -89.576587 20.999199, -89.577075 20.999529, -89.578406 21.000438, -89.578527 21.00049, -89.578287 21.000871, -89.578262 21.000912, -89.577979 21.001378, -89.577963 21.001404, -89.577669 21.001872, -89.577369 21.00236, -89.577352 21.002387, -89.577034 21.002902, -89.577025 21.002916, -89.576862 21.002856, -89.576738 21.002807, -89.576016 21.002538, -89.575998 21.002532, -89.575965 21.002533, -89.57591 21.002883, -89.575832 21.003028, -89.575553 21.003529, -89.576053 21.003796, -89.575455 21.004713, -89.574554 21.004199, -89.573524 21.003581, -89.572545 21.00306, -89.571618 21.002566, -89.571555 21.002532, -89.570373 21.001787)))"
3712,"MULTIPOLYGON (((-89.641763 21.031557, -89.64181 21.031245, -89.641963 21.030273, -89.641965 21.030259, -89.642378 21.03025, -89.642407 21.030253, -89.642511 21.030266, -89.642605 21.030277, -89.642621 21.030279, -89.642635 21.030284, -89.644003 21.03077, -89.644016 21.030777, -89.644085 21.030806, -89.644211 21.030863, -89.644229 21.030871, -89.645597 21.031356, -89.645691 21.031389, -89.645727 21.031402, -89.645761 21.031414, -89.646065 21.031527, -89.646192 21.031574, -89.646198 21.031566, -89.646204 21.031558, -89.646212 21.031551, -89.64622 21.031544, -89.646229 21.031539, -89.646238 21.031534, -89.646248 21.03153, -89.646259 21.031527, -89.646269 21.031526, -89.64628 21.031525, -89.646291 21.031525, -89.646301 21.031527, -89.646312 21.031529, -89.646322 21.031533, -89.646331 21.031537, -89.64634 21.031542, -89.646349 21.031549, -89.646357 21.031556, -89.646364 21.031563, -89.64637 21.031572, -89.646375 21.03158, -89.646379 21.03159, -89.646382 21.0316, -89.646383 21.031609, -89.646384 21.03162, -89.646384 21.03163, -89.64638 21.031649, -89.646504 21.031696, -89.6468 21.031806, -89.646848 21.031825, -89.646959 21.031866, -89.648162 21.032312, -89.648272 21.032351, -89.648046 21.032871, -89.647863 21.033304, -89.647686 21.033725, -89.647509 21.034145, -89.647324 21.034583, -89.64715 21.035002, -89.646974 21.035429, -89.646787 21.035879, -89.646611 21.036302, -89.646441 21.036712, -89.646261 21.037148, -89.644852 21.036629, -89.644291 21.036421, -89.643688 21.036247, -89.643861 21.035825, -89.644061 21.035368, -89.644249 21.034913, -89.644191 21.03489, -89.642624 21.03432, -89.641452 21.033886, -89.64151 21.033448, -89.641573 21.032966, -89.641638 21.032479, -89.641699 21.032018, -89.641763 21.031557)))"
3727,"MULTIPOLYGON (((-89.653349 21.034215, -89.653344 21.034225, -89.653297 21.034334, -89.652738 21.035732, -89.65184 21.037654, -89.651459 21.037557, -89.651414 21.037545, -89.649707 21.036935, -89.648283 21.036423, -89.6481 21.036847, -89.647967 21.037153, -89.647917 21.037263, -89.647723 21.037689, -89.646261 21.037148, -89.646441 21.036712, -89.646611 21.036302, -89.646787 21.035879, -89.646974 21.035429, -89.64715 21.035002, -89.647324 21.034583, -89.647509 21.034145, -89.647686 21.033725, -89.647863 21.033304, -89.648046 21.032871, -89.648272 21.032351, -89.648371 21.032388, -89.649677 21.032866, -89.649687 21.03287, -89.649745 21.032895, -89.649836 21.032935, -89.649844 21.032938, -89.651084 21.033389, -89.651174 21.033422, -89.651302 21.033468, -89.652789 21.034009, -89.652887 21.034046, -89.652957 21.034071, -89.652963 21.034073, -89.653349 21.034215)))"
3746,"MULTIPOLYGON (((-89.653349 21.034215, -89.652963 21.034073, -89.652957 21.034071, -89.652887 21.034046, -89.652789 21.034009, -89.651302 21.033468, -89.651174 21.033422, -89.651084 21.033389, -89.649844 21.032938, -89.649836 21.032935, -89.649745 21.032895, -89.649967 21.03236, -89.650145 21.031933, -89.650329 21.031519, -89.650497 21.031118, -89.650677 21.030668, -89.650846 21.030246, -89.651024 21.02982, -89.651196 21.029384, -89.651363 21.028955, -89.65154 21.028512, -89.651718 21.028047, -89.651916 21.027594, -89.652098 21.02719, -89.652266 21.026779, -89.652446 21.026352, -89.652632 21.025911, -89.652803 21.025503, -89.652985 21.025071, -89.653205 21.024548, -89.653301 21.024327, -89.653444 21.023995, -89.654846 21.02449, -89.656239 21.025001, -89.656415 21.024563, -89.656598 21.024119, -89.656778 21.023671, -89.657057 21.022944, -89.656595 21.022771, -89.656121 21.022594, -89.655675 21.022428, -89.655696 21.022376, -89.655856 21.021991, -89.656083 21.021442, -89.657343 21.022282, -89.657955 21.022689, -89.657993 21.022715, -89.658445 21.023016, -89.659232 21.02354, -89.659209 21.023598, -89.658815 21.024581, -89.658526 21.025302, -89.658129 21.026303, -89.656887 21.02948, -89.656543 21.030381, -89.656354 21.030868, -89.655795 21.03227, -89.655661 21.032605, -89.655643 21.03265, -89.65542 21.03321, -89.655316 21.03347, -89.655301 21.033509, -89.655284 21.033552, -89.654882 21.034559, -89.654807 21.034749, -89.654314 21.034569, -89.653349 21.034215)))"
3765,"MULTIPOLYGON (((-89.663278 20.979668, -89.663267 20.97943, -89.66324 20.978862, -89.663211 20.97837, -89.663189 20.977884, -89.663168 20.977493, -89.66316 20.977083, -89.663145 20.976681, -89.663124 20.976278, -89.663097 20.975874, -89.663088 20.975504, -89.663514 20.975505, -89.663903 20.975486, -89.663909 20.975023, -89.663916 20.974772, -89.663935 20.974561, -89.664124 20.973694, -89.664177 20.973613, -89.664635 20.973715, -89.665139 20.973823, -89.66519 20.973836, -89.66566 20.973923, -89.666171 20.974035, -89.666583 20.974121, -89.666632 20.974132, -89.667121 20.974228, -89.666907 20.975089, -89.666917 20.975096, -89.666925 20.975104, -89.666933 20.975113, -89.66694 20.975122, -89.66695 20.975142, -89.666953 20.975153, -89.666955 20.975164, -89.666956 20.975175, -89.666955 20.975186, -89.666954 20.975197, -89.666951 20.975208, -89.666947 20.975219, -89.666941 20.975229, -89.666935 20.975238, -89.666928 20.975247, -89.66692 20.975255, -89.66691 20.975262, -89.666901 20.975269, -89.66689 20.975274, -89.666879 20.975278, -89.666862 20.975282, -89.66685 20.975283, -89.666802 20.97552, -89.666667 20.976032, -89.66662 20.976254, -89.666659 20.976495, -89.666677 20.976563, -89.666781 20.976966, -89.666902 20.977419, -89.667024 20.977873, -89.667114 20.978269, -89.667229 20.978724, -89.667349 20.97919, -89.666186 20.979437, -89.665903 20.979506, -89.6659 20.980107, -89.665893 20.980576, -89.663975 20.980598, -89.66395 20.980117, -89.663956 20.979651, -89.663278 20.979668)))"
377A,"MULTIPOLYGON (((-89.675481 20.967228, -89.675427 20.967218, -89.674358 20.967025, -89.674282 20.967011, -89.674256 20.967007, -89.67374 20.966919, -89.673237 20.966821, -89.673091 20.966793, -89.673037 20.966783, -89.672609 20.966701, -89.672477 20.966675, -89.672379 20.966656, -89.671394 20.966466, -89.670357 20.966237, -89.670332 20.966232, -89.669716 20.966096, -89.669269 20.965998, -89.669005 20.965939, -89.668207 20.965763, -89.668158 20.965749, -89.668398 20.96459, -89.668683 20.963236, -89.668903 20.962223, -89.669083 20.96139, -89.66925 20.960589, -89.669281 20.960473, -89.669378 20.960457, -89.670341 20.960291, -89.67091 20.960191, -89.671135 20.960151, -89.6714 20.960105, -89.671571 20.960075, -89.672425 20.959918, -89.672451 20.959913, -89.672523 20.9599, -89.673554 20.959711, -89.673951 20.95964, -89.674113 20.959612, -89.67421 20.959594, -89.674413 20.959557, -89.674626 20.959519, -89.675637 20.959335, -89.675783 20.959309, -89.675814 20.959303, -89.675851 20.959297, -89.675883 20.959291, -89.676795 20.959131, -89.676858 20.95912, -89.677132 20.959071, -89.678684 20.958798, -89.678758 20.958785, -89.678774 20.958869, -89.678856 20.959295, -89.678883 20.959437, -89.678939 20.959719, -89.678981 20.95993, -89.678983 20.959938, -89.678993 20.959992, -89.679005 20.960052, -89.679033 20.960192, -89.679051 20.960286, -89.679098 20.960532, -89.679123 20.960657, -89.679128 20.960677, -89.679132 20.960695, -89.679137 20.960715, -89.67914 20.960737, -89.679145 20.960758, -89.679148 20.96078, -89.679151 20.960799, -89.67915 20.960821, -89.679149 20.960841, -89.679141 20.960861, -89.679137 20.96087, -89.679131 20.960883, -89.679117 20.9609, -89.6791 20.960915, -89.679081 20.960931, -89.67906 20.960949, -89.679035 20.960971, -89.678995 20.961007, -89.678936 20.96106, -89.678716 20.961256, -89.678482 20.961462, -89.678276 20.961644, -89.678267 20.961768, -89.678244 20.962094, -89.678206 20.962534, -89.678204 20.962561, -89.678167 20.962994, -89.678165 20.963017, -89.67816 20.963083, -89.678148 20.963219, -89.678128 20.963461, -89.678127 20.963474, -89.678116 20.963593, -89.6781 20.963786, -89.678093 20.963865, -89.678089 20.963917, -89.678053 20.964337, -89.67805 20.964371, -89.678048 20.964398, -89.678047 20.964408, -89.678037 20.964526, -89.67801 20.964793, -89.678005 20.964841, -89.678003 20.964865, -89.677965 20.965249, -89.677962 20.965275, -89.677959 20.9653, -89.677958 20.965318, -89.67792 20.965702, -89.677915 20.96575, -89.677895 20.965955, -89.677871 20.966205, -89.677868 20.966235, -89.677824 20.966674, -89.677785 20.967078, -89.67778 20.967123, -89.677777 20.967164, -89.677752 20.96747, -89.677743 20.967582, -89.677726 20.96759, -89.677711 20.9676, -89.677699 20.967613, -89.677691 20.967628, -89.677687 20.967636, -89.677549 20.967605, -89.677345 20.967559, -89.676507 20.96741, -89.675615 20.967252, -89.675481 20.967228)))"
3784,"MULTIPOLYGON (((-89.677779 20.967578, -89.677761 20.967578, -89.677743 20.967582, -89.677752 20.96747, -89.677777 20.967164, -89.67778 20.967123, -89.677785 20.967078, -89.677824 20.966674, -89.677868 20.966235, -89.677871 20.966205, -89.677895 20.965955, -89.677915 20.96575, -89.67792 20.965702, -89.677958 20.965318, -89.677959 20.9653, -89.677962 20.965275, -89.677965 20.965249, -89.678003 20.964865, -89.678005 20.964841, -89.67801 20.964793, -89.678037 20.964526, -89.678047 20.964408, -89.678048 20.964398, -89.67805 20.964371, -89.678053 20.964337, -89.678089 20.963917, -89.678093 20.963865, -89.6781 20.963786, -89.678116 20.963593, -89.678127 20.963474, -89.678128 20.963461, -89.678148 20.963219, -89.67816 20.963083, -89.678165 20.963017, -89.678167 20.962994, -89.678204 20.962561, -89.678206 20.962534, -89.678244 20.962094, -89.678267 20.961768, -89.678276 20.961644, -89.678482 20.961462, -89.678716 20.961256, -89.678936 20.96106, -89.678995 20.961007, -89.679035 20.960971, -89.67906 20.960949, -89.679081 20.960931, -89.6791 20.960915, -89.679117 20.9609, -89.679131 20.960883, -89.679137 20.96087, -89.679141 20.960861, -89.679149 20.960841, -89.67915 20.960821, -89.679151 20.960799, -89.679148 20.96078, -89.679145 20.960758, -89.67914 20.960737, -89.679137 20.960715, -89.679132 20.960695, -89.679128 20.960677, -89.679123 20.960657, -89.679098 20.960532, -89.679051 20.960286, -89.679033 20.960192, -89.679005 20.960052, -89.678993 20.959992, -89.678983 20.959938, -89.678981 20.95993, -89.678939 20.959719, -89.678883 20.959437, -89.678856 20.959295, -89.678774 20.958869, -89.678758 20.958785, -89.678833 20.958772, -89.679554 20.95865, -89.68092 20.958405, -89.682662 20.958111, -89.68239 20.959112, -89.682336 20.959313, -89.682272 20.959545, -89.682151 20.959992, -89.682035 20.960434, -89.681921 20.960857, -89.681797 20.961319, -89.681677 20.96178, -89.681556 20.962222, -89.68144 20.962665, -89.681323 20.963103, -89.681227 20.963465, -89.681203 20.963554, -89.681084 20.963986, -89.680962 20.964434, -89.680845 20.964863, -89.680724 20.965315, -89.680606 20.965749, -89.680486 20.966199, -89.680366 20.96663, -89.680251 20.967065, -89.68014 20.967514, -89.680025 20.967959, -89.679999 20.968049, -89.679933 20.968037, -89.679924 20.968036, -89.679105 20.967886, -89.679047 20.967876, -89.679028 20.967872, -89.678512 20.96778, -89.677957 20.967688, -89.677858 20.967672, -89.677859 20.967659, -89.677856 20.967642, -89.677851 20.967625, -89.677841 20.967611, -89.677829 20.967598, -89.677814 20.967588, -89.677797 20.967581, -89.677779 20.967578)))"
3799,"MULTIPOLYGON (((-89.676814 20.971246, -89.676461 20.971182, -89.675835 20.971076, -89.674852 20.970918, -89.674929 20.970475, -89.675009 20.970024, -89.675082 20.969553, -89.675169 20.969083, -89.675239 20.968654, -89.675312 20.968212, -89.675388 20.967749, -89.675481 20.967228, -89.675615 20.967252, -89.676507 20.96741, -89.677345 20.967559, -89.677549 20.967605, -89.677687 20.967636, -89.677691 20.967628, -89.677699 20.967613, -89.677711 20.9676, -89.677726 20.96759, -89.677743 20.967582, -89.677761 20.967578, -89.677779 20.967578, -89.677797 20.967581, -89.677814 20.967588, -89.677829 20.967598, -89.677841 20.967611, -89.677851 20.967625, -89.677856 20.967642, -89.677859 20.967659, -89.677858 20.967672, -89.677957 20.967688, -89.678512 20.96778, -89.679028 20.967872, -89.679047 20.967876, -89.679105 20.967886, -89.679924 20.968036, -89.679933 20.968037, -89.679999 20.968049, -89.679848 20.968568, -89.679819 20.968652, -89.679723 20.968996, -89.679606 20.969434, -89.679539 20.969687, -89.679362 20.970304, -89.67924 20.970777, -89.679127 20.971204, -89.679011 20.97163, -89.677787 20.971414, -89.676814 20.971246)))"
3801,"MULTIPOLYGON (((-89.675544 20.976528, -89.675535 20.976527, -89.673977 20.976295, -89.674039 20.975891, -89.674111 20.975438, -89.674184 20.974978, -89.674253 20.974537, -89.674337 20.97407, -89.674412 20.973605, -89.674486 20.973158, -89.674567 20.9727, -89.674631 20.972254, -89.674708 20.971801, -89.674778 20.971359, -89.674852 20.970918, -89.675835 20.971076, -89.676461 20.971182, -89.676814 20.971246, -89.677787 20.971414, -89.679011 20.97163, -89.678906 20.972033, -89.678782 20.972497, -89.678663 20.972935, -89.678607 20.973147, -89.678547 20.973376, -89.678527 20.973454, -89.67842 20.97384, -89.678364 20.974039, -89.6783 20.974272, -89.678189 20.974711, -89.678069 20.975145, -89.678011 20.975375, -89.677947 20.97562, -89.677844 20.975982, -89.677731 20.976435, -89.677624 20.976849, -89.676489 20.976671, -89.675553 20.976529, -89.675544 20.976528)))"
384A,"MULTIPOLYGON (((-89.688257 20.972479, -89.688315 20.972016, -89.688361 20.971738, -89.688386 20.97158, -89.68844 20.971243, -89.688455 20.97113, -89.686986 20.970946, -89.685486 20.970765, -89.685491 20.970737, -89.683845 20.97035, -89.68385 20.970329, -89.683944 20.969981, -89.683963 20.969911, -89.683965 20.969903, -89.684062 20.969546, -89.684083 20.969467, -89.684087 20.969451, -89.684183 20.969094, -89.684213 20.968983, -89.684245 20.968869, -89.684297 20.968673, -89.68438 20.968363, -89.684456 20.968082, -89.684474 20.968016, -89.684496 20.967926, -89.684507 20.967858, -89.684511 20.967844, -89.684605 20.967485, -89.684725 20.967039, -89.684735 20.967001, -89.684842 20.966598, -89.68496 20.966153, -89.685117 20.965571, -89.685129 20.965524, -89.685219 20.965187, -89.685234 20.96513, -89.685257 20.965048, -89.685297 20.964899, -89.685364 20.964961, -89.686266 20.965105, -89.686311 20.965113, -89.689102 20.965675, -89.689151 20.96455, -89.689199 20.962149, -89.694666 20.961425, -89.692809 20.963838, -89.692491 20.964264, -89.691999 20.964925, -89.691926 20.965031, -89.691298 20.965936, -89.691246 20.966011, -89.691108 20.966209, -89.690801 20.966701, -89.690733 20.966942, -89.690549 20.967782, -89.690414 20.968723, -89.690399 20.96883, -89.690397 20.968843, -89.690257 20.969921, -89.690045 20.971582, -89.689923 20.972497, -89.689838 20.973149, -89.689723 20.973133, -89.688199 20.972929, -89.688257 20.972479)))"
3854,"MULTIPOLYGON (((-89.681474 20.97172, -89.680404 20.971473, -89.680525 20.971014, -89.680653 20.970576, -89.680773 20.970139, -89.680831 20.969897, -89.680888 20.969654, -89.681004 20.969211, -89.681129 20.968737, -89.681255 20.968275, -89.681221 20.968269, -89.680139 20.968075, -89.679999 20.968049, -89.680025 20.967959, -89.68014 20.967514, -89.680251 20.967065, -89.680366 20.96663, -89.680486 20.966199, -89.680606 20.965749, -89.680724 20.965315, -89.680845 20.964863, -89.680962 20.964434, -89.681084 20.963986, -89.681203 20.963554, -89.681227 20.963465, -89.681323 20.963103, -89.68144 20.962665, -89.681556 20.962222, -89.681677 20.96178, -89.681797 20.961319, -89.681921 20.960857, -89.682035 20.960434, -89.682151 20.959992, -89.682272 20.959545, -89.682336 20.959313, -89.68239 20.959112, -89.682662 20.958111, -89.683577 20.957945, -89.683571 20.957967, -89.683561 20.958002, -89.681824 20.9643, -89.682311 20.964358, -89.682324 20.96431, -89.682342 20.964244, -89.683798 20.96451, -89.685217 20.964818, -89.685297 20.964899, -89.685257 20.965048, -89.685234 20.96513, -89.685219 20.965187, -89.685129 20.965524, -89.685117 20.965571, -89.68496 20.966153, -89.684842 20.966598, -89.684735 20.967001, -89.684725 20.967039, -89.684605 20.967485, -89.684511 20.967844, -89.684507 20.967858, -89.684496 20.967926, -89.684474 20.968016, -89.684456 20.968082, -89.68438 20.968363, -89.684297 20.968673, -89.684245 20.968869, -89.684213 20.968983, -89.684183 20.969094, -89.684087 20.969451, -89.684083 20.969467, -89.684062 20.969546, -89.683965 20.969903, -89.683963 20.969911, -89.683944 20.969981, -89.68385 20.970329, -89.683845 20.97035, -89.683824 20.970426, -89.68378 20.97059, -89.683725 20.970794, -89.683716 20.970829, -89.683705 20.970868, -89.683607 20.971234, -89.683598 20.971267, -89.683585 20.971311, -89.683472 20.971719, -89.683368 20.972114, -89.683355 20.972161, -89.682219 20.971899, -89.681848 20.971808, -89.681474 20.97172)))"
3869,"MULTIPOLYGON (((-89.652078 20.913128, -89.652031 20.913179, -89.651782 20.914168, -89.651777 20.914193, -89.651464 20.915167, -89.651449 20.915216, -89.651153 20.916153, -89.651909 20.916327, -89.651742 20.917099, -89.650935 20.916906, -89.650914 20.916902, -89.649853 20.916655, -89.650078 20.915885, -89.649147 20.915731, -89.649394 20.914848, -89.649647 20.913919, -89.649845 20.912906, -89.649852 20.91287, -89.650094 20.911917, -89.651074 20.912009, -89.651137 20.912015, -89.65114 20.912015, -89.652234 20.912142, -89.652078 20.913128)))"
3873,"MULTIPOLYGON (((-89.651465 20.892286, -89.650328 20.892572, -89.648794 20.892964, -89.648618 20.893014, -89.648149 20.893149, -89.648122 20.893157, -89.646939 20.893463, -89.646723 20.893524, -89.645883 20.893763, -89.645749 20.893778, -89.645749 20.893778, -89.645147 20.89305, -89.644829 20.89267, -89.644525 20.892308, -89.643813 20.891499, -89.642792 20.890273, -89.642444 20.889807, -89.642198 20.889447, -89.646261 20.888745, -89.646306 20.887161, -89.646373 20.885372, -89.651628 20.885609, -89.651751 20.884993, -89.652869 20.885057, -89.652732 20.885665, -89.652481 20.886545, -89.652183 20.887449, -89.652123 20.887667, -89.65331 20.887844, -89.654341 20.887992, -89.655747 20.888248, -89.656194 20.888325, -89.656814 20.888433, -89.658001 20.888641, -89.658131 20.888712, -89.658124 20.888747, -89.657826 20.890582, -89.656428 20.890907, -89.655787 20.891034, -89.655391 20.891146, -89.654765 20.891322, -89.653775 20.891601, -89.653733 20.891617, -89.652646 20.891963, -89.651465 20.892286)))"
3905,"MULTIPOLYGON (((-89.648758 21.044092, -89.649346 21.042867, -89.649777 21.04198, -89.649484 21.041833, -89.649708 21.041349, -89.648144 21.040794, -89.646678 21.040232, -89.645196 21.039685, -89.643829 21.039182, -89.643613 21.039722, -89.643555 21.039705, -89.64354 21.039701, -89.643312 21.039668, -89.643183 21.03965, -89.643185 21.03964, -89.643186 21.039631, -89.643187 21.039621, -89.643187 21.039611, -89.643186 21.039601, -89.643185 21.039591, -89.643184 21.039581, -89.643182 21.039572, -89.643179 21.039562, -89.643176 21.039553, -89.643172 21.039543, -89.643168 21.039534, -89.643163 21.039526, -89.643158 21.039517, -89.643153 21.039509, -89.643146 21.039501, -89.64314 21.039493, -89.643133 21.039485, -89.643126 21.039478, -89.643118 21.039472, -89.64311 21.039466, -89.643101 21.03946, -89.643092 21.039454, -89.643083 21.039449, -89.643074 21.039445, -89.643065 21.03944, -89.643053 21.039436, -89.643035 21.039431, -89.643024 21.039429, -89.643014 21.039427, -89.643004 21.039426, -89.642993 21.039426, -89.642983 21.039425, -89.642972 21.039426, -89.642962 21.039427, -89.642951 21.039428, -89.642941 21.03943, -89.642931 21.039433, -89.642921 21.039436, -89.642911 21.039439, -89.642901 21.039443, -89.642892 21.039447, -89.642883 21.039452, -89.642874 21.039458, -89.642865 21.039463, -89.642857 21.039469, -89.642849 21.039476, -89.642842 21.039483, -89.642835 21.03949, -89.642828 21.039498, -89.642822 21.039506, -89.642816 21.039514, -89.64281 21.039522, -89.642806 21.039531, -89.642801 21.03954, -89.642797 21.039549, -89.642794 21.039559, -89.642791 21.039566, -89.642789 21.039576, -89.642669 21.039546, -89.642445 21.039493, -89.642377 21.039477, -89.642397 21.039432, -89.643075 21.037766, -89.643188 21.037487, -89.643461 21.036817, -89.643688 21.036247, -89.644291 21.036421, -89.644852 21.036629, -89.646261 21.037148, -89.647723 21.037689, -89.647917 21.037263, -89.647967 21.037153, -89.6481 21.036847, -89.648283 21.036423, -89.649707 21.036935, -89.651414 21.037545, -89.651459 21.037557, -89.65184 21.037654, -89.652738 21.035732, -89.653297 21.034334, -89.653344 21.034225, -89.653349 21.034215, -89.654314 21.034569, -89.654807 21.034749, -89.654784 21.034806, -89.654773 21.034834, -89.654436 21.035696, -89.654083 21.036583, -89.65372 21.037466, -89.653387 21.03836, -89.653223 21.038763, -89.653061 21.039156, -89.65304 21.039212, -89.653022 21.039257, -89.652685 21.040114, -89.652428 21.040754, -89.652324 21.041023, -89.651962 21.041932, -89.651681 21.042696, -89.651577 21.042943, -89.651563 21.042977, -89.651547 21.043013, -89.651212 21.043802, -89.651018 21.044209, -89.650762 21.044743, -89.650632 21.044986, -89.65038 21.045305, -89.650134 21.045538, -89.650123 21.045548, -89.64978 21.045765, -89.649625 21.04588, -89.649499 21.045974, -89.649379 21.046013, -89.648779 21.046203, -89.648392 21.046326, -89.647697 21.04638, -89.648239 21.045207, -89.64853 21.044576, -89.648758 21.044092)))"
391A,"MULTIPOLYGON (((-89.677664 20.981636, -89.677886 20.980871, -89.677946 20.980643, -89.678006 20.980414, -89.678065 20.980192, -89.676786 20.97999, -89.676804 20.979923, -89.67692 20.979484, -89.677038 20.979036, -89.677156 20.978588, -89.677272 20.978149, -89.677506 20.977262, -89.677557 20.977086, -89.677624 20.976849, -89.677731 20.976435, -89.677844 20.975982, -89.677947 20.97562, -89.678011 20.975375, -89.678069 20.975145, -89.678189 20.974711, -89.6783 20.974272, -89.678364 20.974039, -89.67842 20.97384, -89.678527 20.973454, -89.678547 20.973376, -89.678607 20.973147, -89.678663 20.972935, -89.678782 20.972497, -89.678906 20.972033, -89.679011 20.97163, -89.679127 20.971204, -89.67924 20.970777, -89.679362 20.970304, -89.679539 20.969687, -89.679606 20.969434, -89.679723 20.968996, -89.679819 20.968652, -89.679848 20.968568, -89.679999 20.968049, -89.680139 20.968075, -89.681221 20.968269, -89.681255 20.968275, -89.681129 20.968737, -89.681004 20.969211, -89.680888 20.969654, -89.680831 20.969897, -89.680773 20.970139, -89.680653 20.970576, -89.680525 20.971014, -89.680404 20.971473, -89.681474 20.97172, -89.681848 20.971808, -89.682219 20.971899, -89.683355 20.972161, -89.683346 20.972195, -89.683261 20.972501, -89.68323 20.972618, -89.683225 20.972636, -89.683172 20.972834, -89.683114 20.973051, -89.682993 20.973497, -89.682871 20.973936, -89.682749 20.974387, -89.682629 20.974828, -89.682578 20.975013, -89.682507 20.975276, -89.682488 20.975348, -89.682459 20.975455, -89.682453 20.975474, -89.68239 20.975706, -89.682332 20.975919, -89.682268 20.976153, -89.682188 20.97641, -89.682146 20.976544, -89.682159 20.976546, -89.682171 20.97655, -89.682182 20.976554, -89.682193 20.97656, -89.682198 20.976563, -89.682213 20.976574, -89.682217 20.976578, -89.682229 20.976592, -89.682232 20.976597, -89.68224 20.976613, -89.682244 20.976624, -89.682247 20.976635, -89.682248 20.976641, -89.682249 20.976653, -89.682248 20.97667, -89.682247 20.976676, -89.682242 20.976693, -89.682237 20.976704, -89.682231 20.976714, -89.682224 20.976724, -89.68222 20.976728, -89.682211 20.976737, -89.682201 20.976744, -89.682191 20.976751, -89.682174 20.976758, -89.682162 20.976762, -89.682156 20.976764, -89.682144 20.976766, -89.682125 20.976767, -89.682119 20.976766, -89.682107 20.976765, -89.682089 20.97676, -89.682054 20.976903, -89.682005 20.977103, -89.681996 20.97714, -89.681992 20.977153, -89.681987 20.977169, -89.681945 20.977335, -89.681872 20.977598, -89.681774 20.977949, -89.681764 20.97799, -89.681752 20.978039, -89.681746 20.978061, -89.681741 20.978079, -89.681634 20.978485, -89.681604 20.978597, -89.681518 20.97892, -89.681462 20.97914, -89.681462 20.979144, -89.681406 20.979368, -89.681284 20.979801, -89.681231 20.980001, -89.68128 20.980284, -89.68112 20.980474, -89.681101 20.980502, -89.680991 20.980661, -89.680718 20.981081, -89.680487 20.981437, -89.680467 20.98147, -89.680434 20.98152, -89.679638 20.982731, -89.679616 20.982764, -89.679448 20.982664, -89.67875 20.982275, -89.677664 20.981636)))"
3939,"MULTIPOLYGON (((-89.600643 21.026521, -89.600671 21.026028, -89.600707 21.02552, -89.600366 21.0255, -89.599794 21.02546, -89.599666 21.025443, -89.599326 21.025393, -89.598817 21.02534, -89.598712 21.02534, -89.598569 21.025333, -89.597737 21.025254, -89.597081 21.025165, -89.596679 21.025113, -89.596393 21.025062, -89.595557 21.024919, -89.595581 21.024859, -89.595602 21.024804, -89.595717 21.024515, -89.595823 21.024246, -89.595916 21.024014, -89.595938 21.023963, -89.59595 21.02393, -89.595972 21.023874, -89.596233 21.023197, -89.596243 21.02317, -89.596266 21.023112, -89.596412 21.022743, -89.596582 21.022312, -89.596609 21.022241, -89.596753 21.021871, -89.596757 21.021856, -89.596787 21.021778, -89.596932 21.021396, -89.596943 21.021371, -89.596968 21.021308, -89.597217 21.020651, -89.597405 21.020156, -89.597393 21.020148, -89.597382 21.02014, -89.597372 21.020131, -89.597362 21.020121, -89.597354 21.020109, -89.597348 21.020098, -89.597342 21.020085, -89.597338 21.020072, -89.597336 21.020059, -89.597335 21.020046, -89.597336 21.020032, -89.597338 21.020019, -89.597341 21.020006, -89.597346 21.019994, -89.597352 21.019982, -89.59736 21.01997, -89.597369 21.01996, -89.597378 21.01995, -89.597389 21.019942, -89.597401 21.019934, -89.597414 21.019928, -89.597427 21.019923, -89.597441 21.019919, -89.597455 21.019917, -89.597469 21.019916, -89.597483 21.019916, -89.597497 21.019918, -89.597511 21.019922, -89.597525 21.019926, -89.597568 21.019825, -89.597935 21.019063, -89.597967 21.018998, -89.597978 21.018974, -89.598405 21.018093, -89.598432 21.018036, -89.598453 21.017995, -89.598936 21.017003, -89.598965 21.016944, -89.598978 21.016916, -89.599257 21.016339, -89.599574 21.015681, -89.599647 21.015532, -89.600989 21.015998, -89.600779 21.016608, -89.600778 21.016634, -89.600779 21.016655, -89.600781 21.016676, -89.600785 21.016697, -89.600789 21.016717, -89.600795 21.016737, -89.600801 21.016757, -89.600809 21.016777, -89.600818 21.016796, -89.600828 21.016815, -89.600839 21.016833, -89.600851 21.016851, -89.600863 21.016868, -89.600877 21.016884, -89.600648 21.017792, -89.601499 21.018006, -89.602358 21.018221, -89.60239 21.018229, -89.603224 21.018438, -89.604061 21.018648, -89.603936 21.019112, -89.603905 21.019227, -89.603799 21.019618, -89.60369 21.020022, -89.603647 21.020179, -89.603507 21.020697, -89.603454 21.020893, -89.603421 21.021008, -89.603363 21.021207, -89.603195 21.02178, -89.603169 21.021773, -89.602998 21.022446, -89.602881 21.022858, -89.602822 21.023076, -89.602644 21.023696, -89.602639 21.023715, -89.604174 21.02403, -89.60405 21.024581, -89.605334 21.02483, -89.605347 21.024832, -89.605306 21.025012, -89.605296 21.025055, -89.605284 21.025103, -89.605173 21.02559, -89.605084 21.025976, -89.60507 21.026039, -89.605055 21.026096, -89.604876 21.026774, -89.604866 21.026809, -89.604816 21.027013, -89.603892 21.026902, -89.602955 21.026794, -89.601998 21.026683, -89.600643 21.026521)))"
3943,"MULTIPOLYGON (((-89.679196 20.950801, -89.680265 20.95067, -89.681467 20.950501, -89.681775 20.950447, -89.682103 20.950414, -89.682365 20.950386, -89.68264 20.950344, -89.683135 20.950269, -89.683786 20.950172, -89.683817 20.950168, -89.684814 20.95, -89.685381 20.947888, -89.686623 20.947715, -89.686318 20.948805, -89.68626 20.949037, -89.686107 20.949614, -89.68607 20.949746, -89.685983 20.950064, -89.685981 20.950071, -89.685957 20.950159, -89.685651 20.951261, -89.685617 20.951387, -89.685611 20.951407, -89.685606 20.951424, -89.68559 20.951482, -89.685572 20.951554, -89.685335 20.952458, -89.685314 20.952538, -89.685312 20.952546, -89.685308 20.952564, -89.685274 20.952687, -89.685236 20.952831, -89.684931 20.953962, -89.684864 20.954195, -89.684824 20.954334, -89.68461 20.955088, -89.684544 20.95535, -89.684243 20.956471, -89.683942 20.957593, -89.68386 20.957898, -89.683819 20.957904, -89.683577 20.957945, -89.682662 20.958111, -89.68092 20.958405, -89.679554 20.95865, -89.678833 20.958772, -89.678758 20.958785, -89.678684 20.958798, -89.677132 20.959071, -89.676858 20.95912, -89.676795 20.959131, -89.675883 20.959291, -89.675886 20.959282, -89.676142 20.958577, -89.676193 20.958448, -89.676289 20.958208, -89.676309 20.958157, -89.676474 20.957751, -89.676563 20.95752, -89.676643 20.95732, -89.676815 20.956888, -89.676984 20.956463, -89.677203 20.955907, -89.677288 20.955699, -89.677362 20.955505, -89.677513 20.955113, -89.677529 20.955073, -89.677692 20.95465, -89.677863 20.954205, -89.678026 20.953779, -89.678189 20.953355, -89.6782 20.953327, -89.678265 20.953157, -89.678362 20.952906, -89.678518 20.952502, -89.678695 20.952039, -89.678858 20.951619, -89.678934 20.951418, -89.678956 20.951363, -89.679196 20.950801)))"
3958,"MULTIPOLYGON (((-89.685301 20.97213, -89.685296 20.97216, -89.683484 20.971721, -89.683472 20.971719, -89.683585 20.971311, -89.683598 20.971267, -89.683607 20.971234, -89.683705 20.970868, -89.683716 20.970829, -89.683725 20.970794, -89.68378 20.97059, -89.683824 20.970426, -89.683845 20.97035, -89.685491 20.970737, -89.685486 20.970765, -89.686986 20.970946, -89.688455 20.97113, -89.68844 20.971243, -89.688386 20.97158, -89.688361 20.971738, -89.688315 20.972016, -89.688257 20.972479, -89.686788 20.972311, -89.685301 20.97213)))"
3962,"MULTIPOLYGON (((-89.569076 20.993602, -89.569076 20.99362, -89.568531 20.993625, -89.567964 20.993641, -89.567988 20.994384, -89.567989 20.994703, -89.567985 20.994745, -89.567978 20.994818, -89.567987 20.995758, -89.568054 20.996752, -89.568031 20.997734, -89.568032 20.99776, -89.56802 20.998727, -89.567226 20.99873, -89.566972 20.998731, -89.566184 20.998734, -89.565924 20.998735, -89.565463 20.998743, -89.565089 20.998749, -89.564865 20.998753, -89.563977 20.998768, -89.563768 20.998774, -89.562935 20.998781, -89.561823 20.998801, -89.561712 20.998802, -89.561281 20.998806, -89.561326 20.998505, -89.561444 20.997729, -89.561561 20.996919, -89.561573 20.996841, -89.561575 20.996828, -89.561585 20.99676, -89.561718 20.99586, -89.561863 20.994871, -89.561866 20.994855, -89.561874 20.994794, -89.562033 20.993716, -89.56204 20.993667, -89.562042 20.993648, -89.562047 20.993614, -89.562165 20.992776, -89.562172 20.99272, -89.562314 20.991712, -89.562346 20.991478, -89.562462 20.991499, -89.562664 20.991537, -89.562731 20.991551, -89.562893 20.991575, -89.563307 20.991668, -89.563344 20.991436, -89.563355 20.991367, -89.564542 20.991354, -89.565443 20.991342, -89.566729 20.991331, -89.56756 20.991317, -89.567699 20.991315, -89.567704 20.991232, -89.568001 20.991226, -89.569039 20.991205, -89.569047 20.992648, -89.569076 20.993602)))"
3977,"MULTIPOLYGON (((-89.571463 20.991065, -89.571406 20.991091, -89.57127 20.991099, -89.570921 20.991121, -89.570877 20.991124, -89.570804 20.991144, -89.570699 20.991174, -89.57013 20.991188, -89.569537 20.991207, -89.569039 20.991205, -89.568001 20.991226, -89.567704 20.991232, -89.567699 20.991315, -89.56756 20.991317, -89.566729 20.991331, -89.565443 20.991342, -89.564542 20.991354, -89.563355 20.991367, -89.563344 20.991436, -89.563307 20.991668, -89.562893 20.991575, -89.562731 20.991551, -89.562664 20.991537, -89.562462 20.991499, -89.562346 20.991478, -89.562382 20.991226, -89.562391 20.991167, -89.562432 20.990879, -89.562519 20.990273, -89.562626 20.98953, -89.562667 20.989306, -89.562676 20.989252, -89.562688 20.989166, -89.562807 20.988356, -89.562937 20.987461, -89.563068 20.986566, -89.563172 20.986561, -89.563771 20.986531, -89.56391 20.986523, -89.564031 20.986516, -89.565484 20.98645, -89.565768 20.986441, -89.565999 20.986429, -89.566445 20.986417, -89.566769 20.986398, -89.566988 20.986388, -89.567379 20.986381, -89.567392 20.985874, -89.567871 20.985874, -89.567872 20.98635, -89.568224 20.986351, -89.568354 20.986347, -89.568355 20.985891, -89.568896 20.985893, -89.568883 20.986328, -89.569394 20.986326, -89.569377 20.985899, -89.569879 20.98591, -89.569855 20.986303, -89.570028 20.986303, -89.570064 20.986319, -89.570315 20.986352, -89.570799 20.986372, -89.57121 20.986386, -89.571776 20.986397, -89.571872 20.986402, -89.571854 20.986544, -89.571819 20.986819, -89.571773 20.987154, -89.571757 20.987275, -89.571701 20.987693, -89.571642 20.988132, -89.571582 20.988574, -89.571495 20.989221, -89.571492 20.989237, -89.571487 20.989264, -89.571479 20.989303, -89.571469 20.98935, -89.571467 20.989369, -89.571454 20.989713, -89.571453 20.98974, -89.571452 20.989814, -89.571453 20.989908, -89.571451 20.990177, -89.571451 20.990193, -89.571453 20.990295, -89.57146 20.990607, -89.571461 20.990651, -89.571462 20.990684, -89.571462 20.990745, -89.571463 20.991065)))"
3981,"MULTIPOLYGON (((-89.573896 21.017485, -89.573933 21.017485, -89.574746 21.016714, -89.574806 21.016657, -89.575433 21.015963, -89.576143 21.016128, -89.5762 21.016142, -89.576549 21.016198, -89.576769 21.016231, -89.577883 21.016396, -89.577584 21.016987, -89.57764 21.016998, -89.578843 21.017238, -89.579612 21.017939, -89.580506 21.018759, -89.580567 21.018815, -89.579945 21.019336, -89.579769 21.019484, -89.579258 21.019945, -89.578994 21.020194, -89.578243 21.020903, -89.577471 21.021631, -89.576709 21.02235, -89.575945 21.023069, -89.575603 21.023391, -89.575453 21.023255, -89.57476 21.022631, -89.574687 21.022581, -89.574364 21.022377, -89.574311 21.022345, -89.57427 21.022289, -89.574268 21.022286, -89.573807 21.022, -89.573764 21.021974, -89.572936 21.021425, -89.57288 21.021388, -89.572844 21.021332, -89.572838 21.021322, -89.572354 21.020818, -89.572168 21.02061, -89.571825 21.020243, -89.571783 21.020198, -89.571637 21.020026, -89.571481 21.019842, -89.571496 21.019827, -89.572281 21.019073, -89.572573 21.018789, -89.572994 21.018365, -89.573289 21.018074, -89.573896 21.017485)))"
3996,"MULTIPOLYGON (((-89.566335 21.017951, -89.566324 21.017905, -89.567742 21.017606, -89.5676 21.017066, -89.567678 21.017048, -89.567691 21.017082, -89.567693 21.017088, -89.567805 21.017303, -89.567813 21.017291, -89.567958 21.017051, -89.568243 21.016582, -89.568376 21.016366, -89.568534 21.016109, -89.568773 21.015695, -89.568816 21.015619, -89.56901 21.015282, -89.569091 21.015142, -89.569368 21.014669, -89.569656 21.014186, -89.569925 21.013736, -89.56994 21.013711, -89.570219 21.013236, -89.570384 21.013315, -89.571557 21.013934, -89.571595 21.013869, -89.57165 21.013777, -89.5718 21.013525, -89.572036 21.013136, -89.5721 21.013047, -89.572485 21.012548, -89.572556 21.012482, -89.573461 21.01326, -89.573963 21.013692, -89.573899 21.013757, -89.574771 21.014514, -89.574882 21.014605, -89.574142 21.015672, -89.574818 21.015824, -89.575433 21.015963, -89.574806 21.016657, -89.574746 21.016714, -89.573933 21.017485, -89.573896 21.017485, -89.573289 21.018074, -89.572994 21.018365, -89.572573 21.018789, -89.572281 21.019073, -89.571496 21.019827, -89.571481 21.019842, -89.571426 21.01978, -89.571167 21.019488, -89.571067 21.019376, -89.571044 21.019326, -89.571042 21.019322, -89.570975 21.019244, -89.570871 21.019198, -89.570772 21.019154, -89.57078 21.019146, -89.571407 21.018494, -89.571584 21.01831, -89.571229 21.017917, -89.571674 21.017264, -89.571625 21.017258, -89.570612 21.017132, -89.570401 21.017348, -89.569985 21.017782, -89.569633 21.018127, -89.56927 21.018491, -89.569235 21.018476, -89.56907 21.018399, -89.56895 21.018343, -89.568909 21.01842, -89.56889 21.018456, -89.568798 21.01861, -89.568762 21.018672, -89.568686 21.018801, -89.568679 21.018813, -89.568605 21.018937, -89.568525 21.019069, -89.568424 21.019244, -89.568194 21.019631, -89.568161 21.019689, -89.568077 21.019819, -89.568001 21.019925, -89.567964 21.019966, -89.567634 21.020343, -89.567237 21.020027, -89.56678 21.019645, -89.566739 21.019585, -89.566697 21.019486, -89.566584 21.018967, -89.566453 21.018434, -89.566335 21.017951)))"
4000,"MULTIPOLYGON (((-89.666022 20.926754, -89.666057 20.926403, -89.666789 20.926548, -89.667073 20.926605, -89.667771 20.926725, -89.667851 20.926739, -89.668616 20.926869, -89.668796 20.926896, -89.668888 20.926926, -89.668946 20.926931, -89.669975 20.927009, -89.670381 20.92691, -89.670445 20.926892, -89.670493 20.92688, -89.670731 20.92682, -89.670978 20.926756, -89.671264 20.926673, -89.671646 20.926559, -89.671958 20.92703, -89.671993 20.927574, -89.672094 20.928313, -89.672045 20.928362, -89.672711 20.929162, -89.672355 20.929472, -89.672964 20.930546, -89.673573 20.931619, -89.673965 20.93228, -89.673977 20.9323, -89.673524 20.932534, -89.673405 20.932595, -89.673166 20.932777, -89.672902 20.932978, -89.672377 20.933525, -89.671666 20.934408, -89.671293 20.934875, -89.671285 20.934883, -89.670915 20.935213, -89.670425 20.93565, -89.66993 20.935948, -89.668995 20.936509, -89.668093 20.937101, -89.668085 20.937089, -89.668043 20.937028, -89.667835 20.93673, -89.667321 20.935993, -89.666555 20.934902, -89.666368 20.934602, -89.666153 20.934344, -89.666012 20.934169, -89.665879 20.933996, -89.665889 20.933479, -89.665902 20.932206, -89.665921 20.93104, -89.665934 20.930043, -89.665952 20.929029, -89.665973 20.927978, -89.666002 20.927125, -89.666022 20.926754)))"
4015,"MULTIPOLYGON (((-89.663863 20.915481, -89.664218 20.915619, -89.664546 20.914775, -89.665825 20.915213, -89.66548 20.91608, -89.666453 20.916598, -89.666518 20.916577, -89.666578 20.916484, -89.666647 20.916445, -89.666718 20.91644, -89.666816 20.916473, -89.667014 20.916637, -89.667021 20.916643, -89.666859 20.917008, -89.666582 20.91754, -89.666408 20.91785, -89.666252 20.91815, -89.666915 20.918941, -89.667179 20.919254, -89.667182 20.919258, -89.667778 20.919962, -89.668164 20.92043, -89.668438 20.92076, -89.668836 20.921206, -89.669097 20.921522, -89.669477 20.921988, -89.669696 20.922283, -89.67006 20.922725, -89.670102 20.922775, -89.670347 20.923065, -89.67086 20.923675, -89.671016 20.923862, -89.671526 20.924468, -89.671643 20.924608, -89.672216 20.925297, -89.672808 20.92601, -89.672893 20.926092, -89.672804 20.926172, -89.671987 20.926447, -89.671901 20.926476, -89.671646 20.926559, -89.671264 20.926673, -89.670978 20.926756, -89.670731 20.92682, -89.670493 20.92688, -89.670445 20.926892, -89.670381 20.92691, -89.669975 20.927009, -89.668946 20.926931, -89.668888 20.926926, -89.668796 20.926896, -89.668616 20.926869, -89.667851 20.926739, -89.667771 20.926725, -89.667073 20.926605, -89.666789 20.926548, -89.666057 20.926403, -89.666022 20.926754, -89.664976 20.926753, -89.663694 20.926735, -89.663709 20.925583, -89.663732 20.92453, -89.663761 20.923215, -89.663787 20.922253, -89.663794 20.921893, -89.663808 20.921047, -89.663816 20.920579, -89.66381 20.920135, -89.663818 20.91922, -89.663811 20.918986, -89.663826 20.917992, -89.663843 20.91689, -89.663863 20.915481)))"
402A,"MULTIPOLYGON (((-89.671646 20.926559, -89.671901 20.926476, -89.671987 20.926447, -89.672804 20.926172, -89.672893 20.926092, -89.672808 20.92601, -89.672216 20.925297, -89.671643 20.924608, -89.671526 20.924468, -89.671016 20.923862, -89.67086 20.923675, -89.670347 20.923065, -89.670102 20.922775, -89.67006 20.922725, -89.669696 20.922283, -89.669477 20.921988, -89.670309 20.921318, -89.671046 20.920766, -89.670734 20.920591, -89.671186 20.919687, -89.671633 20.918789, -89.672613 20.919233, -89.672474 20.919509, -89.673447 20.919631, -89.674198 20.919705, -89.675249 20.919856, -89.675278 20.92056, -89.675287 20.920841, -89.675293 20.921452, -89.675293 20.921712, -89.675327 20.922679, -89.675331 20.922712, -89.675265 20.923681, -89.675256 20.923736, -89.675231 20.924157, -89.675137 20.924917, -89.675127 20.925041, -89.675077 20.925314, -89.675068 20.925442, -89.675029 20.925857, -89.675044 20.92605, -89.675023 20.926249, -89.674972 20.92674, -89.674914 20.92722, -89.6743 20.927765, -89.674945 20.928521, -89.675579 20.929272, -89.676013 20.929785, -89.676603 20.930482, -89.676612 20.930493, -89.676848 20.930774, -89.676761 20.93082, -89.675226 20.931645, -89.673977 20.9323, -89.673965 20.93228, -89.673573 20.931619, -89.672964 20.930546, -89.672355 20.929472, -89.672711 20.929162, -89.672045 20.928362, -89.672094 20.928313, -89.671993 20.927574, -89.671958 20.92703, -89.671646 20.926559)))"
4034,"MULTIPOLYGON (((-89.657143 20.95581, -89.657191 20.955804, -89.658268 20.955662, -89.658294 20.955789, -89.659761 20.95557, -89.660589 20.955457, -89.660659 20.955902, -89.661558 20.955777, -89.662575 20.955628, -89.66342 20.955505, -89.66345 20.9555, -89.663455 20.955858, -89.663454 20.955872, -89.663455 20.95601, -89.663456 20.95606, -89.663458 20.956346, -89.663463 20.956816, -89.663467 20.956963, -89.663468 20.957291, -89.663473 20.957735, -89.663477 20.958193, -89.663478 20.958284, -89.663478 20.958331, -89.663481 20.958682, -89.663483 20.958875, -89.663484 20.959094, -89.663487 20.959142, -89.663491 20.959412, -89.663495 20.959672, -89.663495 20.959686, -89.663496 20.959744, -89.663497 20.959793, -89.663504 20.960168, -89.663473 20.960174, -89.661956 20.960455, -89.661796 20.960474, -89.661267 20.960548, -89.660703 20.960623, -89.659736 20.960753, -89.659012 20.960847, -89.658947 20.960855, -89.658634 20.960913, -89.658592 20.96092, -89.658111 20.96098, -89.657291 20.961083, -89.657253 20.961087, -89.656373 20.961188, -89.656323 20.961193, -89.655553 20.961291, -89.655358 20.960242, -89.655252 20.959684, -89.656127 20.959535, -89.655927 20.958534, -89.655764 20.957779, -89.655755 20.957749, -89.655638 20.957213, -89.655588 20.95697, -89.6554 20.956053, -89.656308 20.955932, -89.657143 20.95581)))"
4049,"MULTIPOLYGON (((-89.66345 20.9555, -89.66342 20.955505, -89.662575 20.955628, -89.661558 20.955777, -89.660659 20.955902, -89.660589 20.955457, -89.659761 20.95557, -89.658294 20.955789, -89.658268 20.955662, -89.657191 20.955804, -89.657143 20.95581, -89.656308 20.955932, -89.6554 20.956053, -89.655245 20.95529, -89.655237 20.955254, -89.654975 20.953831, -89.65504 20.953782, -89.655899 20.953146, -89.655947 20.953111, -89.656854 20.952439, -89.657279 20.95209, -89.658085 20.951492, -89.658921 20.950878, -89.659023 20.950803, -89.659772 20.950249, -89.659833 20.950202, -89.660417 20.949778, -89.660603 20.949641, -89.661036 20.949332, -89.661079 20.9493, -89.661586 20.948911, -89.661944 20.948636, -89.662943 20.947915, -89.663352 20.947622, -89.663446 20.947554, -89.663451 20.948649, -89.663479 20.949824, -89.663399 20.949978, -89.663395 20.949985, -89.663395 20.950398, -89.663398 20.950528, -89.663417 20.951442, -89.663418 20.951514, -89.663427 20.952345, -89.663427 20.952405, -89.663436 20.952709, -89.663431 20.952956, -89.663427 20.953186, -89.663427 20.953202, -89.663433 20.953576, -89.663434 20.953874, -89.663446 20.954314, -89.663443 20.954564, -89.663443 20.95478, -89.66345 20.9555)))"
4068,"MULTIPOLYGON (((-89.59452 20.99279, -89.594148 20.992356, -89.59313 20.993108, -89.593618 20.99344, -89.592314 20.994479, -89.592153 20.994361, -89.592167 20.994322, -89.590528 20.993827, -89.590732 20.993215, -89.589681 20.992866, -89.58934 20.993823, -89.589361 20.993829, -89.590415 20.994126, -89.590341 20.994341, -89.590179 20.994878, -89.590091 20.995114, -89.589054 20.994773, -89.588031 20.994437, -89.587111 20.994134, -89.587021 20.994072, -89.586954 20.993936, -89.586474 20.993007, -89.585957 20.991925, -89.586745 20.991558, -89.586898 20.991487, -89.587696 20.991115, -89.587843 20.991047, -89.588825 20.990589, -89.588861 20.990572, -89.589272 20.990381, -89.589791 20.990139, -89.590252 20.989923, -89.590555 20.989779, -89.591192 20.989474, -89.592016 20.989099, -89.59219 20.989, -89.592519 20.988638, -89.592654 20.988451, -89.592976 20.988001, -89.593007 20.987958, -89.593713 20.988782, -89.593979 20.98909, -89.593851 20.989523, -89.593782 20.989757, -89.593608 20.990257, -89.593781 20.990461, -89.594151 20.990898, -89.594542 20.991354, -89.59491 20.991783, -89.595281 20.992219, -89.595252 20.992253, -89.59452 20.99279)))"
4072,"MULTIPOLYGON (((-89.595123 20.985081, -89.595235 20.985211, -89.59541 20.985419, -89.595439 20.985451, -89.595445 20.985459, -89.595479 20.985501, -89.595506 20.98553, -89.595659 20.985709, -89.595816 20.985893, -89.59588 20.985969, -89.595981 20.986088, -89.596032 20.986149, -89.596537 20.986745, -89.596651 20.986875, -89.59667 20.986899, -89.596724 20.986964, -89.59673 20.98697, -89.597031 20.987336, -89.597039 20.987345, -89.597079 20.987393, -89.597084 20.987397, -89.597391 20.987754, -89.597395 20.987759, -89.597433 20.987803, -89.597451 20.987825, -89.597756 20.988181, -89.597767 20.988193, -89.597806 20.988238, -89.597815 20.988247, -89.598116 20.988603, -89.59815 20.988644, -89.598155 20.98865, -89.598175 20.988672, -89.598431 20.988965, -89.598486 20.989028, -89.59853 20.989082, -89.598559 20.989116, -89.598866 20.989482, -89.598892 20.989511, -89.598823 20.989572, -89.597869 20.990273, -89.597123 20.990826, -89.596973 20.990951, -89.596768 20.991121, -89.596118 20.991596, -89.595311 20.992183, -89.595281 20.992219, -89.59491 20.991783, -89.594542 20.991354, -89.594151 20.990898, -89.593781 20.990461, -89.593608 20.990257, -89.593782 20.989757, -89.593851 20.989523, -89.593979 20.98909, -89.593713 20.988782, -89.593007 20.987958, -89.593125 20.987797, -89.593346 20.987493, -89.593667 20.987055, -89.593947 20.986674, -89.594164 20.986384, -89.594339 20.986135, -89.594648 20.985725, -89.595077 20.985144, -89.595123 20.985081)))"
4087,"MULTIPOLYGON (((-89.630536 20.995262, -89.630586 20.995092, -89.630712 20.994247, -89.630764 20.993898, -89.630904 20.993014, -89.630907 20.992991, -89.631042 20.992141, -89.631046 20.992112, -89.631182 20.991247, -89.632126 20.99137, -89.633074 20.991493, -89.634007 20.991615, -89.634954 20.991738, -89.635893 20.99186, -89.636391 20.991925, -89.636797 20.991977, -89.637307 20.992044, -89.637996 20.992133, -89.638011 20.992135, -89.637712 20.992576, -89.637547 20.99282, -89.63741 20.99302, -89.637402 20.993035, -89.637254 20.993255, -89.636845 20.993866, -89.636378 20.994557, -89.636281 20.994701, -89.636267 20.994722, -89.636251 20.994747, -89.636155 20.994831, -89.635201 20.995657, -89.635173 20.995681, -89.634318 20.996422, -89.633713 20.996947, -89.633464 20.997116, -89.633288 20.997186, -89.633253 20.997201, -89.633125 20.997119, -89.633018 20.997051, -89.632955 20.997011, -89.632609 20.99675, -89.632124 20.996401, -89.631891 20.996234, -89.631379 20.995867, -89.631035 20.99562, -89.630536 20.995262)))"
4091,"MULTIPOLYGON (((-89.631593 20.988577, -89.631745 20.987715, -89.63175 20.987683, -89.632682 20.987822, -89.633622 20.987963, -89.634546 20.988089, -89.635492 20.988218, -89.636447 20.988348, -89.637443 20.988484, -89.638482 20.988625, -89.638486 20.9886, -89.638494 20.98857, -89.638506 20.988541, -89.63852 20.988514, -89.638537 20.988488, -89.638558 20.988463, -89.63858 20.988441, -89.638606 20.988421, -89.638633 20.988404, -89.638662 20.98839, -89.638692 20.988378, -89.638724 20.98837, -89.638756 20.988365, -89.638789 20.988362, -89.638815 20.988363, -89.638854 20.988368, -89.638886 20.988375, -89.638917 20.988386, -89.638946 20.988399, -89.638974 20.988416, -89.639 20.988435, -89.639023 20.988456, -89.639044 20.98848, -89.639063 20.988505, -89.639078 20.988533, -89.63909 20.988561, -89.639099 20.988591, -89.639105 20.988621, -89.639107 20.988652, -89.639106 20.988683, -89.639103 20.988706, -89.63931 20.98873, -89.640511 20.988869, -89.640634 20.988883, -89.640787 20.9889, -89.64094 20.988917, -89.641058 20.988932, -89.640555 20.989471, -89.640507 20.989523, -89.639707 20.990365, -89.639006 20.991096, -89.638698 20.99141, -89.638665 20.991442, -89.638476 20.991633, -89.638288 20.991823, -89.638146 20.991967, -89.638079 20.992035, -89.638011 20.992135, -89.637996 20.992133, -89.637307 20.992044, -89.636797 20.991977, -89.636391 20.991925, -89.635893 20.99186, -89.634954 20.991738, -89.634007 20.991615, -89.633074 20.991493, -89.632126 20.99137, -89.631182 20.991247, -89.631307 20.990455, -89.631326 20.990344, -89.631472 20.989478, -89.631593 20.988577)))"
4104,"MULTIPOLYGON (((-89.610573 20.980051, -89.610689 20.980056, -89.610804 20.980068, -89.610846 20.980074, -89.610918 20.980084, -89.611031 20.980107, -89.611143 20.980135, -89.611253 20.980168, -89.611362 20.980207, -89.611467 20.980251, -89.611571 20.9803, -89.611671 20.980354, -89.611768 20.980413, -89.611862 20.980477, -89.611952 20.980545, -89.612038 20.980617, -89.61212 20.980694, -89.612172 20.980748, -89.612221 20.980797, -89.612286 20.980865, -89.612347 20.980935, -89.612404 20.981009, -89.612457 20.981085, -89.612505 20.981163, -89.612549 20.981244, -89.612588 20.981327, -89.612623 20.981411, -89.612653 20.981498, -89.612727 20.981684, -89.612651 20.981986, -89.612642 20.982022, -89.612611 20.982153, -89.6125 20.982565, -89.612346 20.983166, -89.612318 20.983275, -89.612127 20.984023, -89.612028 20.984431, -89.61173 20.985619, -89.611433 20.986809, -89.611461 20.987147, -89.611163 20.987323, -89.610667 20.987615, -89.610437 20.987751, -89.610232 20.98787, -89.610227 20.987874, -89.610111 20.987941, -89.609908 20.988062, -89.609252 20.988456, -89.609209 20.988482, -89.609172 20.988502, -89.609117 20.988532, -89.60826 20.989039, -89.608102 20.989132, -89.607122 20.98971, -89.607095 20.989723, -89.60708 20.989732, -89.607008 20.989766, -89.607141 20.988776, -89.607268 20.987583, -89.607357 20.986963, -89.607423 20.986412, -89.607587 20.985244, -89.607752 20.984013, -89.607928 20.982695, -89.607936 20.982638, -89.607942 20.982584, -89.608184 20.980107, -89.609236 20.980082, -89.610394 20.980054, -89.610457 20.980051, -89.610573 20.980051)))"
4119,"MULTIPOLYGON (((-89.604371 20.984916, -89.604423 20.984923, -89.604474 20.984504, -89.604564 20.983699, -89.604694 20.982322, -89.604696 20.982299, -89.604886 20.980214, -89.604887 20.980203, -89.604917 20.980202, -89.605409 20.980183, -89.606012 20.98016, -89.606655 20.980136, -89.607081 20.98012, -89.608184 20.980107, -89.607942 20.982584, -89.607936 20.982638, -89.607928 20.982695, -89.607752 20.984013, -89.607587 20.985244, -89.607423 20.986412, -89.607357 20.986963, -89.607268 20.987583, -89.607141 20.988776, -89.607008 20.989766, -89.606829 20.989868, -89.606821 20.989873, -89.605993 20.990514, -89.605429 20.990948, -89.605389 20.990977, -89.605331 20.991017, -89.605304 20.991038, -89.60474 20.99145, -89.604354 20.991728, -89.603745 20.992172, -89.60372 20.99219, -89.603789 20.991013, -89.603795 20.990922, -89.603825 20.990407, -89.603832 20.990285, -89.603842 20.990197, -89.6039 20.989666, -89.603914 20.989542, -89.603921 20.989476, -89.603924 20.989443, -89.603993 20.988783, -89.604005 20.988659, -89.604019 20.988657, -89.604027 20.988655, -89.604034 20.988652, -89.60404 20.988649, -89.604046 20.988645, -89.604052 20.988641, -89.604057 20.988636, -89.604062 20.98863, -89.604066 20.988624, -89.604069 20.988618, -89.604073 20.988604, -89.604075 20.988598, -89.604075 20.988591, -89.604074 20.988584, -89.604073 20.988577, -89.604071 20.98857, -89.604068 20.988563, -89.604065 20.988557, -89.60406 20.988551, -89.604056 20.988546, -89.60405 20.988541, -89.604044 20.988537, -89.604038 20.988533, -89.604031 20.98853, -89.604024 20.988528, -89.60401 20.988525, -89.604012 20.988499, -89.604017 20.988469, -89.604122 20.987386, -89.604132 20.987275, -89.604135 20.987245, -89.604154 20.987062, -89.604231 20.986309, -89.604235 20.986261, -89.60425 20.986113, -89.604251 20.986103, -89.604311 20.985503, -89.604357 20.985047, -89.604371 20.984916)))"
4123,"MULTIPOLYGON (((-89.635951 20.943247, -89.637388 20.94337, -89.638474 20.943463, -89.638783 20.94349, -89.639558 20.943554, -89.640406 20.943624, -89.640585 20.943638, -89.640798 20.943657, -89.640771 20.943697, -89.640145 20.9446, -89.64012 20.944636, -89.63969 20.945258, -89.639494 20.945557, -89.639376 20.945737, -89.639243 20.94594, -89.639164 20.94606, -89.638391 20.947241, -89.638139 20.94762, -89.637857 20.948045, -89.636982 20.949357, -89.635823 20.948301, -89.635598 20.948169, -89.634906 20.94784, -89.634049 20.947409, -89.63384 20.947304, -89.633157 20.946953, -89.632692 20.946715, -89.632016 20.946377, -89.631703 20.946211, -89.631667 20.946192, -89.63211 20.945956, -89.633227 20.945354, -89.633438 20.945241, -89.633476 20.94522, -89.634169 20.944836, -89.634252 20.94479, -89.634857 20.944456, -89.635204 20.944265, -89.635457 20.944097, -89.635603 20.94397, -89.635864 20.943427, -89.635873 20.943409, -89.635951 20.943247)))"
4138,"MULTIPOLYGON (((-89.635951 20.943247, -89.636111 20.942832, -89.636332 20.942257, -89.636775 20.941271, -89.637543 20.940123, -89.63773 20.939895, -89.637751 20.939867, -89.638268 20.939339, -89.638274 20.939334, -89.638878 20.938772, -89.638942 20.938717, -89.639273 20.938435, -89.639935 20.937869, -89.640109 20.937868, -89.641215 20.937856, -89.64139 20.937855, -89.64226 20.937845, -89.642631 20.937839, -89.643345 20.937838, -89.643888 20.937849, -89.644608 20.937865, -89.644511 20.938026, -89.644247 20.938426, -89.643968 20.938827, -89.643959 20.938841, -89.643952 20.938852, -89.643754 20.939162, -89.643713 20.939222, -89.643449 20.939605, -89.643325 20.939784, -89.642985 20.940276, -89.642862 20.94046, -89.642642 20.940772, -89.642442 20.941062, -89.642281 20.941315, -89.642034 20.941717, -89.641721 20.942193, -89.641421 20.942683, -89.640798 20.943657, -89.640585 20.943638, -89.640406 20.943624, -89.639558 20.943554, -89.638783 20.94349, -89.638474 20.943463, -89.637388 20.94337, -89.635951 20.943247)))"
4142,"MULTIPOLYGON (((-89.572528 20.9672, -89.572554 20.967342, -89.572605 20.967617, -89.572662 20.967924, -89.57268 20.968018, -89.572724 20.96825, -89.572736 20.968313, -89.572747 20.96838, -89.572749 20.968393, -89.572791 20.968615, -89.572798 20.968662, -89.572858 20.968982, -89.572867 20.96904, -89.572884 20.969127, -89.572909 20.969267, -89.572914 20.969311, -89.572919 20.96936, -89.572924 20.969409, -89.572937 20.969529, -89.572917 20.96974, -89.572913 20.969787, -89.572907 20.969825, -89.572905 20.969857, -89.57289 20.97013, -89.572884 20.970218, -89.572923 20.970463, -89.572947 20.970608, -89.572974 20.970771, -89.573021 20.971043, -89.57303 20.971096, -89.57278 20.971215, -89.572296 20.971256, -89.572217 20.971256, -89.571545 20.971278, -89.57129 20.971286, -89.570819 20.971265, -89.570743 20.970816, -89.570685 20.970471, -89.570626 20.970121, -89.570573 20.969709, -89.570624 20.969584, -89.570733 20.969299, -89.570802 20.969085, -89.570792 20.969004, -89.570765 20.968774, -89.570724 20.968431, -89.570698 20.968229, -89.570693 20.968182, -89.57066 20.967916, -89.5706 20.967512, -89.571354 20.967378, -89.571373 20.967375, -89.572133 20.967262, -89.572465 20.967211, -89.572528 20.9672)))"
4157,"MULTIPOLYGON (((-89.570693 20.968182, -89.570698 20.968229, -89.570724 20.968431, -89.570765 20.968774, -89.570792 20.969004, -89.570802 20.969085, -89.570733 20.969299, -89.570624 20.969584, -89.570573 20.969709, -89.570626 20.970121, -89.570685 20.970471, -89.570743 20.970816, -89.570819 20.971265, -89.56992 20.971215, -89.569788 20.971238, -89.569138 20.971352, -89.568749 20.971426, -89.568229 20.971539, -89.568306 20.97133, -89.568343 20.971104, -89.568348 20.971075, -89.568376 20.970752, -89.568401 20.970453, -89.568405 20.97041, -89.568436 20.970026, -89.568457 20.969779, -89.568482 20.969616, -89.568538 20.96926, -89.568557 20.96914, -89.568602 20.968902, -89.568673 20.968524, -89.56868 20.968465, -89.56871 20.968194, -89.568762 20.967747, -89.569631 20.967646, -89.57024 20.967565, -89.5706 20.967512, -89.57066 20.967916, -89.570693 20.968182)))"
4161,"MULTIPOLYGON (((-89.664183 20.964482, -89.663851 20.964496, -89.663536 20.964492, -89.662481 20.96465, -89.662389 20.964677, -89.661815 20.964836, -89.661598 20.96491, -89.661354 20.963704, -89.661206 20.962692, -89.661084 20.961824, -89.661083 20.961816, -89.661416 20.961756, -89.66198 20.961656, -89.662015 20.96165, -89.662703 20.961526, -89.663355 20.961418, -89.663507 20.961393, -89.663687 20.961365, -89.664679 20.961211, -89.665721 20.96105, -89.666769 20.960879, -89.6668 20.960874, -89.667142 20.960825, -89.667829 20.960709, -89.669147 20.960495, -89.669281 20.960473, -89.66925 20.960589, -89.669083 20.96139, -89.668903 20.962223, -89.668683 20.963236, -89.668398 20.96459, -89.668158 20.965749, -89.668066 20.965716, -89.667872 20.965644, -89.666671 20.965232, -89.666345 20.965125, -89.665693 20.964904, -89.665649 20.96489, -89.664935 20.964674, -89.664614 20.964568, -89.664256 20.964488, -89.664183 20.964482)))"
4176,"MULTIPOLYGON (((-89.656423 20.964798, -89.656161 20.964699, -89.655333 20.964418, -89.654736 20.964475, -89.654041 20.964524, -89.653966 20.964529, -89.653581 20.964937, -89.652692 20.964367, -89.652458 20.964214, -89.652438 20.964201, -89.651825 20.963813, -89.651302 20.963455, -89.651336 20.963449, -89.651355 20.963445, -89.653074 20.963172, -89.65373 20.963069, -89.654364 20.962974, -89.654441 20.962962, -89.655073 20.962859, -89.655603 20.962773, -89.655659 20.962763, -89.655774 20.962741, -89.655824 20.962732, -89.655858 20.962726, -89.656633 20.962602, -89.656683 20.962593, -89.657414 20.962472, -89.657514 20.962455, -89.657547 20.96245, -89.657609 20.962439, -89.658403 20.962297, -89.65845 20.962289, -89.659135 20.962165, -89.659236 20.962147, -89.659262 20.962141, -89.659285 20.962138, -89.65934 20.962127, -89.659348 20.962126, -89.660134 20.961982, -89.661083 20.961816, -89.661084 20.961824, -89.661206 20.962692, -89.661354 20.963704, -89.661598 20.96491, -89.661332 20.965013, -89.660778 20.965213, -89.660014 20.965407, -89.65988 20.965444, -89.659501 20.965496, -89.659013 20.965519, -89.658557 20.96551, -89.658281 20.965508, -89.658086 20.965471, -89.657437 20.965184, -89.657399 20.965168, -89.657108 20.965041, -89.656423 20.964798)))"
4180,"MULTIPOLYGON (((-89.576053 21.003796, -89.575553 21.003529, -89.575832 21.003028, -89.57591 21.002883, -89.575965 21.002533, -89.575998 21.002532, -89.576016 21.002538, -89.576738 21.002807, -89.576862 21.002856, -89.577025 21.002916, -89.577034 21.002902, -89.577352 21.002387, -89.577369 21.00236, -89.577669 21.001872, -89.577963 21.001404, -89.577979 21.001378, -89.578262 21.000912, -89.578287 21.000871, -89.578527 21.00049, -89.580201 21.001112, -89.582451 21.001987, -89.582863 21.002161, -89.583226 21.002314, -89.583919 21.002601, -89.584297 21.002778, -89.58437 21.002831, -89.584518 21.003009, -89.584573 21.003081, -89.584633 21.003173, -89.584679 21.003278, -89.585022 21.003866, -89.585388 21.004493, -89.585473 21.004651, -89.585571 21.004827, -89.58561 21.004899, -89.585626 21.004924, -89.584892 21.005335, -89.584032 21.005813, -89.583208 21.006264, -89.582374 21.006699, -89.581276 21.00723, -89.580982 21.007376, -89.579783 21.007987, -89.579579 21.00809, -89.579347 21.008244, -89.579174 21.008382, -89.578692 21.007551, -89.578588 21.007371, -89.578306 21.006904, -89.578293 21.006882, -89.578018 21.006427, -89.579908 21.005313, -89.579236 21.00504, -89.578839 21.004885, -89.578014 21.004563, -89.57791 21.004522, -89.577466 21.004349, -89.577021 21.004175, -89.576535 21.003985, -89.576053 21.003796)))"
4195,"MULTIPOLYGON (((-89.575455 21.004713, -89.576053 21.003796, -89.576535 21.003985, -89.577021 21.004175, -89.577466 21.004349, -89.57791 21.004522, -89.578014 21.004563, -89.578839 21.004885, -89.579236 21.00504, -89.579908 21.005313, -89.578018 21.006427, -89.578293 21.006882, -89.578306 21.006904, -89.578588 21.007371, -89.578692 21.007551, -89.579174 21.008382, -89.579144 21.008416, -89.578789 21.008795, -89.57839 21.009185, -89.578009 21.009558, -89.577585 21.009975, -89.576796 21.010761, -89.576083 21.011512, -89.576069 21.011526, -89.575346 21.012257, -89.57461 21.013017, -89.574404 21.013238, -89.573963 21.013692, -89.573461 21.01326, -89.572556 21.012482, -89.571656 21.011755, -89.571481 21.011614, -89.57146 21.011598, -89.571209 21.011389, -89.571166 21.011238, -89.571175 21.0112, -89.571197 21.011148, -89.571202 21.011133, -89.571808 21.010232, -89.571905 21.010084, -89.572419 21.009313, -89.573028 21.008397, -89.57364 21.007477, -89.574257 21.006548, -89.57485 21.005641, -89.575455 21.004713)))"
4208,"MULTIPOLYGON (((-89.651104 20.959213, -89.649932 20.959404, -89.64983 20.9585, -89.649767 20.957944, -89.649734 20.957654, -89.650083 20.957385, -89.650475 20.957098, -89.650873 20.956807, -89.651662 20.956228, -89.651735 20.956174, -89.651821 20.956112, -89.65284 20.955383, -89.652956 20.955298, -89.653889 20.954614, -89.654234 20.954397, -89.654975 20.953831, -89.655237 20.955254, -89.655245 20.95529, -89.6554 20.956053, -89.655588 20.95697, -89.655638 20.957213, -89.655755 20.957749, -89.655764 20.957779, -89.655927 20.958534, -89.656127 20.959535, -89.655252 20.959684, -89.655358 20.960242, -89.655553 20.961291, -89.655586 20.961464, -89.655631 20.961707, -89.655722 20.962191, -89.655791 20.962565, -89.655818 20.9627, -89.655824 20.962732, -89.655774 20.962741, -89.655659 20.962763, -89.655603 20.962773, -89.655073 20.962859, -89.654441 20.962962, -89.654364 20.962974, -89.65373 20.963069, -89.653074 20.963172, -89.651355 20.963445, -89.651336 20.963449, -89.651302 20.963455, -89.650937 20.963503, -89.650675 20.963539, -89.650403 20.963575, -89.650344 20.963063, -89.650272 20.962436, -89.650378 20.962419, -89.650928 20.962326, -89.651616 20.962211, -89.651445 20.961211, -89.651274 20.960212, -89.651227 20.959935, -89.651104 20.959213)))"
4212,"MULTIPOLYGON (((-89.647119 20.959618, -89.648489 20.958584, -89.648546 20.958541, -89.648879 20.958293, -89.649734 20.957654, -89.649767 20.957944, -89.64983 20.9585, -89.649932 20.959404, -89.651104 20.959213, -89.651227 20.959935, -89.651274 20.960212, -89.651445 20.961211, -89.651616 20.962211, -89.650928 20.962326, -89.650378 20.962419, -89.650272 20.962436, -89.650344 20.963063, -89.650403 20.963575, -89.65039 20.963576, -89.650221 20.963601, -89.64946 20.963715, -89.648127 20.963934, -89.647321 20.964077, -89.646404 20.964224, -89.645439 20.964382, -89.644484 20.964539, -89.644474 20.96454, -89.643828 20.96465, -89.643691 20.963499, -89.643647 20.963127, -89.643607 20.963088, -89.643621 20.963052, -89.643827 20.962533, -89.643992 20.962123, -89.644184 20.961909, -89.644342 20.961683, -89.644355 20.961663, -89.644607 20.961501, -89.644694 20.96144, -89.644849 20.961333, -89.64542 20.960938, -89.645534 20.960859, -89.64565 20.960779, -89.646232 20.960376, -89.647099 20.959633, -89.647119 20.959618)))"
4227,"MULTIPOLYGON (((-89.659544 20.999542, -89.659439 20.999616, -89.65899 20.999935, -89.658923 20.999983, -89.658792 21.000075, -89.658634 21.000188, -89.657662 21.00088, -89.657325 21.001124, -89.65615 21.000993, -89.655852 21.00096, -89.654725 21.000827, -89.654578 21.00081, -89.654088 21.000752, -89.653374 21.000669, -89.653304 21.00066, -89.653172 21.000646, -89.652824 21.000608, -89.652958 21.000261, -89.652992 21.000273, -89.653018 21.000283, -89.653236 21.000357, -89.653398 21.000411, -89.653463 21.000435, -89.653472 21.000411, -89.653625 20.999993, -89.653716 20.999744, -89.653051 20.99953, -89.653219 20.999077, -89.653392 20.998613, -89.653572 20.998141, -89.653593 20.998087, -89.653782 20.997575, -89.654459 20.997816, -89.654502 20.997831, -89.655759 20.998261, -89.656447 20.998497, -89.656447 20.998497, -89.657018 20.998692, -89.658323 20.999131, -89.658354 20.999141, -89.659544 20.999542)))"
4231,"MULTIPOLYGON (((-89.659713 20.999422, -89.659544 20.999542, -89.658354 20.999141, -89.658323 20.999131, -89.657018 20.998692, -89.656447 20.998497, -89.656447 20.998497, -89.655759 20.998261, -89.654502 20.997831, -89.654459 20.997816, -89.653782 20.997575, -89.653985 20.997043, -89.654187 20.996528, -89.654392 20.996006, -89.654593 20.995495, -89.654711 20.995181, -89.655392 20.995416, -89.656679 20.995853, -89.657945 20.996278, -89.65928 20.996726, -89.660614 20.997191, -89.662041 20.997703, -89.661812 20.997877, -89.661772 20.997906, -89.661406 20.998174, -89.661383 20.998191, -89.661029 20.99845, -89.660935 20.998519, -89.660659 20.998722, -89.660507 20.998835, -89.660295 20.998991, -89.659931 20.999261, -89.659713 20.999422)))"
4250,"MULTIPOLYGON (((-89.577535 20.95059, -89.577389 20.950542, -89.577201 20.950481, -89.576752 20.9499, -89.576718 20.949857, -89.576328 20.949763, -89.574847 20.949408, -89.574503 20.949325, -89.574037 20.948733, -89.573277 20.947766, -89.572901 20.948071, -89.572492 20.948392, -89.572484 20.948384, -89.572108 20.947968, -89.571798 20.94766, -89.571747 20.947609, -89.571663 20.947524, -89.571595 20.947457, -89.571373 20.947176, -89.572026 20.946806, -89.572165 20.946703, -89.572567 20.946405, -89.572889 20.946175, -89.573029 20.946076, -89.573286 20.945779, -89.573623 20.945562, -89.573716 20.945496, -89.573807 20.94543, -89.574166 20.945153, -89.574336 20.945068, -89.574891 20.94463, -89.574974 20.944599, -89.575092 20.944554, -89.575898 20.943888, -89.576806 20.943222, -89.577122 20.94298, -89.577228 20.942891, -89.577943 20.943164, -89.578309 20.943313, -89.57863 20.943444, -89.578898 20.943558, -89.579942 20.94396, -89.581006 20.944359, -89.58157 20.944557, -89.581691 20.944599, -89.583002 20.945062, -89.58321 20.945134, -89.58407 20.945428, -89.58426 20.945503, -89.584243 20.945538, -89.584114 20.945793, -89.58399 20.946038, -89.583785 20.946443, -89.58375 20.946511, -89.583565 20.946877, -89.583364 20.947274, -89.583274 20.947453, -89.583167 20.947663, -89.582965 20.948063, -89.582794 20.9484, -89.582771 20.948445, -89.582564 20.948854, -89.582422 20.949134, -89.582365 20.949248, -89.582344 20.949289, -89.582355 20.949438, -89.582015 20.949446, -89.581681 20.949454, -89.581634 20.949455, -89.580229 20.949498, -89.579811 20.949513, -89.579821 20.949648, -89.578329 20.949697, -89.577911 20.949709, -89.577823 20.950173, -89.577761 20.950489, -89.577748 20.950564, -89.577738 20.950621, -89.577645 20.950626, -89.577535 20.95059)))"
4265,"MULTIPOLYGON (((-89.683355 20.972161, -89.684296 20.972388, -89.685237 20.972615, -89.685185 20.973032, -89.685154 20.973257, -89.685138 20.973376, -89.685124 20.973481, -89.685054 20.973925, -89.685047 20.973963, -89.685034 20.974037, -89.684662 20.974249, -89.684252 20.974479, -89.683941 20.97464, -89.683827 20.974708, -89.684596 20.975913, -89.684387 20.976028, -89.684178 20.976144, -89.683762 20.976382, -89.683341 20.976608, -89.682922 20.976844, -89.68234 20.975932, -89.682332 20.975919, -89.68239 20.975706, -89.682453 20.975474, -89.682459 20.975455, -89.682488 20.975348, -89.682507 20.975276, -89.682578 20.975013, -89.682629 20.974828, -89.682749 20.974387, -89.682871 20.973936, -89.682993 20.973497, -89.683114 20.973051, -89.683172 20.972834, -89.683225 20.972636, -89.68323 20.972618, -89.683261 20.972501, -89.683346 20.972195, -89.683355 20.972161)))"
427A,"MULTIPOLYGON (((-89.612363 21.070208, -89.612354 21.069952, -89.612337 21.069952, -89.611372 21.06995, -89.611372 21.069931, -89.611362 21.069649, -89.608898 21.069667, -89.608897 21.069595, -89.608081 21.069591, -89.60808 21.068816, -89.60808 21.068811, -89.609332 21.068797, -89.609323 21.068395, -89.6093 21.067449, -89.611315 21.067428, -89.61131 21.067256, -89.611296 21.06688, -89.611286 21.066802, -89.611117 21.066494, -89.611105 21.066231, -89.611101 21.065982, -89.611107 21.065676, -89.611129 21.064777, -89.611201 21.0626, -89.611218 21.062487, -89.611381 21.062478, -89.615266 21.062509, -89.616011 21.062513, -89.617606 21.062498, -89.617975 21.062494, -89.619962 21.062478, -89.621318 21.062474, -89.622121 21.062482, -89.622265 21.062483, -89.624163 21.06245, -89.625113 21.062443, -89.625186 21.062443, -89.62643 21.062448, -89.626695 21.062443, -89.626991 21.062418, -89.627138 21.062297, -89.628498 21.06096, -89.628975 21.060493, -89.629548 21.05997, -89.629597 21.059994, -89.62977 21.061021, -89.62994 21.062031, -89.630086 21.063019, -89.631143 21.062869, -89.631174 21.062864, -89.632408 21.062686, -89.63258 21.063688, -89.632752 21.064692, -89.632926 21.065708, -89.632961 21.065941, -89.633139 21.067, -89.63335 21.068171, -89.632388 21.068406, -89.631448 21.068653, -89.630321 21.069054, -89.629866 21.068911, -89.629351 21.068806, -89.62857 21.068871, -89.627409 21.068798, -89.627395 21.06819, -89.626296 21.068097, -89.625184 21.067982, -89.6212 21.067667, -89.620182 21.067586, -89.61913 21.067621, -89.618166 21.067642, -89.61712 21.067592, -89.615767 21.067553, -89.615772 21.068157, -89.614686 21.068063, -89.613611 21.068012, -89.612675 21.068034, -89.612647 21.068187, -89.61266 21.069043, -89.612991 21.069037, -89.613001 21.069073, -89.613482 21.069093, -89.613395 21.069951, -89.613175 21.069943, -89.612675 21.069953, -89.612676 21.070022, -89.612678 21.070397, -89.612369 21.070396, -89.612363 21.070208)))"
4284,"MULTIPOLYGON (((-89.620431 21.047823, -89.620481 21.04785, -89.621028 21.048126, -89.62166 21.048414, -89.622234 21.048648, -89.622541 21.048732, -89.622972 21.048849, -89.622944 21.048902, -89.622869 21.049047, -89.622833 21.049116, -89.622814 21.049153, -89.622543 21.049674, -89.622318 21.050044, -89.622324 21.051199, -89.622334 21.052087, -89.622347 21.052784, -89.62235 21.052818, -89.624395 21.053487, -89.624437 21.053507, -89.624624 21.053575, -89.625869 21.053989, -89.626658 21.053317, -89.626657 21.054101, -89.626653 21.054267, -89.626636 21.055144, -89.62662 21.05588, -89.626612 21.056697, -89.626582 21.057509, -89.626577 21.057674, -89.626529 21.059079, -89.626487 21.060392, -89.627214 21.060297, -89.628679 21.060092, -89.629548 21.05997, -89.628975 21.060493, -89.628498 21.06096, -89.627138 21.062297, -89.626991 21.062418, -89.626695 21.062443, -89.62643 21.062448, -89.625186 21.062443, -89.625113 21.062443, -89.624163 21.06245, -89.622265 21.062483, -89.622121 21.062482, -89.621318 21.062474, -89.619962 21.062478, -89.617975 21.062494, -89.617606 21.062498, -89.616011 21.062513, -89.615266 21.062509, -89.611381 21.062478, -89.611452 21.062419, -89.612337 21.061005, -89.612895 21.060102, -89.613392 21.059264, -89.613762 21.05868, -89.613983 21.058314, -89.614639 21.057215, -89.615116 21.056459, -89.615588 21.055689, -89.616043 21.054943, -89.616116 21.054825, -89.616254 21.054596, -89.616619 21.054, -89.617023 21.053355, -89.617742 21.052159, -89.617763 21.05212, -89.618319 21.051231, -89.618545 21.050869, -89.618932 21.050242, -89.620431 21.047823)))"
4299,"MULTIPOLYGON (((-89.551567 20.994721, -89.550892 20.994726, -89.549743 20.994742, -89.548959 20.994746, -89.548452 20.994748, -89.547735 20.994754, -89.547671 20.992445, -89.547707 20.992438, -89.547734 20.989554, -89.547738 20.989554, -89.54894 20.989673, -89.549733 20.989741, -89.550436 20.989801, -89.551533 20.989896, -89.552263 20.989958, -89.553561 20.99007, -89.553565 20.990112, -89.553586 20.991088, -89.553623 20.992418, -89.553626 20.992731, -89.553637 20.99372, -89.553647 20.994704, -89.553678 20.995687, -89.552224 20.995749, -89.551566 20.995749, -89.551567 20.994721)))"
4301,"MULTIPOLYGON (((-89.677664 20.981636, -89.67875 20.982275, -89.679448 20.982664, -89.679616 20.982764, -89.679597 20.982793, -89.679359 20.983154, -89.679126 20.983509, -89.679107 20.983538, -89.679087 20.983568, -89.678847 20.983932, -89.678839 20.983927, -89.678004 20.983446, -89.677285 20.983034, -89.677422 20.98256, -89.67754 20.982107, -89.677654 20.98167, -89.677664 20.981636)))"
4316,"MULTIPOLYGON (((-89.683208 20.978323, -89.683178 20.978276, -89.683063 20.978091, -89.682658 20.977445, -89.68249 20.977174, -89.682469 20.977142, -89.682449 20.977112, -89.682922 20.976844, -89.683341 20.976608, -89.683762 20.976382, -89.684178 20.976144, -89.684387 20.976028, -89.684596 20.975913, -89.683827 20.974708, -89.683941 20.97464, -89.684252 20.974479, -89.684662 20.974249, -89.685034 20.974037, -89.685047 20.973963, -89.685054 20.973925, -89.685897 20.974034, -89.686331 20.974081, -89.686545 20.974104, -89.686484 20.974564, -89.686963 20.974621, -89.687488 20.974684, -89.68795 20.97474, -89.687934 20.974906, -89.688247 20.975024, -89.6882 20.975408, -89.68803 20.975778, -89.687871 20.975978, -89.687659 20.976141, -89.687404 20.976306, -89.687142 20.976397, -89.687025 20.976438, -89.68656 20.976741, -89.686316 20.976885, -89.685957 20.977083, -89.68427 20.978029, -89.684489 20.978391, -89.683586 20.978874, -89.683579 20.978878, -89.683371 20.978581, -89.683208 20.978323)))"
4320,"MULTIPOLYGON (((-89.682758 20.978618, -89.683208 20.978323, -89.683371 20.978581, -89.683579 20.978878, -89.683584 20.978885, -89.683587 20.978889, -89.683685 20.979028, -89.683864 20.979282, -89.683915 20.979355, -89.68395 20.979405, -89.684025 20.979512, -89.68403 20.979519, -89.684075 20.979583, -89.683855 20.979774, -89.683628 20.979952, -89.683506 20.980062, -89.683352 20.980218, -89.683182 20.980405, -89.682963 20.980682, -89.682745 20.981006, -89.682487 20.98139, -89.682121 20.981946, -89.681877 20.982299, -89.681784 20.982443, -89.680943 20.983731, -89.68058 20.984288, -89.680577 20.984292, -89.680037 20.985121, -89.679479 20.985969, -89.679118 20.986519, -89.679091 20.986559, -89.67905 20.986622, -89.676962 20.989825, -89.676664 20.98753, -89.676648 20.987404, -89.677536 20.985994, -89.677773 20.985587, -89.678011 20.985224, -89.678058 20.985151, -89.678106 20.985076, -89.678344 20.984707, -89.678576 20.984351, -89.678595 20.984321, -89.678614 20.984292, -89.678847 20.983932, -89.679087 20.983568, -89.679107 20.983538, -89.679126 20.983509, -89.679359 20.983154, -89.679597 20.982793, -89.679616 20.982764, -89.679638 20.982731, -89.680434 20.98152, -89.680467 20.98147, -89.680487 20.981437, -89.680718 20.981081, -89.680991 20.980661, -89.681101 20.980502, -89.68112 20.980474, -89.68128 20.980284, -89.68145 20.980052, -89.681817 20.979529, -89.682046 20.979286, -89.68239 20.978939, -89.682565 20.978766, -89.682758 20.978618)))"
4335,"MULTIPOLYGON (((-89.686545 20.974104, -89.686604 20.973659, -89.686638 20.973443, -89.686672 20.973227, -89.686676 20.973204, -89.686732 20.972759, -89.686788 20.972311, -89.688257 20.972479, -89.688199 20.972929, -89.689723 20.973133, -89.689838 20.973149, -89.689923 20.972497, -89.689924 20.972497, -89.689962 20.972496, -89.690088 20.972495, -89.690144 20.972495, -89.692178 20.97248, -89.691952 20.974775, -89.689831 20.974795, -89.689815 20.974795, -89.689796 20.974789, -89.689651 20.97475, -89.689626 20.974743, -89.689468 20.974744, -89.689338 20.974746, -89.689273 20.974746, -89.689172 20.974747, -89.688783 20.974751, -89.688286 20.974755, -89.688247 20.975024, -89.687934 20.974906, -89.68795 20.97474, -89.687488 20.974684, -89.686963 20.974621, -89.686484 20.974564, -89.686545 20.974104)))"
4354,"MULTIPOLYGON (((-89.651742 20.917099, -89.651909 20.916327, -89.651153 20.916153, -89.651449 20.915216, -89.651464 20.915167, -89.652133 20.915326, -89.652206 20.915218, -89.65235 20.915001, -89.652584 20.914652, -89.653861 20.914705, -89.653849 20.91526, -89.654073 20.915271, -89.654947 20.915279, -89.654935 20.9159, -89.654898 20.918945, -89.653782 20.919037, -89.653386 20.918922, -89.65299 20.918793, -89.653133 20.918336, -89.652681 20.918259, -89.651642 20.918087, -89.651742 20.917099)))"
4462,"MULTIPOLYGON (((-89.710561 20.983298, -89.710775 20.983307, -89.710775 20.983312, -89.710761 20.983574, -89.710745 20.983949, -89.712548 20.984028, -89.712514 20.984646, -89.712473 20.985391, -89.712414 20.986479, -89.711742 20.986492, -89.711522 20.986479, -89.710609 20.986428, -89.709958 20.986349, -89.709107 20.986184, -89.708492 20.986027, -89.708171 20.985933, -89.707731 20.985804, -89.703294 20.984518, -89.70402 20.98317, -89.704472 20.982755, -89.704978 20.98229, -89.705254 20.982037, -89.705386 20.981916, -89.705864 20.981476, -89.706409 20.980976, -89.707334 20.980127, -89.710561 20.983298)))"
4477,"MULTIPOLYGON (((-89.638455 21.065789, -89.637476 21.065422, -89.636472 21.065486, -89.636346 21.065508, -89.634033 21.065774, -89.633261 21.065904, -89.632961 21.065941, -89.632926 21.065708, -89.632752 21.064692, -89.63258 21.063688, -89.632408 21.062686, -89.632239 21.061695, -89.632084 21.06071, -89.632079 21.060677, -89.631923 21.059697, -89.631914 21.059637, -89.631749 21.058668, -89.631599 21.05775, -89.631396 21.056588, -89.631223 21.055572, -89.63105 21.054555, -89.631003 21.054275, -89.630875 21.053523, -89.630712 21.052562, -89.630591 21.051785, -89.630552 21.051537, -89.630448 21.050856, -89.630439 21.050796, -89.630392 21.050489, -89.630338 21.050141, -89.630249 21.049562, -89.630231 21.049441, -89.630184 21.049137, -89.630173 21.049069, -89.630114 21.048681, -89.630076 21.048433, -89.63007 21.048394, -89.630121 21.048388, -89.630226 21.048376, -89.63024 21.048375, -89.630533 21.048343, -89.63081 21.048312, -89.631805 21.048194, -89.632488 21.048113, -89.633088 21.048045, -89.633413 21.048011, -89.63439 21.047887, -89.634946 21.047829, -89.635376 21.047781, -89.636117 21.047702, -89.637201 21.047586, -89.637292 21.047576, -89.639157 21.047377, -89.639415 21.047349, -89.639743 21.047307, -89.645723 21.046604, -89.647697 21.04638, -89.647047 21.047807, -89.647037 21.04783, -89.646564 21.048799, -89.646048 21.049853, -89.645742 21.050488, -89.64509 21.051856, -89.646481 21.051764, -89.64654 21.051225, -89.646648 21.051233, -89.647549 21.051296, -89.648636 21.051392, -89.650797 21.051531, -89.650659 21.052535, -89.651018 21.052565, -89.651252 21.053479, -89.651496 21.054453, -89.65175 21.055398, -89.652056 21.056509, -89.651959 21.056529, -89.650961 21.056712, -89.649998 21.056883, -89.649875 21.056905, -89.647798 21.057282, -89.64728 21.057366, -89.646654 21.057469, -89.645383 21.057647, -89.644558 21.057769, -89.644281 21.05781, -89.644062 21.057844, -89.64355 21.057924, -89.643225 21.057975, -89.642285 21.058108, -89.642028 21.058146, -89.639602 21.06336, -89.639262 21.06408, -89.638519 21.065657, -89.638455 21.065789)))"
4481,"MULTIPOLYGON (((-89.643033 21.021496, -89.643026 21.021496, -89.64302 21.021497, -89.643014 21.021498, -89.643007 21.021499, -89.643001 21.0215, -89.642995 21.021502, -89.642989 21.021504, -89.642983 21.021507, -89.642977 21.021509, -89.642971 21.021512, -89.642966 21.021516, -89.642961 21.021519, -89.642956 21.021523, -89.642951 21.021527, -89.642946 21.021531, -89.642942 21.021536, -89.642938 21.02154, -89.642934 21.021545, -89.64293 21.02155, -89.642927 21.021556, -89.642924 21.021561, -89.642921 21.021567, -89.642919 21.021572, -89.642917 21.021578, -89.642915 21.021584, -89.642914 21.02159, -89.642912 21.021599, -89.642859 21.021588, -89.642939 21.020791, -89.642967 21.020541, -89.643059 21.019731, -89.642483 21.019631, -89.642157 21.019569, -89.64115 21.019355, -89.640508 21.019217, -89.640095 21.019134, -89.639905 21.019095, -89.639869 21.019087, -89.63936 21.018968, -89.638889 21.018864, -89.638011 21.018666, -89.637657 21.018593, -89.637596 21.019514, -89.637534 21.020435, -89.637438 21.020413, -89.636993 21.020305, -89.636684 21.020301, -89.636032 21.020299, -89.635763 21.020298, -89.635783 21.019967, -89.635801 21.019434, -89.635773 21.01896, -89.63575 21.017675, -89.635717 21.017672, -89.635743 21.01738, -89.635764 21.017142, -89.635793 21.016809, -89.635822 21.016484, -89.635843 21.016238, -89.635854 21.015948, -89.635905 21.015953, -89.636165 21.015983, -89.637849 21.016085, -89.637888 21.016088, -89.638336 21.016122, -89.639182 21.01619, -89.639895 21.016249, -89.641028 21.016358, -89.641693 21.016423, -89.641723 21.016426, -89.642541 21.016534, -89.643472 21.016654, -89.643424 21.016994, -89.644322 21.017183, -89.645113 21.017349, -89.645215 21.017355, -89.646027 21.017518, -89.646102 21.017533, -89.645997 21.018419, -89.645877 21.019301, -89.645757 21.020227, -89.645649 21.021092, -89.645531 21.022064, -89.64546 21.02205, -89.645389 21.022036, -89.644616 21.021882, -89.643737 21.021707, -89.643372 21.021631, -89.643155 21.021586, -89.643154 21.02158, -89.643152 21.021574, -89.64315 21.021569, -89.643147 21.021563, -89.643144 21.021558, -89.643141 21.021552, -89.643138 21.021547, -89.643134 21.021542, -89.64313 21.021537, -89.643126 21.021533, -89.643121 21.021529, -89.643116 21.021524, -89.643111 21.021521, -89.643106 21.021517, -89.643101 21.021514, -89.643095 21.021511, -89.643089 21.021508, -89.643083 21.021505, -89.643077 21.021503, -89.643071 21.021501, -89.643065 21.021499, -89.643059 21.021498, -89.643052 21.021497, -89.643046 21.021496, -89.643039 21.021496, -89.643033 21.021496)))"
4496,"MULTIPOLYGON (((-89.641204 21.024538, -89.641138 21.025051, -89.639566 21.024848, -89.63886 21.024742, -89.638862 21.024699, -89.638919 21.023695, -89.63888 21.023699, -89.63882 21.023708, -89.638385 21.023667, -89.637669 21.023605, -89.637659 21.023565, -89.637574 21.02328, -89.637563 21.023233, -89.637445 21.022841, -89.637417 21.022756, -89.637245 21.022225, -89.637107 21.021718, -89.636957 21.02123, -89.636924 21.021125, -89.636868 21.020916, -89.636801 21.020712, -89.636684 21.020301, -89.636993 21.020305, -89.637438 21.020413, -89.637534 21.020435, -89.637596 21.019514, -89.637657 21.018593, -89.638011 21.018666, -89.638889 21.018864, -89.63936 21.018968, -89.639869 21.019087, -89.639905 21.019095, -89.640095 21.019134, -89.640508 21.019217, -89.64115 21.019355, -89.642157 21.019569, -89.642483 21.019631, -89.643059 21.019731, -89.642967 21.020541, -89.642939 21.020791, -89.642859 21.021588, -89.642912 21.021599, -89.642914 21.02159, -89.642915 21.021584, -89.642917 21.021578, -89.642919 21.021572, -89.642921 21.021567, -89.642924 21.021561, -89.642927 21.021556, -89.64293 21.02155, -89.642934 21.021545, -89.642938 21.02154, -89.642942 21.021536, -89.642946 21.021531, -89.642951 21.021527, -89.642956 21.021523, -89.642961 21.021519, -89.642966 21.021516, -89.642971 21.021512, -89.642977 21.021509, -89.642983 21.021507, -89.642989 21.021504, -89.642995 21.021502, -89.643001 21.0215, -89.643007 21.021499, -89.643014 21.021498, -89.64302 21.021497, -89.643026 21.021496, -89.643033 21.021496, -89.643039 21.021496, -89.643046 21.021496, -89.643052 21.021497, -89.643059 21.021498, -89.643065 21.021499, -89.643071 21.021501, -89.643077 21.021503, -89.643083 21.021505, -89.643089 21.021508, -89.643095 21.021511, -89.643101 21.021514, -89.643106 21.021517, -89.643111 21.021521, -89.643116 21.021524, -89.643121 21.021529, -89.643126 21.021533, -89.64313 21.021537, -89.643134 21.021542, -89.643138 21.021547, -89.643141 21.021552, -89.643144 21.021558, -89.643147 21.021563, -89.64315 21.021569, -89.643152 21.021574, -89.643154 21.02158, -89.643155 21.021586, -89.643372 21.021631, -89.643737 21.021707, -89.644616 21.021882, -89.645389 21.022036, -89.64546 21.02205, -89.645387 21.022621, -89.645333 21.023078, -89.645263 21.023677, -89.645251 21.023721, -89.645236 21.023776, -89.645089 21.024118, -89.644894 21.024574, -89.644718 21.024987, -89.644538 21.025407, -89.642673 21.024726, -89.64127 21.02457, -89.641204 21.024538)))"
4509,"MULTIPOLYGON (((-89.649471 21.023185, -89.649214 21.023092, -89.649164 21.023073, -89.649109 21.023054, -89.648606 21.022869, -89.647635 21.022513, -89.647557 21.022485, -89.647634 21.021922, -89.647643 21.02184, -89.647683 21.021503, -89.647692 21.021417, -89.647739 21.020964, -89.647778 21.020656, -89.647796 21.020511, -89.647853 21.020057, -89.647897 21.019709, -89.64791 21.019605, -89.647967 21.019153, -89.648011 21.018855, -89.648094 21.018432, -89.648157 21.017977, -89.648197 21.017725, -89.648293 21.01712, -89.648425 21.016678, -89.648643 21.015799, -89.648655 21.015745, -89.648862 21.014762, -89.648961 21.014865, -89.649537 21.01552, -89.649647 21.015631, -89.649837 21.015861, -89.650242 21.016326, -89.650328 21.016425, -89.650695 21.016846, -89.650904 21.017076, -89.651189 21.017388, -89.651272 21.017476, -89.651306 21.017512, -89.65121 21.017978, -89.651096 21.018535, -89.650951 21.01924, -89.650911 21.019433, -89.650895 21.01951, -89.650885 21.019564, -89.650699 21.020487, -89.650676 21.020603, -89.650493 21.021526, -89.650452 21.021648, -89.650387 21.021806, -89.65037 21.02185, -89.650347 21.021904, -89.649866 21.023059, -89.649845 21.02311, -89.649807 21.023202, -89.649767 21.023192, -89.649755 21.023191, -89.649743 21.023192, -89.649732 21.023194, -89.649721 21.023197, -89.64971 21.023201, -89.6497 21.023206, -89.64969 21.023212, -89.649681 21.023219, -89.649673 21.023227, -89.649666 21.023236, -89.64966 21.023245, -89.649655 21.023253, -89.649471 21.023185)))"
4513,"MULTIPOLYGON (((-89.653444 21.023995, -89.653301 21.024327, -89.653205 21.024548, -89.65308 21.024502, -89.65181 21.024036, -89.651739 21.024009, -89.651707 21.023997, -89.651585 21.023952, -89.650307 21.023481, -89.650043 21.023384, -89.649865 21.023319, -89.649867 21.023305, -89.649868 21.023294, -89.649867 21.023283, -89.649865 21.023272, -89.649862 21.023262, -89.649857 21.023251, -89.649852 21.023242, -89.649846 21.023233, -89.64983 21.023217, -89.649807 21.023202, -89.649845 21.02311, -89.649866 21.023059, -89.650347 21.021904, -89.65037 21.02185, -89.650387 21.021806, -89.650452 21.021648, -89.650493 21.021526, -89.650676 21.020603, -89.650699 21.020487, -89.650885 21.019564, -89.650895 21.01951, -89.650911 21.019433, -89.650951 21.01924, -89.651096 21.018535, -89.65121 21.017978, -89.651306 21.017512, -89.65181 21.018062, -89.651992 21.018261, -89.652207 21.018506, -89.652722 21.019112, -89.653154 21.019439, -89.653468 21.019671, -89.653548 21.019723, -89.653888 21.019953, -89.654857 21.020608, -89.655654 21.021149, -89.655674 21.021164, -89.656083 21.021442, -89.655856 21.021991, -89.655696 21.022376, -89.655675 21.022428, -89.656121 21.022594, -89.656595 21.022771, -89.657057 21.022944, -89.656778 21.023671, -89.656598 21.024119, -89.656415 21.024563, -89.656239 21.025001, -89.654846 21.02449, -89.653444 21.023995)))"
4528,"MULTIPOLYGON (((-89.683368 20.972114, -89.683472 20.971719, -89.683484 20.971721, -89.685296 20.97216, -89.685301 20.97213, -89.686788 20.972311, -89.686732 20.972759, -89.686676 20.973204, -89.686672 20.973227, -89.686638 20.973443, -89.686604 20.973659, -89.686545 20.974104, -89.686331 20.974081, -89.685897 20.974034, -89.685054 20.973925, -89.685124 20.973481, -89.685138 20.973376, -89.685154 20.973257, -89.685185 20.973032, -89.685237 20.972615, -89.684296 20.972388, -89.683355 20.972161, -89.683368 20.972114)))"
4532,"MULTIPOLYGON (((-89.682089 20.97676, -89.682107 20.976765, -89.682119 20.976766, -89.682125 20.976767, -89.682144 20.976766, -89.682156 20.976764, -89.682162 20.976762, -89.682174 20.976758, -89.682191 20.976751, -89.682201 20.976744, -89.682211 20.976737, -89.68222 20.976728, -89.682224 20.976724, -89.682231 20.976714, -89.682237 20.976704, -89.682242 20.976693, -89.682247 20.976676, -89.682248 20.97667, -89.682249 20.976653, -89.682248 20.976641, -89.682247 20.976635, -89.682244 20.976624, -89.68224 20.976613, -89.682232 20.976597, -89.682229 20.976592, -89.682217 20.976578, -89.682213 20.976574, -89.682198 20.976563, -89.682193 20.97656, -89.682182 20.976554, -89.682171 20.97655, -89.682159 20.976546, -89.682146 20.976544, -89.682188 20.97641, -89.682268 20.976153, -89.682332 20.975919, -89.68234 20.975932, -89.682922 20.976844, -89.682449 20.977112, -89.682469 20.977142, -89.68249 20.977174, -89.682658 20.977445, -89.683063 20.978091, -89.683178 20.978276, -89.683208 20.978323, -89.682758 20.978618, -89.682565 20.978766, -89.68239 20.978939, -89.682046 20.979286, -89.681817 20.979529, -89.68145 20.980052, -89.68128 20.980284, -89.681231 20.980001, -89.681284 20.979801, -89.681406 20.979368, -89.681462 20.979144, -89.681462 20.97914, -89.681518 20.97892, -89.681604 20.978597, -89.681634 20.978485, -89.681741 20.978079, -89.681746 20.978061, -89.681752 20.978039, -89.681764 20.97799, -89.681774 20.977949, -89.681872 20.977598, -89.681945 20.977335, -89.681987 20.977169, -89.681992 20.977153, -89.681996 20.97714, -89.682005 20.977103, -89.682054 20.976903, -89.682089 20.97676)))"
4547,"MULTIPOLYGON (((-89.677285 20.983034, -89.678004 20.983446, -89.678839 20.983927, -89.678847 20.983932, -89.678614 20.984292, -89.678595 20.984321, -89.678576 20.984351, -89.678344 20.984707, -89.678106 20.985076, -89.678058 20.985151, -89.678011 20.985224, -89.677773 20.985587, -89.677536 20.985994, -89.676629 20.985471, -89.67675 20.985002, -89.676886 20.984474, -89.677038 20.983953, -89.67716 20.983491, -89.677285 20.983034)))"
4566,"MULTIPOLYGON (((-89.629524 21.045024, -89.629443 21.044512, -89.629364 21.044017, -89.629272 21.043493, -89.629119 21.042646, -89.628944 21.041497, -89.628776 21.040941, -89.628709 21.040808, -89.628626 21.040642, -89.628622 21.040632, -89.628603 21.040596, -89.62854 21.040251, -89.628482 21.039859, -89.628448 21.039652, -89.628418 21.039472, -89.628358 21.039104, -89.628293 21.038708, -89.628237 21.038373, -89.628203 21.038157, -89.628188 21.038075, -89.628175 21.037995, -89.62815 21.037847, -89.628137 21.037764, -89.628127 21.037699, -89.628114 21.037617, -89.628053 21.037224, -89.627985 21.036817, -89.627972 21.03671, -89.627785 21.035612, -89.627716 21.035214, -89.627708 21.035163, -89.627642 21.034814, -89.62758 21.034413, -89.627506 21.033983, -89.627444 21.033626, -89.627385 21.03324, -89.627316 21.03283, -89.627269 21.032595, -89.627291 21.032563, -89.627305 21.032582, -89.627311 21.032587, -89.627318 21.032594, -89.627326 21.032601, -89.627334 21.032607, -89.627342 21.032612, -89.627351 21.032618, -89.62736 21.032622, -89.627369 21.032627, -89.627378 21.032631, -89.627388 21.032634, -89.627397 21.032637, -89.627407 21.03264, -89.627417 21.032642, -89.627427 21.032643, -89.627438 21.032644, -89.627448 21.032645, -89.627458 21.032645, -89.627468 21.032644, -89.627479 21.032643, -89.627489 21.032642, -89.627499 21.03264, -89.627509 21.032637, -89.627515 21.032635, -89.627518 21.032634, -89.627528 21.032631, -89.627537 21.032627, -89.627546 21.032623, -89.627555 21.032618, -89.627564 21.032612, -89.627572 21.032607, -89.62758 21.032601, -89.627588 21.032594, -89.627595 21.032588, -89.627602 21.03258, -89.627608 21.032573, -89.627614 21.032565, -89.62762 21.032557, -89.627625 21.032549, -89.62763 21.03254, -89.627634 21.032531, -89.627638 21.032522, -89.627641 21.032513, -89.627643 21.032504, -89.627646 21.032494, -89.627647 21.032488, -89.627649 21.032477, -89.627651 21.032463, -89.627653 21.032449, -89.627654 21.032435, -89.627654 21.032421, -89.627653 21.032407, -89.627725 21.032412, -89.629396 21.032534, -89.629471 21.032539, -89.629545 21.032544, -89.630088 21.032579, -89.631455 21.032675, -89.631492 21.032677, -89.631533 21.032681, -89.632562 21.032753, -89.633591 21.032825, -89.635258 21.032932, -89.635506 21.032943, -89.635493 21.033401, -89.635485 21.033785, -89.636953 21.033897, -89.636887 21.034569, -89.63804 21.034631, -89.637944 21.035777, -89.637852 21.036728, -89.637837 21.037356, -89.637903 21.037359, -89.637908 21.037438, -89.638002 21.038955, -89.638533 21.038947, -89.639074 21.038934, -89.639617 21.038933, -89.640149 21.038914, -89.640691 21.038909, -89.641234 21.038898, -89.641777 21.038886, -89.642024 21.038885, -89.642087 21.038854, -89.642603 21.037605, -89.642719 21.037638, -89.643075 21.037766, -89.642397 21.039432, -89.642377 21.039477, -89.641888 21.040661, -89.641552 21.04147, -89.641363 21.041927, -89.641334 21.041998, -89.6411 21.042561, -89.640998 21.042809, -89.640834 21.043204, -89.640648 21.043652, -89.640035 21.045123, -89.640016 21.045115, -89.639837 21.045571, -89.639733 21.04583, -89.639634 21.046079, -89.639157 21.047377, -89.637292 21.047576, -89.637201 21.047586, -89.636117 21.047702, -89.635376 21.047781, -89.634946 21.047829, -89.63439 21.047887, -89.633413 21.048011, -89.633088 21.048045, -89.632488 21.048113, -89.631805 21.048194, -89.63081 21.048312, -89.630533 21.048343, -89.63024 21.048375, -89.630226 21.048376, -89.630121 21.048388, -89.63007 21.048394, -89.630057 21.048331, -89.629997 21.048046, -89.629922 21.047689, -89.629886 21.047519, -89.629806 21.046789, -89.62979 21.046689, -89.629779 21.046622, -89.629684 21.046026, -89.629524 21.045024)))"
4570,"MULTIPOLYGON (((-89.637908 21.037438, -89.637903 21.037359, -89.637837 21.037356, -89.637852 21.036728, -89.637944 21.035777, -89.63804 21.034631, -89.636887 21.034569, -89.636953 21.033897, -89.637038 21.032968, -89.63704 21.032941, -89.637059 21.032718, -89.63711 21.032147, -89.637164 21.031548, -89.637213 21.030983, -89.63727 21.030398, -89.63738 21.030403, -89.637389 21.030404, -89.638583 21.030385, -89.638835 21.030386, -89.639777 21.03039, -89.640206 21.030341, -89.64046 21.030312, -89.640515 21.030303, -89.640678 21.030275, -89.641965 21.030259, -89.641963 21.030273, -89.64181 21.031245, -89.641763 21.031557, -89.641699 21.032018, -89.641638 21.032479, -89.641573 21.032966, -89.64151 21.033448, -89.641452 21.033886, -89.642624 21.03432, -89.644191 21.03489, -89.644249 21.034913, -89.644061 21.035368, -89.643861 21.035825, -89.643688 21.036247, -89.643461 21.036817, -89.643188 21.037487, -89.643075 21.037766, -89.642719 21.037638, -89.642603 21.037605, -89.642087 21.038854, -89.642024 21.038885, -89.641777 21.038886, -89.641234 21.038898, -89.640691 21.038909, -89.640149 21.038914, -89.639617 21.038933, -89.639074 21.038934, -89.638533 21.038947, -89.638002 21.038955, -89.637908 21.037438)))"
4585,"MULTIPOLYGON (((-89.570645 21.038244, -89.570482 21.036252, -89.570622 21.036205, -89.571273 21.036003, -89.572811 21.03552, -89.573072 21.035564, -89.573281 21.035599, -89.573324 21.035607, -89.574212 21.03577, -89.574482 21.035819, -89.575256 21.035962, -89.576248 21.036156, -89.576503 21.036204, -89.577006 21.0363, -89.577535 21.036394, -89.577566 21.0364, -89.577785 21.036439, -89.577651 21.036965, -89.578508 21.037212, -89.578144 21.038246, -89.577368 21.038071, -89.577254 21.038582, -89.577348 21.038602, -89.577179 21.039368, -89.578807 21.039702, -89.578721 21.040082, -89.577006 21.039719, -89.577151 21.039013, -89.575769 21.038722, -89.574712 21.038514, -89.573655 21.038305, -89.572302 21.038029, -89.572101 21.038716, -89.570645 21.038244)))"
4602,"MULTIPOLYGON (((-89.590535 21.035162, -89.590582 21.035062, -89.590637 21.034941, -89.59067 21.034871, -89.590695 21.034816, -89.59074 21.034725, -89.591148 21.033842, -89.591411 21.033287, -89.591838 21.032355, -89.592249 21.031448, -89.59226 21.031424, -89.592693 21.030512, -89.593123 21.029586, -89.59354 21.028685, -89.593514 21.028681, -89.593975 21.027747, -89.594378 21.026788, -89.594808 21.025838, -89.595269 21.024881, -89.595557 21.024919, -89.596393 21.025062, -89.596679 21.025113, -89.597081 21.025165, -89.597737 21.025254, -89.598569 21.025333, -89.598712 21.02534, -89.598817 21.02534, -89.599326 21.025393, -89.599666 21.025443, -89.599794 21.02546, -89.600366 21.0255, -89.600707 21.02552, -89.600671 21.026028, -89.600643 21.026521, -89.600603 21.026504, -89.599589 21.026438, -89.598628 21.026359, -89.597648 21.026275, -89.597566 21.027281, -89.597475 21.028294, -89.59738 21.029289, -89.597292 21.030047, -89.597205 21.031049, -89.597108 21.032019, -89.597005 21.033078, -89.596984 21.033152, -89.596911 21.034105, -89.596833 21.03511, -89.596831 21.03562, -89.596755 21.035771, -89.596743 21.036195, -89.596947 21.036294, -89.597303 21.036401, -89.597275 21.036424, -89.597132 21.036986, -89.597098 21.03713, -89.597 21.037486, -89.596943 21.037465, -89.596291 21.037231, -89.594829 21.036705, -89.594773 21.036685, -89.59441 21.036555, -89.593335 21.036168, -89.593311 21.03616, -89.592551 21.035887, -89.591605 21.035547, -89.590535 21.035162)))"
4617,"MULTIPOLYGON (((-89.59885 21.009325, -89.598996 21.008827, -89.598244 21.008556, -89.597766 21.008383, -89.597153 21.008163, -89.597458 21.007136, -89.597759 21.006023, -89.598083 21.004929, -89.598188 21.004574, -89.598817 21.004674, -89.599386 21.004766, -89.600203 21.004908, -89.601193 21.005085, -89.601804 21.005187, -89.601763 21.005424, -89.601741 21.005555, -89.601517 21.006243, -89.602009 21.006438, -89.602456 21.006624, -89.602468 21.00666, -89.602959 21.005785, -89.602995 21.005721, -89.603931 21.006057, -89.603899 21.006113, -89.603414 21.006959, -89.603393 21.006996, -89.603345 21.007076, -89.602863 21.007911, -89.602831 21.007967, -89.602795 21.008018, -89.602789 21.00803, -89.602508 21.008631, -89.602407 21.008848, -89.602404 21.008855, -89.602352 21.008963, -89.602348 21.008973, -89.602327 21.00902, -89.602303 21.009071, -89.602295 21.009088, -89.60215 21.009393, -89.602126 21.009445, -89.602078 21.00955, -89.602064 21.009551, -89.60205 21.009553, -89.602037 21.009557, -89.602024 21.009562, -89.602012 21.009568, -89.602 21.009576, -89.601989 21.009584, -89.601979 21.009593, -89.601971 21.009604, -89.601963 21.009615, -89.601957 21.009627, -89.601952 21.009639, -89.601949 21.009652, -89.601947 21.009665, -89.601947 21.009678, -89.601947 21.009691, -89.60195 21.009704, -89.601954 21.009717, -89.601959 21.009729, -89.601966 21.009741, -89.601973 21.009755, -89.601948 21.009788, -89.601232 21.009557, -89.601138 21.009595, -89.600746 21.009754, -89.600264 21.009941, -89.599766 21.010136, -89.59923 21.01034, -89.598839 21.010479, -89.59885 21.009325)))"
4621,"MULTIPOLYGON (((-89.596336 21.004247, -89.597087 21.004386, -89.597618 21.00448, -89.598188 21.004574, -89.598083 21.004929, -89.597759 21.006023, -89.597458 21.007136, -89.597153 21.008163, -89.597766 21.008383, -89.598244 21.008556, -89.598996 21.008827, -89.59885 21.009325, -89.598839 21.010479, -89.598402 21.010634, -89.595905 21.011518, -89.595661 21.011609, -89.593406 21.012405, -89.593321 21.013169, -89.59332 21.01318, -89.593223 21.013213, -89.59317 21.013232, -89.593142 21.013242, -89.593142 21.013237, -89.593142 21.013233, -89.593142 21.013226, -89.593141 21.013219, -89.59314 21.013212, -89.593139 21.013205, -89.593137 21.013198, -89.593135 21.013191, -89.593132 21.013185, -89.593129 21.013178, -89.593125 21.01317, -89.593121 21.013163, -89.593115 21.013155, -89.593109 21.013147, -89.593101 21.013139, -89.593092 21.013132, -89.593082 21.013125, -89.593071 21.013119, -89.593065 21.013116, -89.59306 21.013114, -89.593054 21.013112, -89.593048 21.01311, -89.593041 21.013108, -89.592942 21.013015, -89.592314 21.012862, -89.592004 21.012793, -89.592249 21.011957, -89.591303 21.011828, -89.590475 21.011695, -89.590604 21.011273, -89.591429 21.010609, -89.592004 21.010177, -89.592176 21.010021, -89.592764 21.009617, -89.592819 21.009576, -89.592915 21.009425, -89.593169 21.008936, -89.593328 21.008629, -89.59367 21.007971, -89.593773 21.007791, -89.593886 21.007626, -89.594265 21.007109, -89.594344 21.006993, -89.5945 21.006765, -89.594837 21.006271, -89.59487 21.006237, -89.5949 21.006206, -89.594937 21.006168, -89.59539 21.005532, -89.596114 21.004553, -89.596336 21.004247)))"
4636,"MULTIPOLYGON (((-89.572023 20.994082, -89.57148 20.994094, -89.57148 20.994083, -89.571479 20.993551, -89.571474 20.992664, -89.571473 20.992596, -89.571468 20.992432, -89.571467 20.992417, -89.57147 20.991995, -89.571484 20.991995, -89.57236 20.992008, -89.573338 20.992032, -89.573796 20.992483, -89.574077 20.992223, -89.574147 20.992162, -89.574485 20.991859, -89.574827 20.991551, -89.575181 20.991246, -89.575532 20.990942, -89.576227 20.99157, -89.576791 20.992126, -89.577507 20.992772, -89.577306 20.993202, -89.57712 20.993599, -89.577054 20.993651, -89.57701 20.993685, -89.577682 20.994334, -89.577776 20.994426, -89.577759 20.994471, -89.577984 20.994695, -89.577913 20.994943, -89.577554 20.995952, -89.577198 20.99605, -89.576732 20.996281, -89.575774 20.996733, -89.575041 20.997079, -89.57501 20.997095, -89.574628 20.996715, -89.57429 20.996365, -89.573957 20.996026, -89.573823 20.99589, -89.573627 20.995698, -89.573158 20.99524, -89.57318 20.995221, -89.572404 20.99443, -89.572074 20.994108, -89.572023 20.994082)))"
4640,"MULTIPOLYGON (((-89.571463 20.991065, -89.571467 20.99152, -89.57147 20.991995, -89.571467 20.992417, -89.571468 20.992432, -89.571473 20.992596, -89.571474 20.992664, -89.571479 20.993551, -89.57148 20.994083, -89.57148 20.994094, -89.572023 20.994082, -89.572074 20.994108, -89.572404 20.99443, -89.57318 20.995221, -89.573158 20.99524, -89.573627 20.995698, -89.573823 20.99589, -89.573957 20.996026, -89.57429 20.996365, -89.574628 20.996715, -89.57501 20.997095, -89.574561 20.997303, -89.574154 20.997472, -89.573923 20.997582, -89.573156 20.99795, -89.572751 20.998127, -89.572091 20.998407, -89.571829 20.998534, -89.571839 20.99855, -89.571847 20.998567, -89.571854 20.998584, -89.571858 20.998603, -89.57186 20.998621, -89.571861 20.99864, -89.571859 20.998658, -89.571855 20.998676, -89.571846 20.998703, -89.571832 20.998727, -89.571821 20.998743, -89.571808 20.998757, -89.571793 20.998769, -89.571777 20.99878, -89.57176 20.99879, -89.571742 20.998798, -89.571724 20.998804, -89.571704 20.998808, -89.571685 20.99881, -89.571665 20.99881, -89.571645 20.998809, -89.571626 20.998805, -89.571607 20.9988, -89.571589 20.998792, -89.571572 20.998783, -89.571555 20.998773, -89.57154 20.998761, -89.571527 20.998747, -89.571515 20.998732, -89.571505 20.998716, -89.571497 20.998699, -89.57149 20.998682, -89.571486 20.998664, -89.571451 20.998665, -89.570126 20.998706, -89.569084 20.998726, -89.569063 20.998727, -89.568352 20.998725, -89.56802 20.998727, -89.568032 20.99776, -89.568031 20.997734, -89.568054 20.996752, -89.567987 20.995758, -89.567978 20.994818, -89.567985 20.994745, -89.567989 20.994703, -89.567988 20.994384, -89.567964 20.993641, -89.568531 20.993625, -89.569076 20.99362, -89.569076 20.993602, -89.569047 20.992648, -89.569039 20.991205, -89.569537 20.991207, -89.57013 20.991188, -89.570699 20.991174, -89.570804 20.991144, -89.570877 20.991124, -89.570921 20.991121, -89.57127 20.991099, -89.571406 20.991091, -89.571463 20.991065)))"
466A,"MULTIPOLYGON (((-89.562078 21.00919, -89.561933 21.008584, -89.561884 21.00838, -89.561832 21.008166, -89.561518 21.00685, -89.561234 21.005634, -89.561023 21.004751, -89.561014 21.004717, -89.561012 21.004703, -89.561012 21.0047, -89.560926 21.004184, -89.560911 21.003959, -89.560873 21.003372, -89.560874 21.003193, -89.560943 21.003191, -89.561358 21.003176, -89.561923 21.003166, -89.562981 21.003156, -89.564048 21.003146, -89.564107 21.003145, -89.564864 21.003138, -89.565142 21.003135, -89.566236 21.003114, -89.567317 21.003095, -89.568437 21.003084, -89.56903 21.003101, -89.569624 21.002581, -89.570071 21.002832, -89.569465 21.003733, -89.568844 21.004659, -89.568207 21.005601, -89.568167 21.005576, -89.568052 21.005511, -89.567771 21.006114, -89.567581 21.006507, -89.568551 21.007069, -89.569484 21.00761, -89.569509 21.007624, -89.570489 21.008192, -89.570535 21.008218, -89.571477 21.008766, -89.572419 21.009313, -89.571905 21.010084, -89.571808 21.010232, -89.571202 21.011133, -89.571199 21.011131, -89.570256 21.010611, -89.570208 21.010584, -89.569246 21.010049, -89.569179 21.010011, -89.568281 21.00949, -89.567436 21.008999, -89.567318 21.008931, -89.566624 21.008527, -89.566317 21.009199, -89.565459 21.009197, -89.564969 21.009196, -89.564484 21.009195, -89.56389 21.009194, -89.563392 21.009197, -89.562934 21.009194, -89.562595 21.009194, -89.562409 21.009194, -89.562364 21.009194, -89.562268 21.009193, -89.562155 21.009191, -89.562084 21.00919, -89.562078 21.00919)))"
4674,"MULTIPOLYGON (((-89.547547 20.996843, -89.547041 20.995832, -89.548479 20.995798, -89.549746 20.995769, -89.549743 20.994742, -89.550892 20.994726, -89.551567 20.994721, -89.551566 20.995749, -89.551576 20.997195, -89.551295 20.997198, -89.551244 20.997195, -89.551185 20.997167, -89.551143 20.997141, -89.551123 20.997109, -89.551082 20.996955, -89.55104 20.996897, -89.550988 20.996867, -89.550896 20.996841, -89.550915 20.998202, -89.549831 20.998219, -89.548728 20.998236, -89.548305 20.998265, -89.547547 20.996843)))"
4689,"MULTIPOLYGON (((-89.671402 20.960094, -89.671587 20.959186, -89.671462 20.959212, -89.670507 20.959381, -89.670646 20.958624, -89.669638 20.958751, -89.669814 20.957911, -89.669923 20.957394, -89.670097 20.956542, -89.670183 20.956152, -89.670024 20.95609, -89.670464 20.955061, -89.670208 20.954965, -89.670225 20.954915, -89.671362 20.954907, -89.672498 20.954893, -89.672527 20.954898, -89.673064 20.955, -89.673071 20.954981, -89.673333 20.954385, -89.673348 20.954354, -89.673688 20.953549, -89.67371 20.953505, -89.673881 20.953102, -89.673898 20.953065, -89.674051 20.952699, -89.674148 20.952668, -89.67425 20.952643, -89.674436 20.952212, -89.674378 20.95216, -89.674329 20.952099, -89.674531 20.951611, -89.674789 20.951022, -89.675005 20.950551, -89.675024 20.95051, -89.675122 20.950289, -89.675132 20.950254, -89.675237 20.949976, -89.675334 20.949713, -89.675637 20.949, -89.675659 20.948957, -89.676258 20.948012, -89.676857 20.947067, -89.676978 20.947054, -89.676965 20.947495, -89.676963 20.947515, -89.676924 20.94782, -89.676731 20.948904, -89.678611 20.949602, -89.678607 20.949617, -89.678377 20.950449, -89.679196 20.950801, -89.678956 20.951363, -89.678934 20.951418, -89.678858 20.951619, -89.678695 20.952039, -89.678518 20.952502, -89.678362 20.952906, -89.678265 20.953157, -89.6782 20.953327, -89.678189 20.953355, -89.678026 20.953779, -89.677863 20.954205, -89.677692 20.95465, -89.677529 20.955073, -89.677513 20.955113, -89.677362 20.955505, -89.677288 20.955699, -89.677203 20.955907, -89.676984 20.956463, -89.676815 20.956888, -89.676643 20.95732, -89.676563 20.95752, -89.676474 20.957751, -89.676309 20.958157, -89.676289 20.958208, -89.676193 20.958448, -89.676142 20.958577, -89.675886 20.959282, -89.675883 20.959291, -89.675851 20.959297, -89.675814 20.959303, -89.675783 20.959309, -89.675637 20.959335, -89.674626 20.959519, -89.674413 20.959557, -89.67421 20.959594, -89.674113 20.959612, -89.673951 20.95964, -89.673554 20.959711, -89.672523 20.9599, -89.672451 20.959913, -89.672425 20.959918, -89.671571 20.960075, -89.6714 20.960105, -89.671402 20.960094)))"
4693,"MULTIPOLYGON (((-89.66345 20.9555, -89.663443 20.95478, -89.663443 20.954564, -89.663446 20.954314, -89.663434 20.953874, -89.663433 20.953576, -89.663427 20.953202, -89.663427 20.953186, -89.663431 20.952956, -89.663436 20.952709, -89.663427 20.952405, -89.663427 20.952345, -89.663418 20.951514, -89.663417 20.951442, -89.663398 20.950528, -89.663395 20.950398, -89.663395 20.949985, -89.663399 20.949978, -89.663479 20.949824, -89.664711 20.949816, -89.664682 20.950884, -89.664681 20.950916, -89.6647 20.951824, -89.664711 20.952761, -89.664768 20.953939, -89.66478 20.954121, -89.664794 20.954298, -89.664839 20.954953, -89.665339 20.955016, -89.666517 20.955162, -89.667342 20.955263, -89.667933 20.955198, -89.667964 20.95521, -89.669306 20.955022, -89.669369 20.955022, -89.67019 20.955011, -89.670208 20.954965, -89.670464 20.955061, -89.670024 20.95609, -89.670183 20.956152, -89.670097 20.956542, -89.669923 20.957394, -89.669814 20.957911, -89.669638 20.958751, -89.669599 20.958756, -89.667814 20.958986, -89.667792 20.958988, -89.666764 20.959128, -89.666745 20.959132, -89.666711 20.958335, -89.665675 20.958508, -89.664625 20.958698, -89.664631 20.959, -89.663526 20.959091, -89.663484 20.959094, -89.663483 20.958875, -89.663481 20.958682, -89.663478 20.958331, -89.663478 20.958284, -89.663477 20.958193, -89.663473 20.957735, -89.663468 20.957291, -89.663467 20.956963, -89.663463 20.956816, -89.663458 20.956346, -89.663456 20.95606, -89.663455 20.95601, -89.663454 20.955872, -89.663455 20.955858, -89.66345 20.9555)))"
4706,"MULTIPOLYGON (((-89.692283 20.94879, -89.692315 20.949228, -89.69232 20.94926, -89.692374 20.949711, -89.692445 20.950169, -89.692524 20.950734, -89.692479 20.95074, -89.691044 20.95093, -89.691047 20.950948, -89.691143 20.951497, -89.691208 20.951948, -89.691284 20.952403, -89.691342 20.952848, -89.691419 20.953316, -89.691273 20.953337, -89.689864 20.953527, -89.689043 20.953632, -89.687859 20.953796, -89.686905 20.953922, -89.686332 20.954004, -89.685548 20.954108, -89.684954 20.953967, -89.684931 20.953962, -89.685236 20.952831, -89.685274 20.952687, -89.685308 20.952564, -89.685312 20.952546, -89.685314 20.952538, -89.685335 20.952458, -89.685572 20.951554, -89.68559 20.951482, -89.685606 20.951424, -89.685611 20.951407, -89.685617 20.951387, -89.685651 20.951261, -89.685957 20.950159, -89.685981 20.950071, -89.685983 20.950064, -89.68607 20.949746, -89.686107 20.949614, -89.686133 20.94961, -89.68788 20.949364, -89.689336 20.949174, -89.690582 20.949009, -89.692283 20.94879)))"
4710,"MULTIPOLYGON (((-89.651464 20.915167, -89.651777 20.914193, -89.651782 20.914168, -89.652031 20.913179, -89.65308 20.913284, -89.653019 20.913574, -89.653878 20.913583, -89.655004 20.913609, -89.65498 20.914163, -89.654968 20.914723, -89.654947 20.915279, -89.654073 20.915271, -89.653849 20.91526, -89.653861 20.914705, -89.652584 20.914652, -89.65235 20.915001, -89.652206 20.915218, -89.652133 20.915326, -89.651464 20.915167)))"
4725,"MULTIPOLYGON (((-89.629239 20.916887, -89.629253 20.916851, -89.629289 20.916764, -89.629343 20.916632, -89.62947 20.916234, -89.62954 20.916008, -89.629567 20.915933, -89.629603 20.915856, -89.629592 20.915855, -89.629192 20.915805, -89.62772 20.915638, -89.627769 20.915129, -89.627806 20.91467, -89.629306 20.91478, -89.629333 20.914342, -89.629337 20.914159, -89.629363 20.913864, -89.629402 20.913412, -89.629425 20.913142, -89.629444 20.912968, -89.629491 20.912523, -89.629532 20.912137, -89.62954 20.912075, -89.629599 20.91159, -89.629711 20.910549, -89.629826 20.909515, -89.629956 20.908464, -89.6301 20.90733, -89.630253 20.906415, -89.63098 20.905904, -89.630897 20.905794, -89.630572 20.905322, -89.630662 20.90527, -89.631583 20.904737, -89.632547 20.904179, -89.632594 20.904152, -89.632594 20.904152, -89.632625 20.904135, -89.632931 20.903972, -89.633293 20.903779, -89.633326 20.903762, -89.633357 20.903745, -89.633768 20.903526, -89.634338 20.903222, -89.635383 20.902675, -89.635866 20.902429, -89.636219 20.902248, -89.636292 20.902211, -89.637082 20.901807, -89.637555 20.901563, -89.637982 20.901342, -89.638405 20.901124, -89.638453 20.901099, -89.63898 20.900827, -89.639061 20.90094, -89.639131 20.901039, -89.639175 20.9011, -89.639213 20.901155, -89.639276 20.901242, -89.639301 20.901278, -89.639338 20.901442, -89.639314 20.9016, -89.639304 20.90166, -89.639165 20.902016, -89.639119 20.902136, -89.638656 20.903305, -89.638626 20.903381, -89.638595 20.903462, -89.638585 20.903486, -89.638557 20.903557, -89.638187 20.904493, -89.637823 20.905389, -89.637501 20.906187, -89.637462 20.906285, -89.637437 20.906347, -89.637414 20.906403, -89.637404 20.906427, -89.637341 20.906587, -89.637025 20.907394, -89.636689 20.908247, -89.636607 20.908458, -89.636573 20.90855, -89.636327 20.909191, -89.635961 20.910141, -89.635895 20.910306, -89.635586 20.911119, -89.635546 20.911223, -89.635485 20.911367, -89.63516 20.912124, -89.635144 20.912165, -89.634769 20.913061, -89.63475 20.913108, -89.634719 20.913177, -89.634624 20.913393, -89.634346 20.914055, -89.634208 20.914343, -89.634079 20.9146, -89.633909 20.914973, -89.633809 20.915202, -89.633807 20.915206, -89.633778 20.915251, -89.633759 20.915282, -89.633695 20.91542, -89.633389 20.91613, -89.633353 20.916194, -89.63334 20.916216, -89.633339 20.916236, -89.63333 20.916358, -89.632852 20.917548, -89.631156 20.917205, -89.63051 20.917064, -89.629482 20.916839, -89.629403 20.916838, -89.629341 20.916846, -89.629286 20.916862, -89.629265 20.916872, -89.629247 20.916882, -89.629239 20.916887)))"
473A,"MULTIPOLYGON (((-89.621112 20.914151, -89.621098 20.914027, -89.621032 20.91367, -89.620963 20.913396, -89.620879 20.913125, -89.620766 20.912797, -89.620728 20.912695, -89.620632 20.91242, -89.620474 20.911969, -89.62033 20.911619, -89.620291 20.911522, -89.620326 20.911494, -89.62034 20.911483, -89.620368 20.911463, -89.620629 20.911272, -89.621225 20.910824, -89.621771 20.910444, -89.621812 20.910415, -89.62186 20.910381, -89.621911 20.910346, -89.622107 20.910209, -89.622139 20.910187, -89.622365 20.91003, -89.622827 20.909708, -89.622906 20.90966, -89.623396 20.909369, -89.623417 20.909358, -89.623434 20.909347, -89.624638 20.90863, -89.625422 20.90819, -89.625494 20.908149, -89.625514 20.908137, -89.625525 20.908131, -89.626355 20.907664, -89.626455 20.907608, -89.627241 20.90718, -89.627293 20.907152, -89.62741 20.907088, -89.628511 20.906489, -89.629153 20.906125, -89.630523 20.90535, -89.630572 20.905322, -89.630897 20.905794, -89.63098 20.905904, -89.630253 20.906415, -89.6301 20.90733, -89.629956 20.908464, -89.629826 20.909515, -89.629711 20.910549, -89.629599 20.91159, -89.62954 20.912075, -89.629532 20.912137, -89.629491 20.912523, -89.629444 20.912968, -89.629425 20.913142, -89.629402 20.913412, -89.629363 20.913864, -89.629337 20.914159, -89.629333 20.914342, -89.629306 20.91478, -89.627806 20.91467, -89.627769 20.915129, -89.62772 20.915638, -89.627195 20.915569, -89.62619 20.915478, -89.626159 20.915476, -89.625007 20.915413, -89.624044 20.91536, -89.623049 20.91531, -89.622884 20.915294, -89.622683 20.915275, -89.622276 20.915237, -89.621892 20.915215, -89.621133 20.915171, -89.621135 20.915135, -89.621137 20.915095, -89.621151 20.914802, -89.621112 20.914151)))"
4744,"MULTIPOLYGON (((-89.608539 20.911439, -89.60855 20.91144, -89.608566 20.912644, -89.608487 20.912914, -89.608494 20.913373, -89.608501 20.913858, -89.607115 20.914088, -89.606876 20.914125, -89.606852 20.913174, -89.607125 20.913131, -89.607111 20.912865, -89.606908 20.912896, -89.606913 20.911327, -89.607195 20.911346, -89.608061 20.911406, -89.608539 20.911439)))"
4759,"MULTIPOLYGON (((-89.636188 20.896644, -89.636265 20.896283, -89.63506 20.895978, -89.635151 20.895688, -89.63515 20.895688, -89.633976 20.895395, -89.63409 20.894958, -89.634974 20.895176, -89.635032 20.895174, -89.63509 20.895158, -89.635159 20.895022, -89.635822 20.895175, -89.636087 20.894226, -89.636092 20.894208, -89.636763 20.894393, -89.637148 20.894496, -89.637756 20.89465, -89.6384 20.894813, -89.638725 20.894905, -89.638899 20.893972, -89.639046 20.893188, -89.640066 20.893383, -89.640006 20.893803, -89.640853 20.893272, -89.640769 20.894277, -89.641499 20.893889, -89.641528 20.894068, -89.64155 20.894733, -89.641553 20.894817, -89.641586 20.895321, -89.641653 20.895877, -89.641676 20.896066, -89.64141 20.896272, -89.640643 20.89687, -89.639839 20.897522, -89.639554 20.897752, -89.639342 20.897894, -89.639197 20.898855, -89.638228 20.898941, -89.637925 20.899112, -89.63771 20.898944, -89.637691 20.898479, -89.637667 20.897988, -89.637653 20.897494, -89.637633 20.896967, -89.637559 20.896138, -89.637551 20.895946, -89.636641 20.896406, -89.636188 20.896644)))"
4763,"MULTIPOLYGON (((-89.652183 20.887449, -89.652481 20.886545, -89.652732 20.885665, -89.652869 20.885057, -89.652949 20.884699, -89.65389 20.884839, -89.65488 20.88501, -89.654686 20.886086, -89.65461 20.886074, -89.654566 20.886374, -89.654548 20.886491, -89.654524 20.886669, -89.65448 20.886944, -89.654455 20.887116, -89.654423 20.887396, -89.654402 20.887564, -89.656265 20.887901, -89.656194 20.888325, -89.655747 20.888248, -89.654341 20.887992, -89.65331 20.887844, -89.652123 20.887667, -89.652183 20.887449)))"
4778,"MULTIPOLYGON (((-89.687036 21.029983, -89.687314 21.029629, -89.687506 21.029335, -89.687749 21.029045, -89.687919 21.028872, -89.688239 21.028637, -89.68841 21.02852, -89.688625 21.028333, -89.688757 21.028207, -89.689051 21.027887, -89.689292 21.02756, -89.689362 21.027431, -89.689391 21.027376, -89.689509 21.027156, -89.689747 21.02685, -89.690393 21.026095, -89.691274 21.026816, -89.692149 21.02753, -89.692696 21.027976, -89.694829 21.029715, -89.695537 21.030293, -89.695793 21.030502, -89.6945 21.032476, -89.693879 21.033425, -89.693216 21.034452, -89.689436 21.031684, -89.689137 21.031473, -89.687036 21.029983)))"
4814,"MULTIPOLYGON (((-89.56772 20.953403, -89.56787 20.952783, -89.567882 20.952733, -89.567939 20.952533, -89.567969 20.952449, -89.568 20.951996, -89.568082 20.951796, -89.56824 20.951412, -89.568494 20.950849, -89.568551 20.950724, -89.568634 20.95053, -89.568962 20.949947, -89.569231 20.950069, -89.569478 20.950182, -89.569405 20.95053, -89.569191 20.950995, -89.569908 20.951243, -89.569754 20.951672, -89.570962 20.95209, -89.572009 20.95244, -89.572018 20.952407, -89.572083 20.95218, -89.572143 20.95203, -89.572153 20.952032, -89.573916 20.952419, -89.574061 20.951994, -89.574207 20.951571, -89.574232 20.951497, -89.574325 20.951181, -89.575739 20.951528, -89.575763 20.951535, -89.576564 20.951737, -89.57699 20.951853, -89.577086 20.951538, -89.577144 20.951536, -89.577582 20.95152, -89.577498 20.951988, -89.577414 20.952457, -89.577392 20.952578, -89.577328 20.952937, -89.57725 20.953378, -89.577161 20.953862, -89.577083 20.954295, -89.57708 20.954314, -89.577001 20.954783, -89.57694 20.955144, -89.576865 20.955591, -89.576789 20.956038, -89.576754 20.956248, -89.576712 20.956491, -89.576635 20.956938, -89.576558 20.957389, -89.576459 20.957964, -89.577428 20.95831, -89.577665 20.958397, -89.577972 20.958504, -89.578657 20.958719, -89.57962 20.958821, -89.579693 20.959248, -89.579808 20.960003, -89.579794 20.960004, -89.57969 20.960009, -89.579272 20.960031, -89.57916 20.960023, -89.578611 20.95998, -89.578276 20.959927, -89.577814 20.959781, -89.577729 20.959753, -89.577357 20.959639, -89.577263 20.95961, -89.577129 20.959568, -89.57695 20.959485, -89.576845 20.959427, -89.576109 20.959112, -89.576033 20.95908, -89.575957 20.959048, -89.575585 20.958893, -89.57549 20.958853, -89.575142 20.958708, -89.574013 20.958245, -89.5739 20.958197, -89.573208 20.957914, -89.572755 20.957728, -89.572631 20.957678, -89.5726 20.957665, -89.571842 20.957351, -89.571041 20.957016, -89.571042 20.957011, -89.571062 20.95692, -89.571264 20.956002, -89.571294 20.955849, -89.571341 20.955609, -89.571411 20.955281, -89.571437 20.95516, -89.571522 20.954762, -89.571523 20.954754, -89.571529 20.954728, -89.571587 20.954457, -89.571627 20.954267, -89.571656 20.954134, -89.571701 20.953929, -89.57173 20.953798, -89.571776 20.953585, -89.571799 20.953481, -89.570698 20.953039, -89.570552 20.953687, -89.570576 20.953697, -89.570442 20.954305, -89.569387 20.953887, -89.569322 20.953868, -89.568305 20.953502, -89.568025 20.953402, -89.56772 20.953403)))"
4829,"MULTIPOLYGON (((-89.569478 20.950182, -89.569231 20.950069, -89.568962 20.949947, -89.568974 20.949933, -89.569244 20.949599, -89.569491 20.949238, -89.569658 20.948996, -89.5697 20.948899, -89.56989 20.948621, -89.570003 20.948456, -89.570456 20.947902, -89.57049 20.947922, -89.570597 20.947853, -89.570645 20.947821, -89.57075 20.947801, -89.570851 20.9477, -89.571289 20.94726, -89.571373 20.947176, -89.571595 20.947457, -89.571663 20.947524, -89.571747 20.947609, -89.571798 20.94766, -89.572108 20.947968, -89.572484 20.948384, -89.572492 20.948392, -89.572901 20.948071, -89.573277 20.947766, -89.574037 20.948733, -89.574503 20.949325, -89.574847 20.949408, -89.576328 20.949763, -89.576718 20.949857, -89.576752 20.9499, -89.577201 20.950481, -89.577389 20.950542, -89.577535 20.95059, -89.578268 20.951496, -89.577582 20.95152, -89.577144 20.951536, -89.577086 20.951538, -89.57699 20.951853, -89.576564 20.951737, -89.575763 20.951535, -89.575739 20.951528, -89.574325 20.951181, -89.574232 20.951497, -89.574207 20.951571, -89.574061 20.951994, -89.573916 20.952419, -89.572153 20.952032, -89.572143 20.95203, -89.572083 20.95218, -89.572018 20.952407, -89.572009 20.95244, -89.570962 20.95209, -89.569754 20.951672, -89.569908 20.951243, -89.569191 20.950995, -89.569405 20.95053, -89.569478 20.950182)))"
4833,"MULTIPOLYGON (((-89.608096 21.010669, -89.608154 21.01068, -89.608598 21.010773, -89.609024 21.010861, -89.60962 21.01097, -89.609961 21.011033, -89.609891 21.011339, -89.609878 21.011393, -89.610615 21.011556, -89.611703 21.011784, -89.612811 21.012042, -89.613508 21.012193, -89.613518 21.012195, -89.613555 21.012393, -89.613595 21.012537, -89.613632 21.012657, -89.613696 21.012822, -89.613713 21.012866, -89.613791 21.013035, -89.613884 21.013199, -89.613918 21.013252, -89.614013 21.013403, -89.614173 21.013657, -89.614366 21.013929, -89.614403 21.013976, -89.614443 21.014026, -89.614438 21.014028, -89.614297 21.014082, -89.614257 21.014098, -89.614209 21.014116, -89.613192 21.014509, -89.613144 21.014527, -89.612668 21.014682, -89.612071 21.014911, -89.610785 21.015408, -89.610746 21.015422, -89.609503 21.015907, -89.608538 21.016266, -89.608238 21.016375, -89.608135 21.016411, -89.608063 21.016436, -89.607923 21.016485, -89.607811 21.016522, -89.607698 21.016567, -89.607658 21.016582, -89.607483 21.016671, -89.607308 21.016759, -89.607218 21.016813, -89.607158 21.016855, -89.607121 21.016926, -89.607114 21.016929, -89.606887 21.016979, -89.606959 21.016604, -89.60717 21.015497, -89.607285 21.014899, -89.607435 21.014078, -89.607501 21.013732, -89.607604 21.013257, -89.607767 21.012405, -89.607916 21.011565, -89.608096 21.010669)))"
4848,"MULTIPOLYGON (((-89.608902 21.006364, -89.609847 21.006508, -89.610788 21.006643, -89.610833 21.006656, -89.611191 21.00671, -89.611795 21.006797, -89.61182 21.006698, -89.612534 21.006736, -89.612579 21.006748, -89.61263 21.006761, -89.612935 21.006763, -89.613468 21.006787, -89.614361 21.006911, -89.614368 21.006912, -89.614304 21.007247, -89.614294 21.007299, -89.614205 21.007751, -89.614142 21.008083, -89.614108 21.008262, -89.614048 21.008571, -89.613949 21.009075, -89.61394 21.009122, -89.613757 21.010074, -89.613674 21.010505, -89.613577 21.010999, -89.613563 21.011081, -89.613555 21.011132, -89.613548 21.011173, -89.613544 21.011197, -89.613505 21.011427, -89.61349 21.011566, -89.613484 21.011728, -89.613486 21.011838, -89.613487 21.011908, -89.6135 21.012063, -89.613518 21.012195, -89.613508 21.012193, -89.612811 21.012042, -89.611703 21.011784, -89.610615 21.011556, -89.609878 21.011393, -89.609891 21.011339, -89.609961 21.011033, -89.60962 21.01097, -89.609024 21.010861, -89.608598 21.010773, -89.608154 21.01068, -89.608096 21.010669, -89.608173 21.010188, -89.608254 21.00978, -89.608416 21.008953, -89.608585 21.008118, -89.608744 21.007294, -89.608902 21.006364)))"
4852,"MULTIPOLYGON (((-89.604311 20.985503, -89.604251 20.986103, -89.60425 20.986113, -89.604235 20.986261, -89.604231 20.986309, -89.604154 20.987062, -89.604135 20.987245, -89.604132 20.987275, -89.604122 20.987386, -89.604017 20.988469, -89.604012 20.988499, -89.60401 20.988525, -89.604024 20.988528, -89.604031 20.98853, -89.604038 20.988533, -89.604044 20.988537, -89.60405 20.988541, -89.604056 20.988546, -89.60406 20.988551, -89.604065 20.988557, -89.604068 20.988563, -89.604071 20.98857, -89.604073 20.988577, -89.604074 20.988584, -89.604075 20.988591, -89.604075 20.988598, -89.604073 20.988604, -89.604069 20.988618, -89.604066 20.988624, -89.604062 20.98863, -89.604057 20.988636, -89.604052 20.988641, -89.604046 20.988645, -89.60404 20.988649, -89.604034 20.988652, -89.604027 20.988655, -89.604019 20.988657, -89.604005 20.988659, -89.603993 20.988783, -89.603924 20.989443, -89.603921 20.989476, -89.603914 20.989542, -89.6039 20.989666, -89.603842 20.990197, -89.603832 20.990285, -89.603825 20.990407, -89.603795 20.990922, -89.603789 20.991013, -89.60372 20.99219, -89.603639 20.99224, -89.603483 20.992351, -89.602889 20.992784, -89.602845 20.992815, -89.60283 20.992826, -89.602552 20.993024, -89.602207 20.993271, -89.602112 20.993338, -89.602006 20.993204, -89.601907 20.993081, -89.601603 20.992702, -89.601576 20.992667, -89.601552 20.992638, -89.601249 20.992285, -89.601244 20.992278, -89.601162 20.992184, -89.601119 20.992132, -89.600883 20.991856, -89.600846 20.991814, -89.6008 20.99176, -89.600486 20.991388, -89.600458 20.991354, -89.600421 20.99131, -89.600114 20.990958, -89.600086 20.990926, -89.600049 20.990882, -89.600046 20.990877, -89.599734 20.990496, -89.599676 20.990423, -89.599615 20.990354, -89.599528 20.990255, -89.599283 20.989969, -89.599259 20.989941, -89.59923 20.989909, -89.598924 20.98955, -89.598892 20.989511, -89.59896 20.989451, -89.600279 20.988487, -89.600389 20.988402, -89.601432 20.987605, -89.601793 20.98733, -89.602458 20.986847, -89.603487 20.98608, -89.604283 20.985523, -89.604311 20.985503)))"
4867,"MULTIPOLYGON (((-89.595659 20.985709, -89.595506 20.98553, -89.595479 20.985501, -89.595445 20.985459, -89.595439 20.985451, -89.59541 20.985419, -89.595235 20.985211, -89.595123 20.985081, -89.595172 20.985014, -89.596375 20.984982, -89.597399 20.984954, -89.5978 20.984949, -89.598722 20.984929, -89.598727 20.985016, -89.598736 20.985105, -89.598767 20.985181, -89.598869 20.985315, -89.598894 20.985345, -89.59908 20.98557, -89.599245 20.985768, -89.599624 20.985483, -89.60008 20.985396, -89.600875 20.985263, -89.600972 20.985232, -89.601069 20.985211, -89.601154 20.985194, -89.601482 20.98514, -89.60187 20.985051, -89.602129 20.985, -89.602492 20.984914, -89.602785 20.984842, -89.603025 20.98478, -89.603142 20.984758, -89.603645 20.984662, -89.604474 20.984504, -89.604423 20.984923, -89.604371 20.984916, -89.604357 20.985047, -89.604311 20.985503, -89.604283 20.985523, -89.603487 20.98608, -89.602458 20.986847, -89.601793 20.98733, -89.601432 20.987605, -89.600389 20.988402, -89.600279 20.988487, -89.59896 20.989451, -89.598892 20.989511, -89.598866 20.989482, -89.598559 20.989116, -89.59853 20.989082, -89.598486 20.989028, -89.598431 20.988965, -89.598175 20.988672, -89.598155 20.98865, -89.59815 20.988644, -89.598116 20.988603, -89.597815 20.988247, -89.597806 20.988238, -89.597767 20.988193, -89.597756 20.988181, -89.597451 20.987825, -89.597433 20.987803, -89.597395 20.987759, -89.597391 20.987754, -89.597084 20.987397, -89.597079 20.987393, -89.597039 20.987345, -89.597031 20.987336, -89.59673 20.98697, -89.596724 20.986964, -89.59667 20.986899, -89.596651 20.986875, -89.596537 20.986745, -89.596032 20.986149, -89.595981 20.986088, -89.59588 20.985969, -89.595816 20.985893, -89.595659 20.985709)))"
4871,"MULTIPOLYGON (((-89.663931 21.026317, -89.664427 21.025133, -89.664256 21.025122, -89.664161 21.025116, -89.663428 21.025121, -89.662134 21.025291, -89.662299 21.024832, -89.660267 21.024612, -89.659786 21.025825, -89.658526 21.025302, -89.658815 21.024581, -89.659209 21.023598, -89.659232 21.02354, -89.659259 21.023469, -89.659581 21.022662, -89.659604 21.022604, -89.659612 21.022584, -89.659984 21.021659, -89.660361 21.020712, -89.66062 21.020055, -89.660738 21.019764, -89.661111 21.018824, -89.661115 21.018817, -89.661136 21.018767, -89.661249 21.018485, -89.661274 21.018422, -89.661614 21.017555, -89.661958 21.016686, -89.661998 21.016584, -89.662167 21.016155, -89.66219 21.016096, -89.662394 21.01558, -89.662657 21.014913, -89.662748 21.014915, -89.663763 21.014936, -89.664419 21.014952, -89.666185 21.014969, -89.66712 21.014983, -89.668213 21.015011, -89.668156 21.015155, -89.668142 21.015266, -89.668139 21.01537, -89.669216 21.01562, -89.669508 21.015716, -89.669426 21.015979, -89.67123 21.01618, -89.671874 21.007186, -89.674139 21.00723, -89.675268 21.007204, -89.675 21.012065, -89.674559 21.01768, -89.675164 21.019179, -89.674989 21.01971, -89.674698 21.02068, -89.675595 21.020894, -89.675753 21.020963, -89.675483 21.021843, -89.676541 21.022029, -89.676221 21.023013, -89.675945 21.023969, -89.675616 21.024945, -89.676679 21.02515, -89.677364 21.025268, -89.677807 21.026375, -89.676382 21.026122, -89.67533 21.025934, -89.675052 21.026874, -89.674108 21.026713, -89.673781 21.028127, -89.673669 21.028377, -89.672755 21.028367, -89.671771 21.028358, -89.671996 21.027804, -89.670097 21.027492, -89.668007 21.027106, -89.664957 21.026522, -89.663931 21.026317)))"
4886,"MULTIPOLYGON (((-89.684931 20.953962, -89.684954 20.953967, -89.685548 20.954108, -89.686332 20.954004, -89.686905 20.953922, -89.687859 20.953796, -89.689043 20.953632, -89.689864 20.953527, -89.691273 20.953337, -89.691419 20.953316, -89.691342 20.952848, -89.691284 20.952403, -89.691208 20.951948, -89.691143 20.951497, -89.691047 20.950948, -89.691044 20.95093, -89.692479 20.95074, -89.692524 20.950734, -89.692585 20.950725, -89.694059 20.950525, -89.694107 20.950519, -89.694955 20.950413, -89.696437 20.950213, -89.697633 20.950048, -89.69886 20.949884, -89.698825 20.95048, -89.698776 20.950747, -89.698638 20.950972, -89.698264 20.951493, -89.698262 20.951496, -89.697879 20.951998, -89.697735 20.95223, -89.697566 20.952502, -89.697561 20.952509, -89.696782 20.9526, -89.69675 20.952604, -89.696409 20.95313, -89.696087 20.953627, -89.695828 20.954026, -89.695604 20.954018, -89.695442 20.954036, -89.69523 20.954059, -89.694658 20.954123, -89.6947 20.954398, -89.693708 20.95453, -89.692743 20.954658, -89.691419 20.954806, -89.690072 20.954919, -89.689062 20.954992, -89.688053 20.955065, -89.68653 20.955198, -89.684685 20.955335, -89.684574 20.955347, -89.684566 20.955347, -89.684544 20.95535, -89.68461 20.955088, -89.684824 20.954334, -89.684864 20.954195, -89.684931 20.953962)))"
4890,"MULTIPOLYGON (((-89.692283 20.94879, -89.690582 20.949009, -89.689336 20.949174, -89.68788 20.949364, -89.686133 20.94961, -89.686107 20.949614, -89.68626 20.949037, -89.686318 20.948805, -89.686623 20.947715, -89.687893 20.947543, -89.688363 20.947479, -89.688748 20.947426, -89.689189 20.947366, -89.690203 20.947228, -89.69036 20.947207, -89.690842 20.947141, -89.691309 20.947077, -89.691658 20.94703, -89.692065 20.946974, -89.693277 20.946809, -89.694218 20.946681, -89.694739 20.94661, -89.695009 20.946573, -89.695297 20.946534, -89.695667 20.946483, -89.697085 20.94629, -89.698001 20.946165, -89.698296 20.947976, -89.698352 20.948406, -89.698307 20.948479, -89.698377 20.948583, -89.698547 20.948889, -89.698744 20.94932, -89.69886 20.949884, -89.697633 20.950048, -89.696437 20.950213, -89.694955 20.950413, -89.694107 20.950519, -89.694059 20.950525, -89.692585 20.950725, -89.692524 20.950734, -89.692445 20.950169, -89.692374 20.949711, -89.69232 20.94926, -89.692315 20.949228, -89.692283 20.94879)))"
4903,"MULTIPOLYGON (((-89.641769 21.063094, -89.639622 21.063357, -89.639602 21.06336, -89.642028 21.058146, -89.642285 21.058108, -89.643225 21.057975, -89.64355 21.057924, -89.644062 21.057844, -89.644281 21.05781, -89.644558 21.057769, -89.645383 21.057647, -89.646654 21.057469, -89.64728 21.057366, -89.647798 21.057282, -89.647735 21.058181, -89.647669 21.059102, -89.647669 21.059339, -89.647626 21.059779, -89.6476 21.060266, -89.647577 21.060718, -89.647536 21.061214, -89.647525 21.061422, -89.647475 21.062273, -89.647455 21.062628, -89.64739 21.06379, -89.647372 21.064074, -89.647294 21.065435, -89.647233 21.066509, -89.648926 21.066634, -89.648945 21.066896, -89.647243 21.066785, -89.646882 21.066759, -89.646769 21.066771, -89.645461 21.066697, -89.644849 21.066675, -89.644914 21.067018, -89.644313 21.067056, -89.644289 21.067058, -89.644415 21.067825, -89.644607 21.068195, -89.644856 21.068625, -89.644964 21.069452, -89.644879 21.070025, -89.643607 21.070184, -89.643085 21.067122, -89.642711 21.064926, -89.642702 21.062956, -89.641769 21.063094)))"
4937,"MULTIPOLYGON (((-89.662657 21.014913, -89.662693 21.014822, -89.662708 21.014784, -89.663052 21.013912, -89.663407 21.013014, -89.66342 21.012977, -89.66343 21.012952, -89.663446 21.012911, -89.664059 21.011336, -89.664094 21.011251, -89.664135 21.01115, -89.66421 21.010965, -89.664236 21.0109, -89.664538 21.01016, -89.664558 21.010112, -89.664629 21.00993, -89.664759 21.009598, -89.66505 21.008854, -89.665221 21.008417, -89.665233 21.008384, -89.665246 21.008353, -89.665488 21.007771, -89.665755 21.007127, -89.665908 21.006854, -89.666116 21.006505, -89.666369 21.0061, -89.666402 21.006047, -89.666412 21.00603, -89.666427 21.006008, -89.666906 21.005279, -89.667068 21.005032, -89.667076 21.005019, -89.667543 21.004288, -89.667848 21.00381, -89.668237 21.003201, -89.668371 21.002993, -89.668431 21.002896, -89.66856 21.002695, -89.6686 21.002634, -89.668649 21.002561, -89.668942 21.002118, -89.669113 21.001843, -89.66915 21.001787, -89.669584 21.001132, -89.669879 21.000688, -89.669913 21.000637, -89.669922 21.000624, -89.670038 21.000449, -89.670268 21.000104, -89.670431 20.999859, -89.670436 20.999851, -89.670478 20.999787, -89.670836 20.999249, -89.670886 20.999171, -89.670916 20.999127, -89.671349 20.99846, -89.671437 20.998325, -89.671681 20.997948, -89.671862 20.997671, -89.672307 20.996985, -89.672624 20.996498, -89.673208 20.995599, -89.673238 20.995553, -89.674161 20.996096, -89.675085 20.996639, -89.675969 20.997199, -89.676853 20.997759, -89.677737 20.998319, -89.678621 20.99888, -89.679506 20.99944, -89.68039 21, -89.681244 21.000545, -89.681039 21.001495, -89.680838 21.002449, -89.680641 21.003391, -89.680437 21.004345, -89.680239 21.005287, -89.680035 21.006221, -89.67922 21.005755, -89.678373 21.005277, -89.677517 21.00479, -89.676661 21.004321, -89.675811 21.003839, -89.674962 21.003357, -89.674112 21.002874, -89.673263 21.002392, -89.672412 21.001904, -89.672153 21.002672, -89.671041 21.002142, -89.670735 21.002883, -89.669884 21.002902, -89.669891 21.004334, -89.669896 21.005418, -89.6699 21.00622, -89.669874 21.007209, -89.669798 21.008251, -89.669729 21.009185, -89.669658 21.010166, -89.669585 21.011144, -89.669491 21.012117, -89.669412 21.013086, -89.669339 21.014057, -89.669216 21.01562, -89.668139 21.01537, -89.668142 21.015266, -89.668156 21.015155, -89.668213 21.015011, -89.66712 21.014983, -89.666185 21.014969, -89.664419 21.014952, -89.663763 21.014936, -89.662748 21.014915, -89.662657 21.014913)))"
4960,"MULTIPOLYGON (((-89.608662 21.061751, -89.608761 21.059247, -89.608763 21.059207, -89.609132 21.05917, -89.609117 21.058402, -89.610225 21.058398, -89.610221 21.057369, -89.610186 21.055773, -89.610183 21.055186, -89.610172 21.054124, -89.610165 21.052943, -89.610163 21.051914, -89.610151 21.050903, -89.610151 21.049865, -89.610139 21.049075, -89.611064 21.048807, -89.611205 21.048756, -89.614307 21.047885, -89.614969 21.047699, -89.616933 21.04713, -89.617172 21.047062, -89.618348 21.046727, -89.618362 21.046723, -89.618849 21.046973, -89.619794 21.047488, -89.619897 21.047544, -89.619932 21.047563, -89.62033 21.047771, -89.620374 21.047794, -89.620431 21.047823, -89.618932 21.050242, -89.618545 21.050869, -89.618319 21.051231, -89.617763 21.05212, -89.617742 21.052159, -89.617023 21.053355, -89.616619 21.054, -89.616254 21.054596, -89.616116 21.054825, -89.616043 21.054943, -89.615588 21.055689, -89.615116 21.056459, -89.614639 21.057215, -89.613983 21.058314, -89.613762 21.05868, -89.613392 21.059264, -89.612895 21.060102, -89.612337 21.061005, -89.611452 21.062419, -89.611381 21.062478, -89.611218 21.062487, -89.609804 21.062658, -89.609802 21.062432, -89.609796 21.062009, -89.609791 21.061644, -89.608662 21.061751)))"
4975,"MULTIPOLYGON (((-89.559896 21.028253, -89.559607 21.028547, -89.559355 21.027723, -89.559044 21.026807, -89.559202 21.026706, -89.559422 21.026524, -89.559507 21.026425, -89.559627 21.026228, -89.559652 21.026241, -89.559678 21.02625, -89.559706 21.026255, -89.559734 21.026255, -89.559762 21.02625, -89.559788 21.026241, -89.559813 21.026228, -89.559834 21.026211, -89.559852 21.02619, -89.559866 21.026167, -89.559876 21.026143, -89.559881 21.026117, -89.559881 21.02609, -89.559876 21.026064, -89.559866 21.026039, -89.559852 21.026016, -89.559834 21.025996, -89.559813 21.025979, -89.560172 21.025377, -89.560218 21.025263, -89.56022 21.02517, -89.560208 21.025088, -89.560149 21.025008, -89.560078 21.024942, -89.559001 21.024142, -89.559015 21.024118, -89.559025 21.024092, -89.55903 21.024065, -89.55903 21.024038, -89.559025 21.024011, -89.559015 21.023986, -89.559001 21.023962, -89.558982 21.023941, -89.55896 21.023924, -89.558935 21.02391, -89.558907 21.023901, -89.558879 21.023896, -89.55885 21.023896, -89.558821 21.023901, -89.558403 21.021141, -89.558201 21.020752, -89.558075 21.020633, -89.558097 21.020616, -89.558115 21.020596, -89.558129 21.020573, -89.558138 21.020549, -89.558143 21.020523, -89.558143 21.020497, -89.558138 21.020471, -89.558128 21.020446, -89.558115 21.020424, -89.558097 21.020404, -89.558075 21.020387, -89.558768 21.019301, -89.559622 21.019692, -89.559795 21.019794, -89.560189 21.020189, -89.559671 21.019197, -89.559153 21.018205, -89.558686 21.017335, -89.558086 21.016217, -89.557738 21.015808, -89.557557 21.01546, -89.557208 21.014788, -89.557048 21.014481, -89.557076 21.014466, -89.557101 21.014446, -89.557122 21.014423, -89.557138 21.014396, -89.55775 21.014605, -89.557907 21.014662, -89.559471 21.014706, -89.560299 21.01474, -89.560642 21.014744, -89.560669 21.014739, -89.562041 21.014464, -89.563053 21.014224, -89.56327 21.014059, -89.56337 21.014494, -89.56368 21.015718, -89.564024 21.017168, -89.564324 21.018401, -89.564615 21.019384, -89.564778 21.019836, -89.565181 21.020498, -89.565308 21.020678, -89.56562 21.021034, -89.565796 21.021227, -89.566013 21.021463, -89.56626 21.021732, -89.566511 21.021979, -89.56659 21.022057, -89.566816 21.022278, -89.567934 21.023332, -89.569803 21.025144, -89.569963 21.025288, -89.570081 21.025399, -89.571399 21.026663, -89.571423 21.026686, -89.571535 21.026796, -89.571704 21.026964, -89.571686 21.026981, -89.571598 21.027062, -89.571543 21.027112, -89.570956 21.027648, -89.570369 21.028183, -89.569458 21.029014, -89.56877 21.029635, -89.568553 21.029831, -89.567613 21.030659, -89.566392 21.031807, -89.565808 21.030781, -89.565539 21.030311, -89.56528 21.029813, -89.564898 21.029071, -89.564813 21.028906, -89.564435 21.028139, -89.562978 21.025336, -89.562879 21.02523, -89.562871 21.025222, -89.56285 21.0252, -89.562425 21.025639, -89.562307 21.025761, -89.560716 21.027402, -89.560296 21.027847, -89.559896 21.028253)))"
498A,"MULTIPOLYGON (((-89.557017 21.014153, -89.556985 21.014148, -89.556952 21.014148, -89.55692 21.014153, -89.55689 21.014163, -89.556674 21.013761, -89.556514 21.013462, -89.556171 21.012821, -89.555894 21.012302, -89.555668 21.01188, -89.554807 21.010286, -89.554901 21.009952, -89.555225 21.008879, -89.55496 21.008746, -89.554972 21.007545, -89.555597 21.007925, -89.555594 21.007882, -89.556008 21.006986, -89.555391 21.006534, -89.554929 21.006196, -89.554924 21.005855, -89.554909 21.004933, -89.555828 21.005588, -89.55596 21.005705, -89.556466 21.006072, -89.556466 21.006072, -89.557103 21.006546, -89.557094 21.00505, -89.557799 21.005035, -89.559014 21.005037, -89.558897 21.004658, -89.559419 21.004671, -89.560629 21.004706, -89.560718 21.004709, -89.560827 21.004712, -89.561009 21.004717, -89.561014 21.004717, -89.561023 21.004751, -89.561234 21.005634, -89.561518 21.00685, -89.561832 21.008166, -89.561884 21.00838, -89.561933 21.008584, -89.562078 21.00919, -89.562221 21.009803, -89.562239 21.009881, -89.562301 21.010145, -89.562325 21.010248, -89.562348 21.01041, -89.562384 21.010548, -89.562833 21.012251, -89.56327 21.014059, -89.563053 21.014224, -89.562041 21.014464, -89.560669 21.014739, -89.560642 21.014744, -89.560299 21.01474, -89.559471 21.014706, -89.557907 21.014662, -89.55775 21.014605, -89.557138 21.014396, -89.557149 21.014368, -89.557155 21.014337, -89.557155 21.014307, -89.557149 21.014277, -89.557138 21.014248, -89.557122 21.014222, -89.557101 21.014198, -89.557076 21.014179, -89.557047 21.014163, -89.557017 21.014153)))"
4994,"MULTIPOLYGON (((-89.610789 21.035756, -89.610718 21.034717, -89.610534 21.033672, -89.610527 21.03365, -89.610353 21.032691, -89.611449 21.032614, -89.612478 21.032543, -89.613566 21.032468, -89.614648 21.032393, -89.615704 21.032304, -89.616803 21.03221, -89.616952 21.033207, -89.616957 21.033238, -89.617121 21.034248, -89.617122 21.03426, -89.617285 21.035244, -89.617405 21.036111, -89.617491 21.036981, -89.617432 21.036978, -89.617183 21.036958, -89.616422 21.036897, -89.616236 21.036878, -89.615285 21.036807, -89.614182 21.036719, -89.613046 21.036628, -89.611905 21.036537, -89.610807 21.036449, -89.61079 21.035771, -89.610789 21.035756)))"
5009,"MULTIPOLYGON (((-89.602868 21.035408, -89.602956 21.035029, -89.60305 21.03462, -89.603054 21.034604, -89.603074 21.034517, -89.603183 21.034072, -89.603281 21.033667, -89.603325 21.033485, -89.603531 21.032633, -89.603543 21.032582, -89.603552 21.032541, -89.603759 21.031617, -89.603762 21.031609, -89.603853 21.031332, -89.603866 21.031298, -89.60387 21.031283, -89.603938 21.030959, -89.603973 21.030794, -89.604129 21.030059, -89.604142 21.029996, -89.604147 21.029974, -89.604371 21.028994, -89.604588 21.028069, -89.604599 21.028016, -89.604644 21.027822, -89.60593 21.027992, -89.606974 21.028142, -89.608051 21.028289, -89.608145 21.02831, -89.609222 21.028404, -89.609234 21.02851, -89.609286 21.028997, -89.609197 21.029411, -89.609145 21.029617, -89.608972 21.030197, -89.608902 21.030253, -89.608882 21.03031, -89.608758 21.030628, -89.608626 21.030918, -89.608473 21.031299, -89.608467 21.031474, -89.608426 21.031864, -89.608433 21.032157, -89.608418 21.032304, -89.608363 21.032831, -89.609291 21.032766, -89.610353 21.032691, -89.610527 21.03365, -89.610534 21.033672, -89.610718 21.034717, -89.610789 21.035756, -89.61079 21.035771, -89.610807 21.036449, -89.609736 21.036364, -89.609718 21.035875, -89.608718 21.035975, -89.608678 21.035968, -89.608663 21.035965, -89.608015 21.03582, -89.607875 21.036992, -89.60685 21.036788, -89.605842 21.036588, -89.605589 21.03654, -89.604718 21.036363, -89.603489 21.036108, -89.602739 21.035963, -89.602745 21.035934, -89.602868 21.035408)))"
5013,"MULTIPOLYGON (((-89.575433 21.015963, -89.574818 21.015824, -89.574142 21.015672, -89.574882 21.014605, -89.574771 21.014514, -89.573899 21.013757, -89.573963 21.013692, -89.574404 21.013238, -89.57461 21.013017, -89.575346 21.012257, -89.576069 21.011526, -89.576083 21.011512, -89.576796 21.010761, -89.577807 21.011611, -89.5778 21.011618, -89.578202 21.011971, -89.578038 21.013534, -89.578075 21.013543, -89.579133 21.01379, -89.580169 21.01403, -89.581268 21.014284, -89.582254 21.014515, -89.58343 21.014784, -89.583464 21.014791, -89.583432 21.015421, -89.583403 21.015801, -89.583398 21.015836, -89.583302 21.016085, -89.583288 21.016098, -89.581997 21.017318, -89.581673 21.017673, -89.581301 21.018082, -89.581142 21.018257, -89.580684 21.018701, -89.580612 21.018771, -89.580567 21.018815, -89.580506 21.018759, -89.579612 21.017939, -89.578843 21.017238, -89.57764 21.016998, -89.577584 21.016987, -89.577883 21.016396, -89.576769 21.016231, -89.576549 21.016198, -89.5762 21.016142, -89.576143 21.016128, -89.575433 21.015963)))"
5028,"MULTIPOLYGON (((-89.581276 21.00723, -89.582374 21.006699, -89.582737 21.00709, -89.583053 21.007422, -89.584012 21.008444, -89.585493 21.010003, -89.585409 21.010077, -89.585378 21.010104, -89.585358 21.010122, -89.585283 21.010187, -89.584904 21.01052, -89.5848 21.010613, -89.584627 21.010758, -89.584323 21.01101, -89.584264 21.011064, -89.584127 21.011186, -89.584041 21.011267, -89.583864 21.011479, -89.583729 21.011688, -89.583662 21.01181, -89.583576 21.012042, -89.583531 21.01221, -89.583512 21.012401, -89.583486 21.012719, -89.583472 21.012894, -89.583458 21.013053, -89.583442 21.013053, -89.583433 21.013054, -89.583425 21.013055, -89.583417 21.013057, -89.583409 21.013058, -89.583401 21.013061, -89.583393 21.013063, -89.583386 21.013067, -89.583378 21.01307, -89.583371 21.013074, -89.583364 21.013078, -89.583357 21.013083, -89.583351 21.013087, -89.583345 21.013093, -89.583339 21.013098, -89.583333 21.013104, -89.583328 21.01311, -89.583323 21.013116, -89.583318 21.013122, -89.583314 21.013129, -89.58331 21.013136, -89.583307 21.013143, -89.583304 21.01315, -89.583301 21.013158, -89.583299 21.013165, -89.583297 21.013173, -89.583296 21.013181, -89.583295 21.013188, -89.583294 21.013196, -89.583294 21.013204, -89.583295 21.013219, -89.583297 21.013227, -89.583298 21.013235, -89.5833 21.013242, -89.583303 21.01325, -89.583306 21.013257, -89.583309 21.013264, -89.583313 21.013271, -89.583317 21.013278, -89.583321 21.013284, -89.583326 21.013291, -89.583331 21.013297, -89.583337 21.013303, -89.583342 21.013308, -89.583349 21.013313, -89.583355 21.013318, -89.583362 21.013323, -89.583368 21.013327, -89.583376 21.013331, -89.583383 21.013335, -89.583391 21.013338, -89.583398 21.013341, -89.583406 21.013344, -89.583422 21.013347, -89.583439 21.013349, -89.583439 21.013489, -89.583441 21.013793, -89.583442 21.013956, -89.583444 21.014077, -89.583454 21.014422, -89.583464 21.014791, -89.58343 21.014784, -89.582254 21.014515, -89.581268 21.014284, -89.580169 21.01403, -89.579133 21.01379, -89.578075 21.013543, -89.578038 21.013534, -89.578202 21.011971, -89.5778 21.011618, -89.577807 21.011611, -89.576796 21.010761, -89.577585 21.009975, -89.578009 21.009558, -89.57839 21.009185, -89.578789 21.008795, -89.579144 21.008416, -89.579174 21.008382, -89.579347 21.008244, -89.579579 21.00809, -89.579783 21.007987, -89.580982 21.007376, -89.581276 21.00723)))"
5032,"MULTIPOLYGON (((-89.575372 20.986778, -89.575558 20.985464, -89.5756 20.985464, -89.575664 20.984536, -89.57575 20.983546, -89.575847 20.98256, -89.57593 20.981772, -89.575965 20.981452, -89.57597 20.9814, -89.575973 20.981374, -89.576439 20.981353, -89.576573 20.981347, -89.577181 20.981319, -89.577526 20.981304, -89.577779 20.981292, -89.578315 20.981268, -89.578387 20.981265, -89.578443 20.981262, -89.578625 20.981254, -89.578966 20.981238, -89.579544 20.981212, -89.579885 20.981197, -89.580178 20.981183, -89.580175 20.981222, -89.580171 20.981291, -89.580108 20.982337, -89.580076 20.982339, -89.579516 20.983399, -89.578897 20.984238, -89.578851 20.984264, -89.578832 20.984276, -89.578813 20.98429, -89.578795 20.984304, -89.578781 20.984317, -89.578762 20.984336, -89.578746 20.984353, -89.578732 20.98437, -89.578718 20.984388, -89.578711 20.984399, -89.578695 20.984427, -89.578687 20.984442, -89.578109 20.985437, -89.578068 20.985437, -89.577698 20.986155, -89.577205 20.98695, -89.577182 20.986988, -89.576612 20.986922, -89.576007 20.986852, -89.575888 20.986838, -89.575372 20.986778)))"
5047,"MULTIPOLYGON (((-89.56376 20.981872, -89.564184 20.981854, -89.564872 20.981824, -89.566298 20.981764, -89.566452 20.981757, -89.566465 20.981757, -89.567097 20.98173, -89.567645 20.9817, -89.568299 20.981662, -89.56898 20.981643, -89.569666 20.981609, -89.571058 20.981543, -89.572024 20.981525, -89.572037 20.981525, -89.572126 20.981523, -89.572134 20.981522, -89.572237 20.981519, -89.573204 20.981455, -89.574287 20.981427, -89.575255 20.981405, -89.575311 20.981404, -89.575363 20.981402, -89.575435 20.981398, -89.575973 20.981374, -89.57597 20.9814, -89.575965 20.981452, -89.57593 20.981772, -89.575847 20.98256, -89.57575 20.983546, -89.575664 20.984536, -89.5756 20.985464, -89.575558 20.985464, -89.575372 20.986778, -89.574716 20.986701, -89.57471 20.9867, -89.574701 20.9867, -89.574066 20.986632, -89.573553 20.986577, -89.573358 20.986556, -89.572652 20.98648, -89.571924 20.986408, -89.571872 20.986402, -89.571776 20.986397, -89.57121 20.986386, -89.570799 20.986372, -89.570315 20.986352, -89.570064 20.986319, -89.570028 20.986303, -89.569855 20.986303, -89.569879 20.98591, -89.569377 20.985899, -89.569394 20.986326, -89.568883 20.986328, -89.568896 20.985893, -89.568355 20.985891, -89.568354 20.986347, -89.568224 20.986351, -89.567872 20.98635, -89.567871 20.985874, -89.567392 20.985874, -89.567379 20.986381, -89.566988 20.986388, -89.566769 20.986398, -89.566445 20.986417, -89.565999 20.986429, -89.565768 20.986441, -89.565484 20.98645, -89.564031 20.986516, -89.56391 20.986523, -89.563771 20.986531, -89.563172 20.986561, -89.563068 20.986566, -89.563222 20.985532, -89.563225 20.985511, -89.563234 20.985429, -89.563244 20.985365, -89.563409 20.984244, -89.563631 20.98274, -89.563725 20.982105, -89.56376 20.981872)))"
5051,"MULTIPOLYGON (((-89.580201 21.001112, -89.580226 21.001045, -89.580586 21.000369, -89.579877 21.00013, -89.5804 20.999596, -89.580448 20.999548, -89.580876 20.999111, -89.580934 20.999052, -89.581421 20.998569, -89.581491 20.998549, -89.582016 20.998046, -89.582577 20.997482, -89.583099 20.996948, -89.583617 20.996402, -89.584134 20.995879, -89.584411 20.995626, -89.584678 20.996117, -89.584851 20.996484, -89.585977 20.996597, -89.586202 20.996624, -89.586852 20.996667, -89.587132 20.996682, -89.587301 20.996692, -89.587429 20.996695, -89.588418 20.996793, -89.588465 20.996806, -89.588823 20.996837, -89.589402 20.9969, -89.589443 20.996936, -89.590527 20.996987, -89.591225 20.997028, -89.591117 20.997318, -89.590622 20.997304, -89.590543 20.997341, -89.590443 20.997417, -89.590387 20.997465, -89.590334 20.997517, -89.590274 20.997581, -89.59016 20.9977, -89.588847 20.99902, -89.588078 20.999825, -89.587658 21.000253, -89.586201 21.00174, -89.585751 21.002184, -89.585657 21.002277, -89.585002 21.002948, -89.584874 21.003078, -89.584679 21.003278, -89.584633 21.003173, -89.584573 21.003081, -89.584518 21.003009, -89.58437 21.002831, -89.584297 21.002778, -89.583919 21.002601, -89.583226 21.002314, -89.582863 21.002161, -89.582451 21.001987, -89.580201 21.001112)))"
5066,"MULTIPOLYGON (((-89.577075 20.999529, -89.576587 20.999199, -89.576098 20.99885, -89.575779 20.998618, -89.576031 20.998343, -89.576333 20.998079, -89.576595 20.997678, -89.576806 20.997341, -89.576846 20.997275, -89.577159 20.996756, -89.577552 20.996034, -89.577554 20.995952, -89.578483 20.995592, -89.579084 20.995296, -89.579901 20.994925, -89.580187 20.994789, -89.580658 20.994584, -89.58137 20.994212, -89.581631 20.99407, -89.583047 20.993403, -89.583042 20.9933, -89.583122 20.993253, -89.583428 20.993814, -89.583709 20.994338, -89.583909 20.994724, -89.584181 20.995209, -89.584411 20.995626, -89.584134 20.995879, -89.583617 20.996402, -89.583099 20.996948, -89.582577 20.997482, -89.582016 20.998046, -89.581491 20.998549, -89.581421 20.998569, -89.580934 20.999052, -89.580876 20.999111, -89.580448 20.999548, -89.5804 20.999596, -89.579877 21.00013, -89.580586 21.000369, -89.580226 21.001045, -89.580201 21.001112, -89.578527 21.00049, -89.578406 21.000438, -89.577075 20.999529)))"
5070,"MULTIPOLYGON (((-89.650937 20.963503, -89.651302 20.963455, -89.651825 20.963813, -89.652438 20.964201, -89.652458 20.964214, -89.652692 20.964367, -89.653581 20.964937, -89.654503 20.96553, -89.653917 20.966344, -89.653881 20.96639, -89.653273 20.96728, -89.652636 20.968158, -89.652028 20.969001, -89.651603 20.969546, -89.651553 20.969605, -89.651359 20.96982, -89.651206 20.970019, -89.651033 20.970013, -89.650502 20.969997, -89.650386 20.969988, -89.649689 20.969961, -89.649751 20.9691, -89.648996 20.969064, -89.648866 20.968302, -89.648829 20.968089, -89.648735 20.96759, -89.648721 20.967544, -89.648713 20.967471, -89.648572 20.966534, -89.648542 20.966403, -89.648458 20.965494, -89.648448 20.965448, -89.648438 20.965387, -89.648298 20.964573, -89.648236 20.964603, -89.648127 20.963934, -89.64946 20.963715, -89.650221 20.963601, -89.65039 20.963576, -89.650403 20.963575, -89.650675 20.963539, -89.650937 20.963503)))"
5085,"MULTIPOLYGON (((-89.648829 20.969917, -89.648606 20.969905, -89.648396 20.969899, -89.647911 20.969881, -89.64786 20.969853, -89.646997 20.969849, -89.646934 20.969849, -89.646495 20.969842, -89.645652 20.96983, -89.645615 20.96983, -89.644699 20.969817, -89.644103 20.969808, -89.644226 20.968617, -89.644249 20.96839, -89.64414 20.967378, -89.644031 20.966366, -89.643828 20.96465, -89.644474 20.96454, -89.644484 20.964539, -89.645439 20.964382, -89.646404 20.964224, -89.647321 20.964077, -89.648127 20.963934, -89.648236 20.964603, -89.648298 20.964573, -89.648438 20.965387, -89.648448 20.965448, -89.648458 20.965494, -89.648542 20.966403, -89.648572 20.966534, -89.648713 20.967471, -89.648721 20.967544, -89.648735 20.96759, -89.648829 20.968089, -89.648866 20.968302, -89.648996 20.969064, -89.649751 20.9691, -89.649689 20.969961, -89.649632 20.969958, -89.648829 20.969917)))"
509A,"MULTIPOLYGON (((-89.656545 20.985133, -89.656463 20.985083, -89.656431 20.985063, -89.656347 20.985011, -89.65619 20.984916, -89.656096 20.984858, -89.656057 20.984834, -89.655618 20.984563, -89.654886 20.984121, -89.654833 20.984088, -89.654831 20.984086, -89.654762 20.984039, -89.654728 20.984015, -89.654682 20.983984, -89.654796 20.982953, -89.654816 20.98278, -89.654909 20.981956, -89.656266 20.982047, -89.656345 20.982125, -89.656387 20.982208, -89.656424 20.982328, -89.65648 20.98229, -89.657084 20.982657, -89.65884 20.983696, -89.658854 20.983704, -89.658585 20.984087, -89.658598 20.984095, -89.659448 20.984613, -89.66033 20.98515, -89.660956 20.985126, -89.661057 20.985122, -89.662785 20.985059, -89.663486 20.985031, -89.663492 20.98546, -89.663492 20.98591, -89.663418 20.985884, -89.662817 20.985881, -89.662811 20.9859, -89.662827 20.986319, -89.662842 20.986716, -89.662855 20.987054, -89.66285 20.987138, -89.662847 20.987188, -89.662825 20.987264, -89.662632 20.987585, -89.662629 20.987589, -89.662512 20.987758, -89.662368 20.987963, -89.662266 20.988114, -89.662006 20.988487, -89.661993 20.988506, -89.661111 20.987964, -89.661025 20.987913, -89.660701 20.987722, -89.660279 20.987466, -89.660108 20.987362, -89.659281 20.98684, -89.659003 20.986664, -89.658724 20.986488, -89.658518 20.986354, -89.658495 20.986338, -89.658398 20.986272, -89.65837 20.986253, -89.658295 20.986208, -89.658083 20.986077, -89.65794 20.985989, -89.657615 20.985789, -89.657457 20.985692, -89.657423 20.985671, -89.657371 20.985638, -89.657287 20.985589, -89.656888 20.985342, -89.65681 20.985294, -89.656545 20.985133)))"
5102,"MULTIPOLYGON (((-89.65648 20.98229, -89.656424 20.982328, -89.656387 20.982208, -89.656345 20.982125, -89.656266 20.982047, -89.654909 20.981956, -89.654912 20.981922, -89.654951 20.981523, -89.654989 20.981128, -89.655035 20.980691, -89.655081 20.980313, -89.655177 20.979437, -89.655223 20.979083, -89.65528 20.978584, -89.655968 20.978646, -89.656883 20.978723, -89.657202 20.978754, -89.657454 20.978904, -89.658252 20.979381, -89.658393 20.979467, -89.658426 20.979489, -89.658728 20.97966, -89.659017 20.979834, -89.659589 20.980177, -89.659912 20.980377, -89.660652 20.980831, -89.660785 20.980931, -89.661491 20.981376, -89.661494 20.981446, -89.663321 20.981417, -89.663329 20.981924, -89.663354 20.982461, -89.663396 20.982966, -89.663415 20.983524, -89.66344 20.984097, -89.66347 20.984639, -89.663486 20.985031, -89.662785 20.985059, -89.661057 20.985122, -89.660956 20.985126, -89.66033 20.98515, -89.659448 20.984613, -89.658598 20.984095, -89.658585 20.984087, -89.658854 20.983704, -89.65884 20.983696, -89.657084 20.982657, -89.65648 20.98229)))"
5117,"MULTIPOLYGON (((-89.622729 20.92075, -89.622971 20.91991, -89.62326 20.918939, -89.623303 20.91894, -89.623565 20.918068, -89.624706 20.918102, -89.624942 20.918109, -89.625705 20.918131, -89.625112 20.917141, -89.624598 20.916284, -89.624044 20.91536, -89.625007 20.915413, -89.626159 20.915476, -89.62619 20.915478, -89.627195 20.915569, -89.62772 20.915638, -89.629192 20.915805, -89.629592 20.915855, -89.629603 20.915856, -89.629567 20.915933, -89.62954 20.916008, -89.62947 20.916234, -89.629343 20.916632, -89.629289 20.916764, -89.629253 20.916851, -89.629239 20.916887, -89.629146 20.917179, -89.629099 20.91734, -89.628908 20.917988, -89.628858 20.91817, -89.628845 20.91822, -89.628793 20.918389, -89.628545 20.919233, -89.628534 20.919275, -89.628521 20.91932, -89.628485 20.919433, -89.628414 20.919739, -89.628392 20.919911, -89.628374 20.920055, -89.628347 20.920392, -89.628404 20.92039, -89.629882 20.920727, -89.630578 20.9209, -89.630496 20.921427, -89.630422 20.921875, -89.630366 20.92232, -89.630364 20.92234, -89.630304 20.922788, -89.629615 20.922597, -89.629626 20.922507, -89.629026 20.922356, -89.628996 20.922348, -89.627904 20.922071, -89.626851 20.921799, -89.626819 20.921791, -89.625807 20.921532, -89.624781 20.921271, -89.623769 20.921014, -89.623721 20.921002, -89.622729 20.92075)))"
5121,"MULTIPOLYGON (((-89.618386 20.91294, -89.619193 20.912338, -89.619212 20.912324, -89.619251 20.912296, -89.61947 20.912131, -89.620291 20.911522, -89.62033 20.911619, -89.620474 20.911969, -89.620632 20.91242, -89.620728 20.912695, -89.620766 20.912797, -89.620879 20.913125, -89.620963 20.913396, -89.621032 20.91367, -89.621098 20.914027, -89.621112 20.914151, -89.621151 20.914802, -89.621137 20.915095, -89.621135 20.915135, -89.621133 20.915171, -89.621892 20.915215, -89.622276 20.915237, -89.622683 20.915275, -89.622884 20.915294, -89.623049 20.91531, -89.624044 20.91536, -89.624598 20.916284, -89.625112 20.917141, -89.625705 20.918131, -89.624942 20.918109, -89.624706 20.918102, -89.623565 20.918068, -89.623303 20.91894, -89.62326 20.918939, -89.622971 20.91991, -89.622729 20.92075, -89.622342 20.920652, -89.622359 20.920468, -89.62083 20.920587, -89.620713 20.920593, -89.619557 20.920628, -89.618401 20.920662, -89.618394 20.919659, -89.61839 20.919374, -89.618384 20.918964, -89.618379 20.918665, -89.618377 20.918511, -89.618371 20.918057, -89.618364 20.917577, -89.619301 20.917412, -89.619357 20.917423, -89.619356 20.916599, -89.619339 20.916596, -89.619322 20.916594, -89.619347 20.915729, -89.619349 20.915059, -89.618359 20.915016, -89.618358 20.914633, -89.618368 20.913815, -89.618386 20.913443, -89.618386 20.91294)))"
5136,"MULTIPOLYGON (((-89.610978 20.92236, -89.610902 20.922015, -89.610812 20.921709, -89.610773 20.921575, -89.610633 20.921142, -89.610583 20.920998, -89.610619 20.92094, -89.611269 20.920422, -89.611637 20.920135, -89.612029 20.919824, -89.61224 20.919667, -89.612398 20.919873, -89.61257 20.919761, -89.614088 20.918553, -89.615118 20.917754, -89.615644 20.917297, -89.616159 20.916861, -89.616165 20.91745, -89.61619 20.917973, -89.616189 20.918063, -89.616185 20.918509, -89.616184 20.918638, -89.61619 20.918979, -89.616198 20.919385, -89.616197 20.919554, -89.616207 20.920463, -89.616219 20.920926, -89.616228 20.921297, -89.61622 20.921379, -89.616221 20.921819, -89.616224 20.922214, -89.616228 20.922648, -89.616227 20.922701, -89.61623 20.923175, -89.616223 20.923674, -89.616224 20.923859, -89.616224 20.924125, -89.616223 20.924566, -89.616222 20.925025, -89.616222 20.925066, -89.616226 20.925583, -89.616231 20.926289, -89.616231 20.926331, -89.616234 20.926765, -89.616237 20.927206, -89.616241 20.927705, -89.615787 20.92771, -89.615405 20.927715, -89.615239 20.927717, -89.614149 20.92773, -89.613915 20.927733, -89.612756 20.927749, -89.61252 20.927752, -89.612384 20.927265, -89.611174 20.927259, -89.61104 20.926759, -89.610916 20.926293, -89.610791 20.925825, -89.610691 20.925455, -89.610636 20.925244, -89.611708 20.924988, -89.611609 20.924658, -89.611557 20.924464, -89.61152 20.924328, -89.611492 20.924223, -89.611377 20.923789, -89.611339 20.92367, -89.611254 20.923345, -89.611155 20.923003, -89.611121 20.922896, -89.61101 20.92245, -89.610978 20.92236)))"
5140,"MULTIPOLYGON (((-89.605756 20.922255, -89.606652 20.921601, -89.607538 20.920953, -89.608425 20.920306, -89.609389 20.919592, -89.609443 20.919657, -89.609615 20.919861, -89.609956 20.920261, -89.610393 20.920775, -89.610583 20.920998, -89.610633 20.921142, -89.610773 20.921575, -89.610812 20.921709, -89.610902 20.922015, -89.610978 20.92236, -89.61101 20.92245, -89.611121 20.922896, -89.611155 20.923003, -89.611254 20.923345, -89.611339 20.92367, -89.611377 20.923789, -89.611492 20.924223, -89.61152 20.924328, -89.611557 20.924464, -89.611609 20.924658, -89.611708 20.924988, -89.610636 20.925244, -89.610691 20.925455, -89.610791 20.925825, -89.610916 20.926293, -89.61104 20.926759, -89.611174 20.927259, -89.612384 20.927265, -89.61252 20.927752, -89.611481 20.927766, -89.611198 20.92777, -89.611123 20.927771, -89.609863 20.927792, -89.608552 20.927814, -89.607693 20.927828, -89.607673 20.927757, -89.607547 20.927311, -89.6075 20.927143, -89.607368 20.926675, -89.60726 20.926316, -89.6072 20.926087, -89.607014 20.925436, -89.607002 20.925395, -89.606822 20.92477, -89.606643 20.924147, -89.606634 20.924125, -89.606533 20.923861, -89.606513 20.92381, -89.606248 20.923165, -89.605951 20.922567, -89.605756 20.922255)))"
5155,"MULTIPOLYGON (((-89.636928 20.918852, -89.635824 20.918699, -89.634756 20.918551, -89.634245 20.91849, -89.634613 20.917647, -89.634981 20.916805, -89.634418 20.916588, -89.633364 20.916198, -89.633353 20.916194, -89.633389 20.91613, -89.633695 20.91542, -89.633759 20.915282, -89.633778 20.915251, -89.633807 20.915206, -89.633809 20.915202, -89.633909 20.914973, -89.634079 20.9146, -89.634208 20.914343, -89.634346 20.914055, -89.634624 20.913393, -89.634719 20.913177, -89.63475 20.913108, -89.634769 20.913061, -89.635144 20.912165, -89.63516 20.912124, -89.635485 20.911367, -89.635546 20.911223, -89.635586 20.911119, -89.635895 20.910306, -89.635905 20.91031, -89.637058 20.910703, -89.638058 20.911082, -89.639057 20.911431, -89.638618 20.912397, -89.638196 20.913329, -89.638824 20.913576, -89.6398 20.913958, -89.639779 20.913982, -89.640677 20.914055, -89.641768 20.91413, -89.642646 20.914236, -89.643652 20.914348, -89.643722 20.914355, -89.643721 20.914384, -89.643782 20.915352, -89.643822 20.915356, -89.643965 20.916279, -89.642814 20.916144, -89.642538 20.916111, -89.641512 20.915979, -89.640931 20.915904, -89.640552 20.915853, -89.640008 20.915805, -89.639038 20.915691, -89.638645 20.916566, -89.638222 20.917508, -89.638047 20.917874, -89.637935 20.91811, -89.637546 20.918926, -89.636928 20.918852)))"
516A,"MULTIPOLYGON (((-89.642738 20.909335, -89.642583 20.909322, -89.642383 20.909503, -89.642333 20.910143, -89.642932 20.910172, -89.642937 20.910208, -89.643013 20.910767, -89.643106 20.911323, -89.643169 20.911606, -89.64324 20.911904, -89.64333 20.912446, -89.643494 20.913335, -89.643652 20.914348, -89.642646 20.914236, -89.641768 20.91413, -89.640677 20.914055, -89.639779 20.913982, -89.6398 20.913958, -89.638824 20.913576, -89.638196 20.913329, -89.638618 20.912397, -89.639057 20.911431, -89.638058 20.911082, -89.637058 20.910703, -89.635905 20.91031, -89.635895 20.910306, -89.635961 20.910141, -89.636327 20.909191, -89.636573 20.90855, -89.636607 20.908458, -89.636689 20.908247, -89.637025 20.907394, -89.637341 20.906587, -89.637404 20.906427, -89.637414 20.906403, -89.637437 20.906347, -89.637462 20.906285, -89.637501 20.906187, -89.637823 20.905389, -89.638187 20.904493, -89.638557 20.903557, -89.638585 20.903486, -89.638595 20.903462, -89.638626 20.903381, -89.638656 20.903305, -89.639119 20.902136, -89.639165 20.902016, -89.639304 20.90166, -89.639314 20.9016, -89.639338 20.901442, -89.639301 20.901278, -89.639276 20.901242, -89.639213 20.901155, -89.639175 20.9011, -89.639131 20.901039, -89.639061 20.90094, -89.63898 20.900827, -89.639021 20.900805, -89.639135 20.900745, -89.63954 20.90053, -89.639915 20.900331, -89.640734 20.899922, -89.641136 20.899716, -89.64117 20.899916, -89.641031 20.900144, -89.642052 20.902336, -89.642717 20.90383, -89.641786 20.903521, -89.641872 20.90402, -89.642646 20.908443, -89.642722 20.908505, -89.642783 20.908558, -89.64275 20.909003, -89.642738 20.909335)))"
5174,"MULTIPOLYGON (((-89.564024 21.017168, -89.56368 21.015718, -89.56337 21.014494, -89.56327 21.014059, -89.563348 21.014042, -89.563467 21.014015, -89.563517 21.014004, -89.563599 21.013987, -89.56469 21.013761, -89.565298 21.013634, -89.565175 21.013109, -89.56664 21.012796, -89.568048 21.012491, -89.568069 21.012571, -89.569081 21.012891, -89.570219 21.013236, -89.56994 21.013711, -89.569925 21.013736, -89.569656 21.014186, -89.569368 21.014669, -89.569091 21.015142, -89.56901 21.015282, -89.568816 21.015619, -89.568773 21.015695, -89.568534 21.016109, -89.568376 21.016366, -89.568243 21.016582, -89.567958 21.017051, -89.567813 21.017291, -89.567805 21.017303, -89.567693 21.017088, -89.567691 21.017082, -89.567678 21.017048, -89.5676 21.017066, -89.567742 21.017606, -89.566324 21.017905, -89.566335 21.017951, -89.566453 21.018434, -89.566584 21.018967, -89.566697 21.019486, -89.566739 21.019585, -89.56678 21.019645, -89.567237 21.020027, -89.567634 21.020343, -89.567567 21.020419, -89.56741 21.020578, -89.567006 21.020988, -89.566956 21.021038, -89.566644 21.021353, -89.566587 21.02141, -89.566424 21.02157, -89.566344 21.021649, -89.56626 21.021732, -89.566013 21.021463, -89.565796 21.021227, -89.56562 21.021034, -89.565308 21.020678, -89.565181 21.020498, -89.564778 21.019836, -89.564615 21.019384, -89.564324 21.018401, -89.564024 21.017168)))"
5189,"MULTIPOLYGON (((-89.562833 21.012251, -89.562384 21.010548, -89.562348 21.01041, -89.562325 21.010248, -89.562301 21.010145, -89.562239 21.009881, -89.562221 21.009803, -89.562078 21.00919, -89.562084 21.00919, -89.562155 21.009191, -89.562268 21.009193, -89.562364 21.009194, -89.562409 21.009194, -89.562595 21.009194, -89.562934 21.009194, -89.563392 21.009197, -89.56389 21.009194, -89.564484 21.009195, -89.564969 21.009196, -89.565459 21.009197, -89.566317 21.009199, -89.566624 21.008527, -89.567318 21.008931, -89.567436 21.008999, -89.568281 21.00949, -89.569179 21.010011, -89.569246 21.010049, -89.570208 21.010584, -89.570256 21.010611, -89.571199 21.011131, -89.571202 21.011133, -89.571197 21.011148, -89.571175 21.0112, -89.571166 21.011238, -89.571209 21.011389, -89.57146 21.011598, -89.571481 21.011614, -89.571656 21.011755, -89.572556 21.012482, -89.572485 21.012548, -89.5721 21.013047, -89.572036 21.013136, -89.5718 21.013525, -89.57165 21.013777, -89.571595 21.013869, -89.571557 21.013934, -89.570384 21.013315, -89.570219 21.013236, -89.569081 21.012891, -89.568069 21.012571, -89.568048 21.012491, -89.56664 21.012796, -89.565175 21.013109, -89.565298 21.013634, -89.56469 21.013761, -89.563599 21.013987, -89.563517 21.014004, -89.563467 21.014015, -89.563348 21.014042, -89.56327 21.014059, -89.562833 21.012251)))"
5210,"MULTIPOLYGON (((-89.611928 20.989178, -89.611782 20.988863, -89.611635 20.988455, -89.611628 20.988436, -89.611608 20.988381, -89.611547 20.987975, -89.611515 20.987657, -89.611461 20.987147, -89.611433 20.986809, -89.61173 20.985619, -89.612028 20.984431, -89.612127 20.984023, -89.612318 20.983275, -89.612346 20.983166, -89.6125 20.982565, -89.612611 20.982153, -89.612642 20.982022, -89.612651 20.981986, -89.613401 20.982065, -89.614591 20.982191, -89.61543 20.982319, -89.615501 20.98233, -89.616166 20.982426, -89.616199 20.98243, -89.617462 20.982632, -89.617509 20.982643, -89.618142 20.982787, -89.618147 20.982788, -89.618141 20.982819, -89.617953 20.983825, -89.617775 20.984773, -89.617625 20.985575, -89.61759 20.98576, -89.617589 20.985765, -89.617571 20.985861, -89.617555 20.985942, -89.617543 20.98601, -89.6175 20.986249, -89.617496 20.98627, -89.617218 20.987725, -89.617151 20.988076, -89.616984 20.988947, -89.616913 20.989316, -89.616891 20.989433, -89.616884 20.989433, -89.616859 20.989433, -89.616835 20.989436, -89.616812 20.989441, -89.616788 20.989448, -89.616766 20.989458, -89.616746 20.98947, -89.616726 20.989484, -89.616708 20.989499, -89.616692 20.989516, -89.616678 20.989535, -89.616666 20.989555, -89.616657 20.989576, -89.61665 20.989598, -89.616645 20.98962, -89.616643 20.989643, -89.616644 20.989671, -89.616646 20.989689, -89.616649 20.9897, -89.616655 20.989722, -89.616664 20.989743, -89.616676 20.989763, -89.616689 20.989782, -89.616697 20.989791, -89.616705 20.9898, -89.616714 20.989808, -89.616723 20.989816, -89.616732 20.989823, -89.616742 20.98983, -89.616752 20.989836, -89.616762 20.989842, -89.616773 20.989847, -89.616784 20.989852, -89.616796 20.989856, -89.61681 20.989861, -89.616783 20.99001, -89.616737 20.990266, -89.61671 20.990404, -89.616665 20.990563, -89.616506 20.991898, -89.616512 20.99298, -89.616512 20.993039, -89.61622 20.992813, -89.614626 20.99164, -89.614613 20.99163, -89.612927 20.990369, -89.61288 20.99033, -89.612643 20.990108, -89.612428 20.989876, -89.612126 20.989486, -89.611928 20.989178)))"
5225,"MULTIPOLYGON (((-89.614664 20.97426, -89.61578 20.974465, -89.616026 20.974508, -89.616863 20.974658, -89.617353 20.974744, -89.618923 20.975005, -89.619555 20.975104, -89.619545 20.975173, -89.619535 20.975177, -89.619526 20.975183, -89.619517 20.975189, -89.619509 20.975196, -89.619502 20.975203, -89.619496 20.975211, -89.619491 20.97522, -89.619487 20.97523, -89.619484 20.975239, -89.619481 20.975249, -89.619481 20.975259, -89.619481 20.97527, -89.619482 20.975279, -89.619484 20.975289, -89.619488 20.975299, -89.619492 20.975308, -89.619498 20.975317, -89.619504 20.975325, -89.619512 20.975332, -89.61952 20.975339, -89.619529 20.975345, -89.619538 20.97535, -89.619548 20.975353, -89.619524 20.975449, -89.619507 20.975514, -89.619501 20.975568, -89.619432 20.975936, -89.619354 20.976353, -89.619348 20.976382, -89.619201 20.977164, -89.61913 20.977534, -89.619116 20.977609, -89.619017 20.978133, -89.618889 20.97881, -89.618798 20.97929, -89.618636 20.980146, -89.618502 20.980849, -89.618441 20.981168, -89.618441 20.981176, -89.618412 20.981374, -89.618406 20.981407, -89.618401 20.981435, -89.618394 20.981462, -89.618393 20.981467, -89.618353 20.981686, -89.618147 20.982788, -89.618142 20.982787, -89.617509 20.982643, -89.617462 20.982632, -89.616199 20.98243, -89.616166 20.982426, -89.615501 20.98233, -89.61543 20.982319, -89.614591 20.982191, -89.613401 20.982065, -89.612651 20.981986, -89.612727 20.981684, -89.612761 20.981536, -89.612886 20.981041, -89.613011 20.980546, -89.6133 20.979402, -89.613411 20.978961, -89.613648 20.978029, -89.613977 20.976734, -89.613994 20.976674, -89.614003 20.97664, -89.614335 20.975428, -89.614664 20.97426)))"
523A,"MULTIPOLYGON (((-89.602995 21.005721, -89.602959 21.005785, -89.602468 21.00666, -89.602456 21.006624, -89.602009 21.006438, -89.601517 21.006243, -89.601741 21.005555, -89.601763 21.005424, -89.601804 21.005187, -89.601193 21.005085, -89.60129 21.004527, -89.601392 21.003926, -89.600206 21.003713, -89.600296 21.003194, -89.601219 21.003335, -89.601375 21.002487, -89.601541 21.001677, -89.601673 21.000915, -89.601698 21.000837, -89.601751 21.000845, -89.602523 21.000974, -89.602581 21.000984, -89.60266 21.000997, -89.603426 21.001124, -89.603479 21.001133, -89.603545 21.001144, -89.604383 21.001283, -89.604948 21.001377, -89.604998 21.001385, -89.605165 21.001413, -89.605248 21.001427, -89.605362 21.001447, -89.606112 21.001571, -89.606166 21.00158, -89.605998 21.00243, -89.605836 21.003237, -89.605794 21.003517, -89.605756 21.003709, -89.605719 21.003916, -89.605688 21.004082, -89.605625 21.00456, -89.605499 21.004997, -89.605308 21.005438, -89.606124 21.00574, -89.606076 21.00584, -89.606012 21.005952, -89.605882 21.00618, -89.60561 21.006659, -89.605034 21.007648, -89.604204 21.007309, -89.603393 21.006996, -89.603414 21.006959, -89.603899 21.006113, -89.603931 21.006057, -89.602995 21.005721)))"
5244,"MULTIPOLYGON (((-89.602437 20.997063, -89.602335 20.996998, -89.602619 20.996945, -89.602695 20.99693, -89.603447 20.99679, -89.603482 20.996783, -89.603755 20.996735, -89.603881 20.996733, -89.604246 20.996756, -89.604335 20.996763, -89.604356 20.996767, -89.604392 20.996772, -89.605146 20.996906, -89.60523 20.99692, -89.605331 20.996938, -89.605343 20.99694, -89.605776 20.997015, -89.606014 20.997057, -89.606012 20.997069, -89.606012 20.997084, -89.606014 20.997092, -89.606016 20.9971, -89.60602 20.997107, -89.606023 20.997115, -89.606028 20.997121, -89.606034 20.997127, -89.60604 20.997133, -89.606047 20.997138, -89.606054 20.997142, -89.606062 20.997146, -89.606066 20.997147, -89.606074 20.997149, -89.606082 20.997151, -89.606091 20.997152, -89.606099 20.997152, -89.606108 20.997151, -89.606116 20.997149, -89.606124 20.997146, -89.606132 20.997143, -89.606139 20.997139, -89.606146 20.997134, -89.606152 20.997128, -89.606158 20.997122, -89.606163 20.997116, -89.606167 20.997109, -89.60617 20.997101, -89.606173 20.997094, -89.606175 20.997082, -89.606297 20.997102, -89.60654 20.99714, -89.606992 20.997216, -89.60699 20.997226, -89.606822 20.998113, -89.606648 20.999021, -89.606572 20.999407, -89.606483 20.999857, -89.606326 21.000685, -89.606166 21.00158, -89.606112 21.001571, -89.605362 21.001447, -89.605248 21.001427, -89.605165 21.001413, -89.604998 21.001385, -89.604948 21.001377, -89.604383 21.001283, -89.603545 21.001144, -89.603479 21.001133, -89.603426 21.001124, -89.60266 21.000997, -89.602581 21.000984, -89.602523 21.000974, -89.601751 21.000845, -89.601698 21.000837, -89.601711 21.000797, -89.601722 21.000765, -89.601871 20.999974, -89.601876 20.999937, -89.602024 20.999127, -89.60215 20.998483, -89.602174 20.998306, -89.602177 20.998244, -89.602357 20.997282, -89.602437 20.997063)))"
5259,"MULTIPOLYGON (((-89.591375 21.001479, -89.5914 21.001462, -89.593131 21.000209, -89.594243 20.999369, -89.596018 20.997993, -89.596289 20.997792, -89.596294 20.997788, -89.596298 20.997784, -89.59655 20.997565, -89.596604 20.997514, -89.596945 20.997195, -89.597789 20.996548, -89.597841 20.996507, -89.597774 20.996459, -89.597807 20.996437, -89.598373 20.996016, -89.598451 20.995959, -89.598512 20.995915, -89.598684 20.995792, -89.599136 20.995468, -89.599258 20.99538, -89.599304 20.995348, -89.599345 20.995318, -89.599618 20.995123, -89.600062 20.994804, -89.600095 20.994777, -89.600175 20.99471, -89.600283 20.99481, -89.600299 20.994827, -89.600563 20.995143, -89.600742 20.995359, -89.600968 20.995633, -89.601025 20.995699, -89.600982 20.995745, -89.60101 20.995856, -89.601033 20.995941, -89.601064 20.996028, -89.601108 20.996106, -89.601179 20.996192, -89.601219 20.996219, -89.601887 20.996679, -89.602269 20.996951, -89.602335 20.996998, -89.602437 20.997063, -89.602357 20.997282, -89.601776 20.997928, -89.601755 20.997951, -89.601013 20.998779, -89.600863 20.998946, -89.600704 20.999122, -89.600214 20.999679, -89.600082 20.999892, -89.599721 21.000464, -89.599177 21.001281, -89.59866 21.002082, -89.598209 21.001998, -89.598069 21.001972, -89.597098 21.001806, -89.596261 21.001665, -89.596105 21.001731, -89.595885 21.001759, -89.59574 21.001779, -89.595593 21.001812, -89.595468 21.001849, -89.595286 21.001917, -89.594828 21.002095, -89.594773 21.002116, -89.594561 21.002257, -89.594386 21.00241, -89.5937 21.003012, -89.593677 21.003032, -89.593621 21.003086, -89.593516 21.00318, -89.59325 21.003418, -89.593237 21.003405, -89.592885 21.003044, -89.592492 21.002641, -89.591898 21.002031, -89.591375 21.001479)))"
5263,"MULTIPOLYGON (((-89.601887 20.996679, -89.601219 20.996219, -89.601179 20.996192, -89.601108 20.996106, -89.601064 20.996028, -89.601033 20.995941, -89.60101 20.995856, -89.600982 20.995745, -89.601025 20.995699, -89.600968 20.995633, -89.600742 20.995359, -89.600563 20.995143, -89.600299 20.994827, -89.600283 20.99481, -89.600175 20.99471, -89.600264 20.994647, -89.600493 20.994477, -89.601001 20.994112, -89.601006 20.99411, -89.601093 20.994056, -89.601178 20.994002, -89.601183 20.994, -89.60144 20.993817, -89.601819 20.993547, -89.602047 20.993385, -89.602112 20.993338, -89.602207 20.993271, -89.602552 20.993024, -89.60283 20.992826, -89.602845 20.992815, -89.602889 20.992784, -89.603483 20.992351, -89.603639 20.99224, -89.60372 20.99219, -89.603745 20.992172, -89.604354 20.991728, -89.60474 20.99145, -89.605304 20.991038, -89.605331 20.991017, -89.605389 20.990977, -89.605429 20.990948, -89.605993 20.990514, -89.606821 20.989873, -89.606829 20.989868, -89.607008 20.989766, -89.60708 20.989732, -89.60837 20.99029, -89.607953 20.991647, -89.607635 20.992606, -89.607373 20.993394, -89.607219 20.993661, -89.606794 20.994403, -89.606297 20.995315, -89.606232 20.995433, -89.605678 20.996378, -89.605636 20.996386, -89.605331 20.996938, -89.60523 20.99692, -89.605146 20.996906, -89.604392 20.996772, -89.604356 20.996767, -89.604335 20.996763, -89.604246 20.996756, -89.603881 20.996733, -89.603755 20.996735, -89.603482 20.996783, -89.603447 20.99679, -89.602695 20.99693, -89.602619 20.996945, -89.602335 20.996998, -89.602269 20.996951, -89.601887 20.996679)))"
5278,"MULTIPOLYGON (((-89.60006 20.973582, -89.599811 20.973712, -89.59942 20.973906, -89.59941 20.973911, -89.599336 20.974029, -89.599334 20.974052, -89.599323 20.974181, -89.599299 20.974143, -89.599281 20.974112, -89.599241 20.974046, -89.599228 20.974034, -89.599169 20.973972, -89.599094 20.973897, -89.599025 20.973798, -89.598909 20.973528, -89.598792 20.973111, -89.598674 20.972624, -89.598587 20.97233, -89.598566 20.972258, -89.59841 20.971741, -89.598333 20.971488, -89.59826 20.971251, -89.598107 20.970737, -89.598438 20.970587, -89.598517 20.970553, -89.59929 20.970182, -89.600095 20.969812, -89.600899 20.969415, -89.601755 20.96901, -89.601806 20.969101, -89.602123 20.969703, -89.602339 20.970114, -89.602412 20.970258, -89.602529 20.970492, -89.602912 20.971267, -89.603313 20.972072, -89.604365 20.971665, -89.604646 20.972976, -89.604253 20.973153, -89.603699 20.973387, -89.603158 20.973617, -89.603262 20.973819, -89.60337 20.974041, -89.60254 20.974167, -89.602448 20.974183, -89.602391 20.974208, -89.602282 20.974255, -89.601651 20.974599, -89.601612 20.974619, -89.60155 20.974652, -89.600911 20.97517, -89.600483 20.974359, -89.600135 20.973723, -89.60006 20.973582)))"
5282,"MULTIPOLYGON (((-89.597718 20.969429, -89.597568 20.96895, -89.597417 20.968485, -89.596996 20.968555, -89.59695 20.968407, -89.5963 20.968501, -89.596344 20.96814, -89.596393 20.967713, -89.596466 20.967091, -89.596505 20.966642, -89.596516 20.966527, -89.596546 20.96617, -89.596558 20.966029, -89.596587 20.96548, -89.596606 20.965482, -89.597677 20.96555, -89.598168 20.965582, -89.598724 20.965615, -89.598754 20.965617, -89.599714 20.96568, -89.599743 20.965682, -89.600635 20.965749, -89.600658 20.96575, -89.601431 20.965795, -89.601359 20.966826, -89.601363 20.966887, -89.601361 20.966958, -89.601314 20.967505, -89.601259 20.968151, -89.601413 20.968424, -89.601526 20.96863, -89.601755 20.96901, -89.600899 20.969415, -89.600095 20.969812, -89.59929 20.970182, -89.598517 20.970553, -89.598438 20.970587, -89.598107 20.970737, -89.597986 20.970324, -89.597837 20.969815, -89.597718 20.969429)))"
5297,"MULTIPOLYGON (((-89.59103 20.973813, -89.590997 20.973602, -89.590972 20.973439, -89.590986 20.97312, -89.591009 20.972611, -89.591034 20.972129, -89.591074 20.971392, -89.592232 20.971202, -89.593468 20.971004, -89.594503 20.970839, -89.595833 20.970619, -89.59692 20.970469, -89.597986 20.970324, -89.598107 20.970737, -89.59826 20.971251, -89.598333 20.971488, -89.59841 20.971741, -89.598566 20.972258, -89.598587 20.97233, -89.598674 20.972624, -89.598792 20.973111, -89.598909 20.973528, -89.599025 20.973798, -89.599094 20.973897, -89.599169 20.973972, -89.599228 20.974034, -89.599241 20.974046, -89.599281 20.974112, -89.599299 20.974143, -89.599323 20.974181, -89.599334 20.974052, -89.599336 20.974029, -89.59941 20.973911, -89.59942 20.973906, -89.599811 20.973712, -89.60006 20.973582, -89.600135 20.973723, -89.600483 20.974359, -89.600911 20.97517, -89.600236 20.975751, -89.600066 20.9759, -89.59945 20.976423, -89.599413 20.976452, -89.599024 20.976758, -89.598905 20.976846, -89.598865 20.976875, -89.598615 20.977082, -89.598445 20.977232, -89.5984 20.977272, -89.597635 20.97791, -89.596097 20.977249, -89.594421 20.976521, -89.593931 20.976283, -89.592777 20.975797, -89.592556 20.975697, -89.592228 20.975521, -89.592068 20.975409, -89.591944 20.975314, -89.591806 20.975189, -89.591658 20.975033, -89.591492 20.974832, -89.591299 20.97455, -89.591247 20.974473, -89.59103 20.973813)))"
530A,"MULTIPOLYGON (((-89.596546 20.96617, -89.596516 20.966527, -89.596505 20.966642, -89.596466 20.967091, -89.596393 20.967713, -89.596344 20.96814, -89.5963 20.968501, -89.59695 20.968407, -89.596996 20.968555, -89.597417 20.968485, -89.597568 20.96895, -89.597718 20.969429, -89.597837 20.969815, -89.597986 20.970324, -89.59692 20.970469, -89.595833 20.970619, -89.594503 20.970839, -89.593468 20.971004, -89.592232 20.971202, -89.591074 20.971392, -89.591106 20.970798, -89.591108 20.970628, -89.591132 20.970323, -89.59114 20.970204, -89.591195 20.969313, -89.591256 20.968239, -89.591303 20.967296, -89.591304 20.967264, -89.591362 20.966369, -89.591433 20.965274, -89.592314 20.965295, -89.593354 20.965322, -89.593404 20.965325, -89.594462 20.965376, -89.59461 20.965383, -89.595513 20.965428, -89.595548 20.96543, -89.596587 20.96548, -89.596558 20.966029, -89.596546 20.96617)))"
5314,"MULTIPOLYGON (((-89.620657 20.944182, -89.620642 20.944104, -89.620491 20.943267, -89.620459 20.943076, -89.620318 20.942382, -89.620248 20.942028, -89.620158 20.941518, -89.620058 20.94096, -89.620798 20.941043, -89.621878 20.941162, -89.622965 20.941283, -89.623324 20.941323, -89.62402 20.941393, -89.625068 20.941498, -89.625616 20.941553, -89.626168 20.941609, -89.627247 20.941718, -89.628341 20.941828, -89.628214 20.942807, -89.627949 20.944448, -89.627756 20.944454, -89.62718 20.944529, -89.626716 20.944587, -89.625806 20.944698, -89.625776 20.944702, -89.624657 20.94484, -89.623546 20.944996, -89.623111 20.945056, -89.622454 20.945138, -89.622108 20.945182, -89.621362 20.945277, -89.620963 20.94533, -89.620919 20.945334, -89.620657 20.944182)))"
5329,"MULTIPOLYGON (((-89.628822 20.937967, -89.628728 20.93875, -89.628677 20.939222, -89.628614 20.939754, -89.628565 20.940191, -89.628487 20.94079, -89.628378 20.941599, -89.628341 20.941828, -89.627247 20.941718, -89.626168 20.941609, -89.625616 20.941553, -89.625068 20.941498, -89.62402 20.941393, -89.623324 20.941323, -89.622965 20.941283, -89.621878 20.941162, -89.620798 20.941043, -89.620058 20.94096, -89.61999 20.940575, -89.619874 20.939899, -89.619863 20.939835, -89.619697 20.938864, -89.619689 20.938818, -89.619562 20.938115, -89.619651 20.938115, -89.619686 20.938115, -89.620108 20.938114, -89.621184 20.938106, -89.621352 20.938105, -89.621979 20.938101, -89.622228 20.9381, -89.622676 20.938098, -89.622693 20.938098, -89.622878 20.938052, -89.623396 20.938045, -89.624441 20.93803, -89.624494 20.938029, -89.625535 20.938014, -89.626618 20.937999, -89.626653 20.937998, -89.627731 20.937983, -89.628822 20.937967)))"
5333,"MULTIPOLYGON (((-89.634384 20.934054, -89.637271 20.934798, -89.638284 20.935049, -89.639272 20.935302, -89.640323 20.935581, -89.6414 20.935858, -89.641462 20.935862, -89.642682 20.936167, -89.642729 20.936189, -89.645134 20.936796, -89.645323 20.936825, -89.644608 20.937865, -89.643888 20.937849, -89.643345 20.937838, -89.642631 20.937839, -89.64226 20.937845, -89.64139 20.937855, -89.641215 20.937856, -89.640109 20.937868, -89.639935 20.937869, -89.638967 20.93788, -89.637926 20.937888, -89.636896 20.937902, -89.635775 20.937915, -89.635705 20.937915, -89.634833 20.937919, -89.634914 20.937213, -89.635032 20.936291, -89.635039 20.936237, -89.635147 20.935377, -89.635239 20.934704, -89.634331 20.934548, -89.634384 20.934054)))"
5348,"MULTIPOLYGON (((-89.629372 20.932722, -89.62946 20.932756, -89.629475 20.932771, -89.630449 20.933021, -89.631802 20.933376, -89.633131 20.933719, -89.634384 20.934054, -89.634331 20.934548, -89.635239 20.934704, -89.635147 20.935377, -89.635039 20.936237, -89.635032 20.936291, -89.634914 20.937213, -89.634833 20.937919, -89.633928 20.937924, -89.633912 20.937924, -89.63259 20.937931, -89.631269 20.937939, -89.631218 20.937939, -89.629867 20.937947, -89.629824 20.937948, -89.628822 20.937967, -89.628977 20.93657, -89.62907 20.935629, -89.629094 20.935384, -89.629161 20.934723, -89.629296 20.933513, -89.629372 20.932722)))"
5386,"MULTIPOLYGON (((-89.673977 20.9323, -89.675226 20.931645, -89.676761 20.93082, -89.676848 20.930774, -89.676878 20.930758, -89.67825 20.930029, -89.678367 20.929967, -89.678373 20.929963, -89.678542 20.929873, -89.679413 20.929417, -89.679699 20.929267, -89.680283 20.928961, -89.680342 20.928931, -89.681154 20.928505, -89.6815 20.928324, -89.681617 20.928263, -89.681723 20.928207, -89.682024 20.928049, -89.682895 20.927593, -89.683096 20.927484, -89.683172 20.927442, -89.68322 20.927417, -89.683226 20.927413, -89.683253 20.927399, -89.684346 20.926807, -89.685 20.926453, -89.685305 20.926288, -89.685364 20.926259, -89.686329 20.925776, -89.686613 20.925633, -89.687354 20.925264, -89.688326 20.924659, -89.688446 20.924601, -89.688497 20.924686, -89.688556 20.924782, -89.688607 20.924868, -89.688724 20.925063, -89.688824 20.925229, -89.688847 20.925268, -89.689025 20.925564, -89.68906 20.925623, -89.689079 20.925655, -89.689504 20.926362, -89.6903 20.927689, -89.690162 20.927883, -89.690142 20.927898, -89.689333 20.928481, -89.688959 20.928751, -89.688596 20.929013, -89.688499 20.929084, -89.688277 20.929244, -89.688246 20.929266, -89.687905 20.929512, -89.687503 20.929802, -89.687203 20.930019, -89.686827 20.930289, -89.686452 20.93056, -89.686137 20.930787, -89.685771 20.931051, -89.685654 20.931135, -89.685431 20.931297, -89.685378 20.931335, -89.68505 20.931572, -89.684699 20.931825, -89.684335 20.932088, -89.683951 20.932365, -89.68354 20.932661, -89.683372 20.932782, -89.683182 20.932919, -89.682898 20.93313, -89.682602 20.933349, -89.682499 20.933426, -89.682139 20.933694, -89.681766 20.933971, -89.681414 20.934232, -89.681373 20.934262, -89.68103 20.934517, -89.680917 20.934601, -89.680773 20.934708, -89.680605 20.934829, -89.679286 20.935812, -89.678915 20.936088, -89.6781 20.936693, -89.677285 20.937298, -89.676647 20.936743, -89.676603 20.936669, -89.676197 20.935992, -89.67613 20.93588, -89.675631 20.935051, -89.675375 20.934625, -89.675127 20.934215, -89.675061 20.934103, -89.674621 20.933371, -89.674574 20.933294, -89.674546 20.933246, -89.674229 20.932719, -89.674033 20.932393, -89.673989 20.93232, -89.673977 20.9323)))"
5390,"MULTIPOLYGON (((-89.656177 20.944698, -89.656263 20.944631, -89.657286 20.943978, -89.65848 20.943216, -89.659332 20.942672, -89.660217 20.942106, -89.660919 20.941657, -89.661019 20.941594, -89.661821 20.941081, -89.662623 20.940569, -89.663425 20.940057, -89.663599 20.939946, -89.664469 20.93939, -89.665338 20.938835, -89.666208 20.938279, -89.667078 20.937724, -89.66752 20.937444, -89.667735 20.937315, -89.668093 20.937101, -89.668995 20.936509, -89.66993 20.935948, -89.670425 20.93565, -89.670915 20.935213, -89.671285 20.934883, -89.671293 20.934875, -89.671666 20.934408, -89.672377 20.933525, -89.672902 20.932978, -89.673166 20.932777, -89.673405 20.932595, -89.673524 20.932534, -89.673977 20.9323, -89.673989 20.93232, -89.674033 20.932393, -89.674229 20.932719, -89.674546 20.933246, -89.674574 20.933294, -89.674621 20.933371, -89.675061 20.934103, -89.675127 20.934215, -89.675375 20.934625, -89.675631 20.935051, -89.67613 20.93588, -89.676197 20.935992, -89.676603 20.936669, -89.676647 20.936743, -89.677285 20.937298, -89.679426 20.938328, -89.678169 20.939242, -89.678024 20.93927, -89.677768 20.939206, -89.676207 20.938736, -89.675591 20.938553, -89.674979 20.939007, -89.67421 20.939577, -89.673441 20.940147, -89.672672 20.940717, -89.672271 20.941014, -89.671903 20.941286, -89.671134 20.941856, -89.670366 20.942426, -89.669597 20.942996, -89.668828 20.943566, -89.668059 20.944135, -89.66729 20.944705, -89.666521 20.945275, -89.665753 20.945845, -89.664984 20.946415, -89.664215 20.946984, -89.663446 20.947554, -89.663352 20.947622, -89.663242 20.947377, -89.662884 20.947164, -89.661493 20.946451, -89.659977 20.945872, -89.659749 20.945774, -89.658488 20.945188, -89.657789 20.945055, -89.656991 20.944888, -89.656195 20.944702, -89.656177 20.944698)))"
5418,"MULTIPOLYGON (((-89.579512 21.028605, -89.579029 21.028437, -89.578423 21.02919, -89.577913 21.029007, -89.578498 21.028225, -89.577937 21.027997, -89.577816 21.028149, -89.577601 21.028435, -89.57722 21.02893, -89.576523 21.029843, -89.576352 21.030061, -89.576345 21.030069, -89.575852 21.02988, -89.575037 21.029564, -89.574566 21.029322, -89.574316 21.029193, -89.573968 21.028973, -89.573299 21.028426, -89.572817 21.027987, -89.572432 21.02764, -89.571903 21.027163, -89.571847 21.027107, -89.571784 21.027043, -89.571704 21.026964, -89.571789 21.026897, -89.571893 21.026816, -89.57192 21.026794, -89.571926 21.026789, -89.572073 21.02667, -89.572185 21.026571, -89.572234 21.026526, -89.572531 21.02625, -89.572559 21.026225, -89.572593 21.026192, -89.572653 21.026137, -89.572936 21.025875, -89.573282 21.025553, -89.573624 21.025243, -89.57396 21.024926, -89.574017 21.024873, -89.574087 21.024807, -89.5744 21.024512, -89.574453 21.024463, -89.574717 21.024218, -89.574752 21.024184, -89.575089 21.023871, -89.575455 21.02353, -89.575556 21.023436, -89.575645 21.023522, -89.576429 21.024289, -89.57649 21.024348, -89.576549 21.024406, -89.577322 21.025154, -89.57734 21.025172, -89.577369 21.025207, -89.577414 21.025252, -89.577584 21.025417, -89.577628 21.025459, -89.577652 21.025479, -89.578147 21.025885, -89.578171 21.025903, -89.57825 21.025962, -89.578977 21.026534, -89.579003 21.026553, -89.579044 21.026582, -89.579087 21.026619, -89.579224 21.026733, -89.579291 21.026823, -89.579352 21.026933, -89.5794 21.027074, -89.57948 21.027221, -89.579548 21.02731, -89.579686 21.027429, -89.579775 21.02748, -89.580001 21.027566, -89.580005 21.027557, -89.58025 21.02702, -89.580469 21.026545, -89.581935 21.027096, -89.58343 21.027668, -89.585045 21.028283, -89.584839 21.028768, -89.584691 21.029114, -89.584632 21.029253, -89.58459 21.029277, -89.5845 21.029277, -89.584415 21.029245, -89.583019 21.02872, -89.582963 21.028699, -89.582688 21.029267, -89.58247 21.029734, -89.582251 21.030205, -89.582023 21.030694, -89.58055 21.030119, -89.580762 21.029641, -89.579248 21.029049, -89.579512 21.028605)))"
5422,"MULTIPOLYGON (((-89.624283 20.904236, -89.624365 20.903766, -89.624451 20.903279, -89.625754 20.903287, -89.625778 20.903287, -89.625812 20.903315, -89.62587 20.90336, -89.626425 20.90339, -89.626989 20.903425, -89.627529 20.903455, -89.628087 20.903501, -89.629183 20.903549, -89.630231 20.903657, -89.630198 20.904132, -89.630191 20.904586, -89.630366 20.904989, -89.630572 20.905322, -89.630523 20.90535, -89.629153 20.906125, -89.628511 20.906489, -89.62741 20.907088, -89.627293 20.907152, -89.627241 20.90718, -89.626455 20.907608, -89.626355 20.907664, -89.625525 20.908131, -89.625514 20.908137, -89.625494 20.908149, -89.625422 20.90819, -89.624638 20.90863, -89.623434 20.909347, -89.623449 20.909251, -89.623514 20.908855, -89.623669 20.907881, -89.623831 20.906891, -89.623879 20.906617, -89.623959 20.906167, -89.624011 20.905874, -89.624049 20.905684, -89.624118 20.905201, -89.624217 20.904749, -89.624321 20.904238, -89.624283 20.904236)))"
5437,"MULTIPOLYGON (((-89.624451 20.903279, -89.624456 20.903249, -89.624522 20.902817, -89.624599 20.902322, -89.624652 20.901972, -89.624723 20.901478, -89.624717 20.901383, -89.625713 20.901468, -89.625732 20.90149, -89.625791 20.901594, -89.625799 20.901649, -89.627105 20.901737, -89.627105 20.901733, -89.627154 20.901252, -89.62719 20.900825, -89.626328 20.900698, -89.625772 20.900606, -89.625509 20.900561, -89.62586 20.899151, -89.625083 20.899168, -89.625536 20.897953, -89.625595 20.897954, -89.626746 20.898029, -89.627451 20.898057, -89.627351 20.899134, -89.627241 20.900378, -89.629401 20.900484, -89.630629 20.90089, -89.630579 20.901174, -89.632081 20.901582, -89.632074 20.901636, -89.632018 20.902087, -89.632128 20.90325, -89.632253 20.9036, -89.632564 20.904104, -89.632593 20.904151, -89.632594 20.904152, -89.632547 20.904179, -89.631583 20.904737, -89.630662 20.90527, -89.630572 20.905322, -89.630366 20.904989, -89.630191 20.904586, -89.630198 20.904132, -89.630231 20.903657, -89.629183 20.903549, -89.628087 20.903501, -89.627529 20.903455, -89.626989 20.903425, -89.626425 20.90339, -89.62587 20.90336, -89.625812 20.903315, -89.625778 20.903287, -89.625754 20.903287, -89.624451 20.903279)))"
5441,"MULTIPOLYGON (((-89.616066 20.896613, -89.616029 20.896364, -89.615977 20.896052, -89.616019 20.895981, -89.615982 20.895776, -89.615843 20.8955, -89.615796 20.89529, -89.615806 20.895044, -89.615874 20.894767, -89.615904 20.894684, -89.615919 20.894602, -89.615936 20.894488, -89.615892 20.894284, -89.615839 20.894172, -89.615831 20.894071, -89.615882 20.893909, -89.615884 20.893829, -89.615869 20.893764, -89.615743 20.893522, -89.615722 20.893469, -89.615676 20.893237, -89.61567 20.892753, -89.615614 20.892331, -89.615597 20.892191, -89.615549 20.891902, -89.615514 20.891494, -89.616446 20.891591, -89.616761 20.891658, -89.617074 20.890944, -89.61743 20.890099, -89.617663 20.890199, -89.618603 20.890609, -89.618727 20.890224, -89.618847 20.889859, -89.618916 20.889633, -89.619136 20.888923, -89.619406 20.887969, -89.619705 20.887046, -89.620667 20.887337, -89.620852 20.886884, -89.620979 20.886575, -89.62194 20.886791, -89.621714 20.887626, -89.621446 20.888564, -89.621327 20.888971, -89.621163 20.889534, -89.621044 20.889888, -89.620867 20.890433, -89.62054 20.891445, -89.620212 20.892186, -89.620074 20.892663, -89.62006 20.892791, -89.619126 20.892448, -89.618802 20.893394, -89.61978 20.893747, -89.61963 20.89421, -89.619561 20.894311, -89.61949 20.894451, -89.619448 20.894594, -89.61945 20.894673, -89.619126 20.895381, -89.619064 20.895546, -89.618955 20.895924, -89.618804 20.896511, -89.618743 20.89701, -89.618632 20.898, -89.618068 20.898102, -89.617455 20.898214, -89.617347 20.899366, -89.616469 20.899363, -89.61627 20.899362, -89.616293 20.898146, -89.615812 20.898086, -89.6157 20.897702, -89.616224 20.897679, -89.616066 20.896613)))"
5456,"MULTIPOLYGON (((-89.655048 20.912395, -89.655034 20.913108, -89.655004 20.913609, -89.653878 20.913583, -89.653019 20.913574, -89.65308 20.913284, -89.652031 20.913179, -89.652078 20.913128, -89.652234 20.912142, -89.652236 20.912115, -89.652275 20.911538, -89.652281 20.911462, -89.652315 20.911041, -89.652349 20.910643, -89.653355 20.910859, -89.65503 20.911183, -89.65503 20.911191, -89.655006 20.911733, -89.655048 20.912395)))"
5460,"MULTIPOLYGON (((-89.654071 21.072825, -89.653676 21.07262, -89.654354 21.071342, -89.654153 21.071248, -89.653837 21.071099, -89.653838 21.071097, -89.654117 21.070606, -89.654103 21.070608, -89.65246 21.070741, -89.651597 21.070818, -89.651641 21.070349, -89.652146 21.070317, -89.65223 21.069617, -89.652232 21.069601, -89.652291 21.068981, -89.652337 21.068503, -89.652369 21.068069, -89.652371 21.068043, -89.652409 21.067574, -89.652445 21.067132, -89.652467 21.066864, -89.653021 21.066912, -89.653776 21.066978, -89.655073 21.067074, -89.656124 21.067164, -89.656617 21.067287, -89.657219 21.06747, -89.657322 21.067272, -89.657848 21.067308, -89.659414 21.06742, -89.660654 21.067509, -89.661051 21.067537, -89.661031 21.067786, -89.661028 21.06783, -89.660997 21.068216, -89.660956 21.068716, -89.660913 21.069257, -89.660967 21.069314, -89.660989 21.069857, -89.660083 21.069783, -89.659163 21.069708, -89.658331 21.06964, -89.658384 21.070172, -89.658428 21.070612, -89.658476 21.071094, -89.657904 21.071143, -89.657951 21.071585, -89.657999 21.072048, -89.656655 21.072171, -89.655024 21.072312, -89.654719 21.072835, -89.65457 21.073087, -89.654071 21.072825)))"
5475,"MULTIPOLYGON (((-89.644289 21.067058, -89.644313 21.067056, -89.644914 21.067018, -89.644849 21.066675, -89.645461 21.066697, -89.646769 21.066771, -89.646882 21.066759, -89.647243 21.066785, -89.648945 21.066896, -89.648926 21.066634, -89.650344 21.066722, -89.651411 21.066806, -89.651937 21.066832, -89.652467 21.066864, -89.652445 21.067132, -89.652409 21.067574, -89.652371 21.068043, -89.652369 21.068069, -89.652337 21.068503, -89.652291 21.068981, -89.652232 21.069601, -89.65223 21.069617, -89.652146 21.070317, -89.651641 21.070349, -89.651661 21.070103, -89.651112 21.070062, -89.65108 21.07052, -89.65057 21.070475, -89.649975 21.070425, -89.649607 21.070399, -89.649307 21.070378, -89.649096 21.070362, -89.648642 21.070327, -89.648107 21.070291, -89.648078 21.070289, -89.647465 21.070247, -89.646991 21.070298, -89.646939 21.070303, -89.646511 21.070342, -89.646046 21.070386, -89.64597 21.070393, -89.645528 21.070432, -89.644944 21.070493, -89.644879 21.070025, -89.644964 21.069452, -89.644856 21.068625, -89.644607 21.068195, -89.644415 21.067825, -89.644289 21.067058)))"
548A,"MULTIPOLYGON (((-89.696782 20.9526, -89.697561 20.952509, -89.697566 20.952502, -89.697735 20.95223, -89.697879 20.951998, -89.698262 20.951496, -89.698264 20.951493, -89.698638 20.950972, -89.698776 20.950747, -89.698825 20.95048, -89.69886 20.949884, -89.698744 20.94932, -89.698547 20.948889, -89.698377 20.948583, -89.698307 20.948479, -89.698352 20.948406, -89.698296 20.947976, -89.698001 20.946165, -89.698866 20.946061, -89.699228 20.946009, -89.700521 20.945783, -89.701286 20.947101, -89.701886 20.948138, -89.702056 20.948418, -89.702185 20.948632, -89.702377 20.949057, -89.702468 20.949328, -89.70254 20.949584, -89.702573 20.949723, -89.702613 20.950021, -89.702604 20.950231, -89.702582 20.950421, -89.702559 20.950553, -89.702523 20.950712, -89.702479 20.95087, -89.702426 20.951025, -89.702364 20.951177, -89.702294 20.951325, -89.702216 20.951471, -89.702102 20.951648, -89.70183 20.95201, -89.701253 20.952777, -89.701129 20.952943, -89.701055 20.952899, -89.701011 20.952872, -89.699931 20.952225, -89.699384 20.952964, -89.698695 20.953852, -89.698635 20.953977, -89.698006 20.954068, -89.697326 20.95425, -89.696036 20.954302, -89.695604 20.954297, -89.695436 20.954295, -89.6947 20.954398, -89.694658 20.954123, -89.69523 20.954059, -89.695442 20.954036, -89.695604 20.954018, -89.695828 20.954026, -89.696087 20.953627, -89.696409 20.95313, -89.69675 20.952604, -89.696782 20.9526)))"
5494,"MULTIPOLYGON (((-89.696018 20.938017, -89.697226 20.940118, -89.697226 20.940118, -89.69773 20.940985, -89.697821 20.941143, -89.698386 20.94212, -89.698505 20.942328, -89.699811 20.944583, -89.700128 20.945121, -89.700169 20.94519, -89.700521 20.945783, -89.699228 20.946009, -89.698866 20.946061, -89.698001 20.946165, -89.697085 20.94629, -89.695667 20.946483, -89.695297 20.946534, -89.695009 20.946573, -89.694739 20.94661, -89.694218 20.946681, -89.693277 20.946809, -89.692065 20.946974, -89.691658 20.94703, -89.691309 20.947077, -89.690842 20.947141, -89.69036 20.947207, -89.690203 20.947228, -89.689189 20.947366, -89.688748 20.947426, -89.688363 20.947479, -89.687893 20.947543, -89.686623 20.947715, -89.68677 20.947261, -89.686794 20.947208, -89.686822 20.947156, -89.686856 20.947108, -89.686895 20.947062, -89.686938 20.947021, -89.68759 20.946307, -89.687642 20.946243, -89.687688 20.946175, -89.687728 20.946104, -89.687763 20.946031, -89.68779 20.945955, -89.687811 20.945877, -89.687826 20.945798, -89.688074 20.944577, -89.688076 20.944528, -89.688072 20.94448, -89.688061 20.944432, -89.688044 20.944386, -89.688021 20.944342, -89.687827 20.94404, -89.687798 20.943992, -89.687774 20.943942, -89.687756 20.943889, -89.687745 20.943835, -89.687739 20.94378, -89.68774 20.943725, -89.687745 20.943686, -89.687752 20.943646, -89.688047 20.942589, -89.688262 20.941787, -89.688654 20.940329, -89.689016 20.938942, -89.689409 20.937433, -89.689446 20.937439, -89.689482 20.937439, -89.689519 20.937433, -89.689553 20.937421, -89.689585 20.937403, -89.689613 20.937381, -89.689637 20.937355, -89.689655 20.937325, -89.689668 20.937292, -89.690037 20.937353, -89.690255 20.937362, -89.690454 20.93735, -89.690634 20.937314, -89.690924 20.937203, -89.691154 20.937078, -89.691378 20.936953, -89.692068 20.936593, -89.693031 20.936122, -89.694491 20.935407, -89.695566 20.937258, -89.695679 20.937453, -89.696018 20.938017)))"
5511,"MULTIPOLYGON (((-89.681113 20.948777, -89.681112 20.948771, -89.681768 20.948626, -89.682033 20.948565, -89.682254 20.948518, -89.683824 20.948185, -89.684328 20.948077, -89.684792 20.947993, -89.685381 20.947888, -89.684814 20.95, -89.683817 20.950168, -89.683786 20.950172, -89.683135 20.950269, -89.68264 20.950344, -89.682365 20.950386, -89.682103 20.950414, -89.681775 20.950447, -89.681467 20.950501, -89.681437 20.950103, -89.681113 20.948777)))"
5526,"MULTIPOLYGON (((-89.666657 21.034015, -89.667735 21.034209, -89.668815 21.034404, -89.669881 21.034596, -89.669578 21.03557, -89.669273 21.03655, -89.668972 21.037516, -89.66867 21.038485, -89.670797 21.038858, -89.67063 21.039388, -89.670489 21.039837, -89.670336 21.040322, -89.670184 21.040803, -89.671211 21.041022, -89.670716 21.041922, -89.669896 21.041792, -89.669515 21.043101, -89.669647 21.043558, -89.667665 21.043794, -89.667319 21.042875, -89.667735 21.041422, -89.665635 21.041024, -89.664556 21.040817, -89.664549 21.040839, -89.664536 21.040883, -89.664312 21.041594, -89.663108 21.039987, -89.662775 21.039542, -89.662739 21.039494, -89.661967 21.038448, -89.661944 21.038422, -89.661473 21.037771, -89.661359 21.037611, -89.661264 21.037477, -89.661176 21.037354, -89.661039 21.037162, -89.660978 21.037075, -89.66067 21.036668, -89.660593 21.036566, -89.660581 21.03655, -89.660406 21.036317, -89.660078 21.035887, -89.659954 21.035729, -89.659374 21.034996, -89.658797 21.034551, -89.658392 21.034342, -89.657833 21.035848, -89.654784 21.034806, -89.654807 21.034749, -89.654882 21.034559, -89.655284 21.033552, -89.655301 21.033509, -89.655316 21.03347, -89.65542 21.03321, -89.655643 21.03265, -89.655661 21.032605, -89.655795 21.03227, -89.656354 21.030868, -89.656543 21.030381, -89.656887 21.02948, -89.658129 21.026303, -89.658526 21.025302, -89.659786 21.025825, -89.660849 21.026266, -89.660397 21.027159, -89.659778 21.029049, -89.659427 21.030007, -89.659255 21.030032, -89.659216 21.030109, -89.65917 21.030233, -89.659383 21.03041, -89.659543 21.030471, -89.659674 21.030612, -89.659687 21.030744, -89.659503 21.031123, -89.659298 21.031375, -89.659108 21.031669, -89.65899 21.031893, -89.658872 21.032231, -89.658831 21.032445, -89.658717 21.032647, -89.658619 21.032814, -89.6585 21.032989, -89.658424 21.033133, -89.658377 21.033227, -89.661083 21.034096, -89.661102 21.034031, -89.662143 21.034255, -89.662117 21.034333, -89.663166 21.034544, -89.664218 21.034756, -89.66427 21.034589, -89.664569 21.033636, -89.665632 21.03383, -89.666657 21.034015)))"
5579,"MULTIPOLYGON (((-89.700618 21.006344, -89.700292 21.00542, -89.699385 21.005637, -89.699646 21.006834, -89.698945 21.006821, -89.698825 21.00632, -89.698705 21.005794, -89.698343 21.005886, -89.698375 21.006109, -89.69828 21.006313, -89.698147 21.006616, -89.697877 21.007285, -89.697076 21.006856, -89.697388 21.006105, -89.697705 21.006032, -89.69759 21.005594, -89.69745 21.005065, -89.697442 21.005035, -89.69817 21.004864, -89.699127 21.004639, -89.699364 21.004583, -89.699355 21.00445, -89.699397 21.004364, -89.699485 21.004285, -89.699619 21.004233, -89.699785 21.004192, -89.699938 21.004164, -89.70003 21.004168, -89.700116 21.004188, -89.700193 21.004224, -89.700259 21.004298, -89.700301 21.004398, -89.700302 21.004476, -89.700936 21.004582, -89.701276 21.00464, -89.702434 21.004833, -89.702655 21.00487, -89.702671 21.004873, -89.703085 21.004943, -89.703934 21.005085, -89.704148 21.005122, -89.705366 21.005325, -89.705523 21.005352, -89.705812 21.005401, -89.706001 21.005433, -89.706011 21.005434, -89.706249 21.005474, -89.70648 21.005513, -89.706633 21.005538, -89.706803 21.005566, -89.707015 21.005602, -89.707008 21.005643, -89.706788 21.006783, -89.706258 21.006683, -89.705785 21.006595, -89.705635 21.00657, -89.705638 21.007393, -89.704651 21.007188, -89.704491 21.008904, -89.703232 21.008858, -89.702713 21.008834, -89.702585 21.008833, -89.701977 21.008809, -89.700722 21.00876, -89.700675 21.00771, -89.70066 21.007334, -89.700618 21.006344)))"
5583,"MULTIPOLYGON (((-89.580469 21.026545, -89.58025 21.02702, -89.580005 21.027557, -89.580001 21.027566, -89.579775 21.02748, -89.579686 21.027429, -89.579548 21.02731, -89.57948 21.027221, -89.5794 21.027074, -89.579352 21.026933, -89.579291 21.026823, -89.579224 21.026733, -89.579087 21.026619, -89.579044 21.026582, -89.579003 21.026553, -89.578977 21.026534, -89.57825 21.025962, -89.578171 21.025903, -89.578147 21.025885, -89.577652 21.025479, -89.577628 21.025459, -89.577584 21.025417, -89.577414 21.025252, -89.577369 21.025207, -89.57734 21.025172, -89.577322 21.025154, -89.576549 21.024406, -89.57649 21.024348, -89.576429 21.024289, -89.575645 21.023522, -89.575556 21.023436, -89.575603 21.023391, -89.575945 21.023069, -89.576709 21.02235, -89.577471 21.021631, -89.578243 21.020903, -89.578994 21.020194, -89.579258 21.019945, -89.579769 21.019484, -89.579945 21.019336, -89.580567 21.018815, -89.580612 21.018771, -89.580684 21.018701, -89.581142 21.018257, -89.581301 21.018082, -89.581673 21.017673, -89.581997 21.017318, -89.583288 21.016098, -89.583302 21.016085, -89.583398 21.015836, -89.583403 21.015801, -89.583432 21.015421, -89.583464 21.014791, -89.583454 21.014422, -89.583444 21.014077, -89.583442 21.013956, -89.583482 21.013975, -89.583521 21.013994, -89.583532 21.013999, -89.583635 21.014048, -89.583679 21.01407, -89.584268 21.014352, -89.584265 21.014394, -89.584843 21.014708, -89.584831 21.01484, -89.585422 21.015061, -89.585432 21.014797, -89.585435 21.01471, -89.585454 21.014364, -89.585477 21.013935, -89.585526 21.01397, -89.585636 21.014052, -89.585766 21.014146, -89.585846 21.014195, -89.586008 21.014292, -89.586065 21.014319, -89.586113 21.014342, -89.586078 21.014423, -89.586096 21.014516, -89.586136 21.014589, -89.586208 21.014646, -89.586155 21.014732, -89.585965 21.015857, -89.585911 21.016134, -89.585874 21.016406, -89.585744 21.017238, -89.585726 21.017391, -89.585672 21.017766, -89.585618 21.018123, -89.585603 21.018386, -89.585588 21.018692, -89.585577 21.019028, -89.585554 21.019283, -89.585497 21.019591, -89.585406 21.019884, -89.585286 21.02014, -89.585177 21.020349, -89.585039 21.020546, -89.585964 21.021374, -89.586283 21.021704, -89.586355 21.021779, -89.586888 21.02233, -89.587171 21.022588, -89.587362 21.022762, -89.587123 21.023217, -89.586507 21.024393, -89.586358 21.024743, -89.586162 21.025423, -89.586143 21.025494, -89.585985 21.025976, -89.585768 21.026636, -89.585657 21.026924, -89.585511 21.027295, -89.585479 21.027373, -89.585292 21.027808, -89.585252 21.02788, -89.585045 21.028283, -89.58343 21.027668, -89.581935 21.027096, -89.580469 21.026545)))"
5598,"MULTIPOLYGON (((-89.588959 21.024184, -89.58889 21.02413, -89.588793 21.024045, -89.587601 21.023003, -89.587523 21.022925, -89.587362 21.022762, -89.587171 21.022588, -89.586888 21.02233, -89.586355 21.021779, -89.586283 21.021704, -89.585964 21.021374, -89.585039 21.020546, -89.585177 21.020349, -89.585286 21.02014, -89.585406 21.019884, -89.585497 21.019591, -89.585554 21.019283, -89.585577 21.019028, -89.585588 21.018692, -89.585603 21.018386, -89.585618 21.018123, -89.585672 21.017766, -89.585726 21.017391, -89.585744 21.017238, -89.585874 21.016406, -89.585911 21.016134, -89.585965 21.015857, -89.586155 21.014732, -89.586208 21.014646, -89.586291 21.014664, -89.586383 21.014659, -89.586456 21.014621, -89.586507 21.014573, -89.586546 21.014597, -89.587047 21.014909, -89.587102 21.014943, -89.587146 21.014968, -89.588294 21.015623, -89.588335 21.015645, -89.588406 21.015687, -89.58952 21.016334, -89.589566 21.016361, -89.589354 21.016936, -89.589198 21.017332, -89.590484 21.01805, -89.590609 21.017638, -89.590786 21.01707, -89.590816 21.017085, -89.591636 21.017461, -89.591738 21.017508, -89.591735 21.017517, -89.591734 21.017528, -89.591733 21.017539, -89.591734 21.01755, -89.591736 21.017561, -89.591739 21.017572, -89.591744 21.017582, -89.591749 21.017591, -89.591756 21.0176, -89.591763 21.017609, -89.591771 21.017616, -89.591781 21.017623, -89.59179 21.017629, -89.591801 21.017634, -89.591818 21.017639, -89.591791 21.017755, -89.591703 21.018144, -89.591685 21.018258, -89.591656 21.018449, -89.591655 21.018459, -89.591641 21.018571, -89.591581 21.019042, -89.591589 21.019108, -89.591804 21.019399, -89.592231 21.01998, -89.592271 21.020034, -89.592306 21.020082, -89.592719 21.020648, -89.593126 21.021205, -89.593155 21.021243, -89.593188 21.021287, -89.593223 21.021334, -89.593574 21.021815, -89.593608 21.021859, -89.593596 21.021869, -89.593585 21.021879, -89.593576 21.021891, -89.593567 21.021903, -89.593561 21.021916, -89.593555 21.02193, -89.593551 21.021944, -89.593549 21.021958, -89.593549 21.021972, -89.59355 21.021987, -89.593552 21.022001, -89.593557 21.022015, -89.593562 21.022029, -89.59357 21.022041, -89.593578 21.022054, -89.593588 21.022065, -89.593599 21.022075, -89.593612 21.022084, -89.593628 21.022093, -89.593638 21.022098, -89.593653 21.022103, -89.593668 21.022106, -89.593685 21.022108, -89.593699 21.022109, -89.593714 21.022108, -89.593729 21.022105, -89.593744 21.022101, -89.593759 21.022096, -89.593772 21.022089, -89.593785 21.022081, -89.593797 21.022072, -89.593808 21.022061, -89.593817 21.02205, -89.593825 21.022038, -89.593832 21.022025, -89.593837 21.022011, -89.593841 21.021997, -89.593843 21.021982, -89.593844 21.021968, -89.593843 21.021953, -89.59384 21.021939, -89.593836 21.021925, -89.59383 21.021912, -89.593823 21.021899, -89.593814 21.021887, -89.593804 21.021876, -89.593793 21.021866, -89.593778 21.021854, -89.593863 21.021648, -89.594021 21.021266, -89.594025 21.021258, -89.594086 21.021127, -89.594288 21.020695, -89.594375 21.020512, -89.594428 21.020403, -89.594661 21.019912, -89.594764 21.019698, -89.594785 21.019653, -89.594819 21.019584, -89.595002 21.0192, -89.595047 21.019105, -89.595056 21.019109, -89.595066 21.019113, -89.595078 21.019117, -89.595091 21.019119, -89.595105 21.01912, -89.595118 21.01912, -89.595131 21.019119, -89.595144 21.019116, -89.595157 21.019112, -89.595169 21.019106, -89.59518 21.0191, -89.595191 21.019092, -89.595201 21.019084, -89.59521 21.019075, -89.595218 21.019064, -89.595295 21.019097, -89.595426 21.019154, -89.595558 21.019213, -89.595837 21.019337, -89.595899 21.019363, -89.595934 21.019378, -89.596003 21.019406, -89.596157 21.019473, -89.596538 21.019636, -89.59724 21.019934, -89.597352 21.019982, -89.597346 21.019994, -89.597341 21.020006, -89.597338 21.020019, -89.597336 21.020032, -89.597335 21.020046, -89.597336 21.020059, -89.597338 21.020072, -89.597342 21.020085, -89.597348 21.020098, -89.597354 21.020109, -89.597362 21.020121, -89.597372 21.020131, -89.597382 21.02014, -89.597393 21.020148, -89.597405 21.020156, -89.597217 21.020651, -89.596968 21.021308, -89.596943 21.021371, -89.596932 21.021396, -89.596787 21.021778, -89.596757 21.021856, -89.596753 21.021871, -89.596609 21.022241, -89.596582 21.022312, -89.596412 21.022743, -89.596266 21.023112, -89.596243 21.02317, -89.596233 21.023197, -89.595972 21.023874, -89.59595 21.02393, -89.595938 21.023963, -89.595916 21.024014, -89.595823 21.024246, -89.595717 21.024515, -89.595602 21.024804, -89.595581 21.024859, -89.595557 21.024919, -89.595269 21.024881, -89.594808 21.025838, -89.594188 21.02574, -89.593116 21.025571, -89.592065 21.025395, -89.590977 21.025242, -89.590226 21.025151, -89.59016 21.025101, -89.588959 21.024184)))"
5600,"MULTIPOLYGON (((-89.585013 21.033175, -89.584195 21.032884, -89.583736 21.032719, -89.583712 21.032711, -89.583268 21.032552, -89.582915 21.032424, -89.580374 21.031521, -89.580335 21.031508, -89.580256 21.03148, -89.580067 21.031413, -89.578386 21.030816, -89.57812 21.030721, -89.577884 21.030637, -89.577453 21.030484, -89.576416 21.030097, -89.576358 21.030075, -89.576349 21.030071, -89.576345 21.030069, -89.576352 21.030061, -89.576523 21.029843, -89.57722 21.02893, -89.577601 21.028435, -89.577816 21.028149, -89.577937 21.027997, -89.578498 21.028225, -89.577913 21.029007, -89.578423 21.02919, -89.579029 21.028437, -89.579512 21.028605, -89.579248 21.029049, -89.580762 21.029641, -89.58055 21.030119, -89.582023 21.030694, -89.582251 21.030205, -89.58247 21.029734, -89.582688 21.029267, -89.582963 21.028699, -89.583019 21.02872, -89.584415 21.029245, -89.5845 21.029277, -89.58459 21.029277, -89.584632 21.029253, -89.584691 21.029114, -89.584839 21.028768, -89.585045 21.028283, -89.585252 21.02788, -89.585292 21.027808, -89.585479 21.027373, -89.585511 21.027295, -89.585657 21.026924, -89.585768 21.026636, -89.585985 21.025976, -89.586143 21.025494, -89.586162 21.025423, -89.586358 21.024743, -89.586507 21.024393, -89.587123 21.023217, -89.587362 21.022762, -89.587523 21.022925, -89.587601 21.023003, -89.588793 21.024045, -89.58889 21.02413, -89.588959 21.024184, -89.59016 21.025101, -89.590226 21.025151, -89.590977 21.025242, -89.592065 21.025395, -89.593116 21.025571, -89.594188 21.02574, -89.594808 21.025838, -89.594378 21.026788, -89.593975 21.027747, -89.593514 21.028681, -89.59354 21.028685, -89.593123 21.029586, -89.592693 21.030512, -89.59226 21.031424, -89.592249 21.031448, -89.591838 21.032355, -89.591411 21.033287, -89.591148 21.033842, -89.59074 21.034725, -89.590695 21.034816, -89.59067 21.034871, -89.590637 21.034941, -89.590582 21.035062, -89.590535 21.035162, -89.590414 21.035119, -89.589524 21.034807, -89.588558 21.034484, -89.588186 21.034344, -89.587524 21.034112, -89.586519 21.033746, -89.58576 21.033453, -89.585459 21.033337, -89.585013 21.033175)))"
562A,"MULTIPOLYGON (((-89.618802 20.893394, -89.619126 20.892448, -89.62006 20.892791, -89.620074 20.892663, -89.620212 20.892186, -89.62054 20.891445, -89.620867 20.890433, -89.621044 20.889888, -89.621163 20.889534, -89.621327 20.888971, -89.621446 20.888564, -89.621714 20.887626, -89.62194 20.886791, -89.620979 20.886575, -89.620852 20.886884, -89.620667 20.887337, -89.619705 20.887046, -89.619406 20.887969, -89.618376 20.887676, -89.617672 20.887475, -89.616818 20.887214, -89.616735 20.887759, -89.617197 20.887896, -89.617102 20.888341, -89.615335 20.887871, -89.615223 20.88757, -89.615215 20.887459, -89.615007 20.887319, -89.614345 20.887084, -89.614156 20.887053, -89.613939 20.887038, -89.613511 20.886922, -89.613392 20.886127, -89.613327 20.885772, -89.613311 20.885756, -89.613218 20.885049, -89.613151 20.884538, -89.613159 20.884538, -89.613528 20.884552, -89.613547 20.883635, -89.613534 20.883252, -89.613532 20.882754, -89.613531 20.882235, -89.613519 20.881835, -89.613512 20.881363, -89.613604 20.88091, -89.613607 20.880489, -89.613607 20.880422, -89.61383 20.880062, -89.613863 20.880067, -89.614505 20.880167, -89.614543 20.880258, -89.615737 20.880379, -89.616484 20.881598, -89.616104 20.881954, -89.615897 20.882147, -89.615877 20.882773, -89.615882 20.882862, -89.6159 20.882948, -89.6171 20.883213, -89.617013 20.883667, -89.616998 20.883857, -89.616985 20.88398, -89.616951 20.884081, -89.61683 20.884984, -89.616777 20.885545, -89.616733 20.886098, -89.616646 20.886333, -89.617809 20.886469, -89.619775 20.886711, -89.619768 20.886656, -89.619855 20.886311, -89.619925 20.885826, -89.619929 20.885723, -89.619957 20.885681, -89.620031 20.884934, -89.621306 20.885143, -89.622342 20.885337, -89.623366 20.885557, -89.624545 20.885791, -89.62432 20.886503, -89.624201 20.886892, -89.624159 20.887028, -89.624079 20.887289, -89.623919 20.887803, -89.623905 20.887848, -89.623884 20.887913, -89.623771 20.888266, -89.623643 20.888673, -89.623336 20.889654, -89.623031 20.890626, -89.622756 20.891506, -89.62251 20.892295, -89.62248 20.892388, -89.622454 20.892474, -89.62216 20.893428, -89.622134 20.893512, -89.62183 20.894495, -89.621621 20.89517, -89.621611 20.895199, -89.621601 20.895195, -89.621064 20.895007, -89.62052 20.894927, -89.61945 20.894673, -89.619448 20.894594, -89.61949 20.894451, -89.619561 20.894311, -89.61963 20.89421, -89.61978 20.893747, -89.618802 20.893394)))"
5634,"MULTIPOLYGON (((-89.670322 20.983756, -89.670422 20.983505, -89.670494 20.983233, -89.670475 20.982768, -89.670467 20.982586, -89.670455 20.982294, -89.670436 20.981841, -89.670435 20.981408, -89.671745 20.981574, -89.673079 20.981755, -89.673043 20.98197, -89.674608 20.982197, -89.6746 20.982245, -89.674554 20.982524, -89.674534 20.982642, -89.674466 20.983022, -89.674462 20.983045, -89.674453 20.983093, -89.674443 20.983144, -89.674369 20.983545, -89.674303 20.983891, -89.674293 20.98395, -89.674278 20.98395, -89.674269 20.983951, -89.67426 20.983953, -89.674251 20.983956, -89.674242 20.98396, -89.674234 20.983964, -89.674227 20.983969, -89.67422 20.983975, -89.674214 20.983982, -89.674208 20.983989, -89.674204 20.983997, -89.6742 20.984005, -89.674196 20.984022, -89.674194 20.984031, -89.674195 20.98404, -89.674196 20.984049, -89.674198 20.984058, -89.674201 20.984066, -89.674205 20.984074, -89.67421 20.984082, -89.674215 20.984089, -89.674222 20.984095, -89.674229 20.984101, -89.674237 20.984106, -89.674245 20.984111, -89.674254 20.984114, -89.674263 20.984117, -89.674272 20.984118, -89.674286 20.984119, -89.674203 20.984585, -89.674129 20.985025, -89.674116 20.985109, -89.674053 20.985485, -89.673992 20.985858, -89.673979 20.985932, -89.67397 20.985993, -89.673904 20.986385, -89.673842 20.986766, -89.673832 20.986823, -89.673824 20.986884, -89.673778 20.987213, -89.673766 20.987298, -89.673811 20.98744, -89.673819 20.987461, -89.674371 20.988876, -89.674397 20.988941, -89.674387 20.988946, -89.674367 20.988957, -89.674349 20.98897, -89.674332 20.988985, -89.674317 20.989001, -89.674304 20.989019, -89.674293 20.989037, -89.674284 20.989057, -89.674277 20.989078, -89.674273 20.989099, -89.674271 20.98912, -89.674271 20.989143, -89.674274 20.989163, -89.674279 20.989184, -89.674287 20.989204, -89.674296 20.989224, -89.674308 20.989242, -89.674322 20.98926, -89.674337 20.989275, -89.674355 20.989289, -89.674374 20.989302, -89.674393 20.989312, -89.674415 20.989321, -89.674436 20.989327, -89.674427 20.989359, -89.674365 20.989561, -89.674356 20.98959, -89.672474 20.988433, -89.672269 20.988307, -89.672219 20.988276, -89.672161 20.98824, -89.672111 20.988208, -89.672065 20.988181, -89.672031 20.988163, -89.671223 20.988028, -89.670816 20.987873, -89.669938 20.98741, -89.668882 20.98682, -89.669231 20.985995, -89.669236 20.985984, -89.669582 20.985275, -89.669958 20.984502, -89.670322 20.983756)))"
5649,"MULTIPOLYGON (((-89.67129 20.975848, -89.672475 20.976051, -89.673928 20.9763, -89.673977 20.976295, -89.675535 20.976527, -89.675544 20.976528, -89.675503 20.976827, -89.675491 20.976892, -89.675479 20.976958, -89.675473 20.976996, -89.675401 20.977401, -89.675373 20.977558, -89.675335 20.977795, -89.675325 20.977851, -89.675316 20.977905, -89.675252 20.978302, -89.675232 20.978416, -89.675185 20.978705, -89.675174 20.978767, -89.675163 20.978831, -89.675112 20.979142, -89.675099 20.979215, -89.675091 20.979262, -89.675036 20.979586, -89.675023 20.979654, -89.67502 20.979668, -89.67501 20.979729, -89.674955 20.980047, -89.674942 20.980121, -89.67488 20.980498, -89.674856 20.980632, -89.674853 20.980657, -89.674826 20.980826, -89.674763 20.981227, -89.674751 20.981305, -89.674741 20.981365, -89.674681 20.981747, -89.674619 20.982122, -89.674608 20.982197, -89.673043 20.98197, -89.673079 20.981755, -89.671745 20.981574, -89.670435 20.981408, -89.67047 20.980487, -89.6705 20.980214, -89.670535 20.980011, -89.670628 20.979512, -89.67071 20.97907, -89.670792 20.978625, -89.670877 20.978138, -89.670955 20.97772, -89.67103 20.97732, -89.671158 20.976666, -89.671222 20.976228, -89.67129 20.975848)))"
5672,"MULTIPOLYGON (((-89.721923 21.002913, -89.72174 21.003268, -89.721575 21.003611, -89.721541 21.003682, -89.721361 21.00405, -89.721316 21.004143, -89.721123 21.00454, -89.720919 21.004962, -89.720712 21.005379, -89.720559 21.005733, -89.720556 21.005822, -89.720356 21.006239, -89.720148 21.006676, -89.71996 21.007054, -89.719763 21.007467, -89.719548 21.00789, -89.719347 21.008307, -89.71914 21.00872, -89.718934 21.009133, -89.71873 21.009556, -89.718462 21.010125, -89.717212 21.009595, -89.715892 21.009036, -89.716186 21.008434, -89.716389 21.00802, -89.716594 21.007599, -89.716792 21.007193, -89.716997 21.006775, -89.717196 21.006366, -89.717399 21.005952, -89.717565 21.005612, -89.717788 21.005156, -89.717998 21.004724, -89.7182 21.00431, -89.718402 21.003896, -89.718605 21.003481, -89.718806 21.003069, -89.719027 21.002631, -89.719243 21.002191, -89.719459 21.001753, -89.719667 21.001334, -89.719872 21.000933, -89.720085 21.000503, -89.720416 20.999822, -89.720617 20.999932, -89.721604 21.000605, -89.722741 21.001291, -89.722595 21.001578, -89.722386 21.001998, -89.722185 21.002428, -89.721984 21.002839, -89.721923 21.002913)))"
5687,"MULTIPOLYGON (((-89.713645 21.00807, -89.713131 21.007848, -89.713418 21.007255, -89.713619 21.006838, -89.713823 21.006416, -89.714022 21.006005, -89.714221 21.005593, -89.714424 21.005173, -89.714594 21.00482, -89.714643 21.004795, -89.714686 21.004772, -89.714774 21.004317, -89.714865 21.003842, -89.714951 21.003397, -89.715037 21.002948, -89.715124 21.002499, -89.71521 21.00205, -89.715303 21.001571, -89.715393 21.001099, -89.71689 21.001344, -89.716983 21.000872, -89.717073 21.000414, -89.717154 20.999951, -89.717289 20.999248, -89.718215 20.999396, -89.718754 20.999479, -89.719325 20.999571, -89.720216 20.999712, -89.720416 20.999822, -89.720085 21.000503, -89.719872 21.000933, -89.719667 21.001334, -89.719459 21.001753, -89.719243 21.002191, -89.719027 21.002631, -89.718806 21.003069, -89.718605 21.003481, -89.718402 21.003896, -89.7182 21.00431, -89.717998 21.004724, -89.717788 21.005156, -89.717565 21.005612, -89.717399 21.005952, -89.717196 21.006366, -89.716997 21.006775, -89.716792 21.007193, -89.716594 21.007599, -89.716389 21.00802, -89.716186 21.008434, -89.715892 21.009036, -89.7156 21.00891, -89.71533 21.008795, -89.715317 21.008789, -89.715182 21.00873, -89.714495 21.008435, -89.714453 21.008417, -89.714028 21.008235, -89.713881 21.008172, -89.713645 21.00807)))"
5691,"MULTIPOLYGON (((-89.707972 21.007782, -89.707979 21.007752, -89.708379 21.006094, -89.708465 21.00609, -89.708536 21.006055, -89.708616 21.006004, -89.708673 21.005922, -89.709929 21.006468, -89.710481 21.006708, -89.710765 21.00612, -89.710964 21.005708, -89.711167 21.005288, -89.711367 21.004872, -89.711569 21.004456, -89.711649 21.004289, -89.711818 21.004313, -89.711909 21.003833, -89.711999 21.003362, -89.712085 21.002914, -89.712171 21.002463, -89.712256 21.002018, -89.712342 21.001565, -89.712433 21.001091, -89.712523 21.000617, -89.712614 21.00014, -89.7127 20.999693, -89.712785 20.999243, -89.712925 20.998513, -89.714354 20.998754, -89.715009 20.998865, -89.715786 20.998996, -89.717289 20.999248, -89.717154 20.999951, -89.717073 21.000414, -89.716983 21.000872, -89.71689 21.001344, -89.715393 21.001099, -89.715303 21.001571, -89.71521 21.00205, -89.715124 21.002499, -89.715037 21.002948, -89.714951 21.003397, -89.714865 21.003842, -89.714774 21.004317, -89.714686 21.004772, -89.714643 21.004795, -89.714594 21.00482, -89.714424 21.005173, -89.714221 21.005593, -89.714022 21.006005, -89.713823 21.006416, -89.713619 21.006838, -89.713418 21.007255, -89.713131 21.007848, -89.713645 21.00807, -89.713558 21.008255, -89.713398 21.00859, -89.713273 21.008865, -89.712276 21.008686, -89.711046 21.008483, -89.710841 21.00845, -89.710858 21.008344, -89.710381 21.008239, -89.710381 21.008239, -89.710351 21.008235, -89.710247 21.008225, -89.71009 21.0082, -89.707974 21.007782, -89.707972 21.007782)))"
5704,"MULTIPOLYGON (((-89.708673 21.005922, -89.708689 21.005819, -89.708665 21.00573, -89.708611 21.005654, -89.708522 21.005601, -89.708451 21.005578, -89.708627 21.004672, -89.708796 21.003799, -89.708888 21.003326, -89.709154 21.001956, -89.709418 21.000586, -89.709509 21.000109, -89.709866 20.998241, -89.70994 20.99824, -89.710008 20.998221, -89.710069 20.998178, -89.710119 20.99812, -89.710134 20.998041, -89.711485 20.99827, -89.712925 20.998513, -89.712785 20.999243, -89.7127 20.999693, -89.712614 21.00014, -89.712523 21.000617, -89.712433 21.001091, -89.712342 21.001565, -89.712256 21.002018, -89.712171 21.002463, -89.712085 21.002914, -89.711999 21.003362, -89.711909 21.003833, -89.711818 21.004313, -89.711649 21.004289, -89.711569 21.004456, -89.711367 21.004872, -89.711167 21.005288, -89.710964 21.005708, -89.710765 21.00612, -89.710481 21.006708, -89.709929 21.006468, -89.708673 21.005922)))"
5719,"MULTIPOLYGON (((-89.707015 21.005602, -89.706803 21.005566, -89.706633 21.005538, -89.70648 21.005513, -89.706249 21.005474, -89.706011 21.005434, -89.706001 21.005433, -89.705812 21.005401, -89.705523 21.005352, -89.705366 21.005325, -89.704148 21.005122, -89.703934 21.005085, -89.704059 21.004427, -89.704144 21.003981, -89.70423 21.003529, -89.70432 21.003051, -89.704412 21.002569, -89.7045 21.002102, -89.704586 21.001653, -89.704671 21.001204, -89.704756 21.000756, -89.704841 21.000308, -89.704931 20.999834, -89.705021 20.999358, -89.705111 20.998884, -89.705197 20.998432, -89.705282 20.997983, -89.705421 20.997253, -89.706859 20.997493, -89.707599 20.997616, -89.708292 20.997731, -89.709655 20.997958, -89.709648 20.998032, -89.70967 20.998106, -89.709712 20.998172, -89.709785 20.998221, -89.709866 20.998241, -89.709509 21.000109, -89.709418 21.000586, -89.709154 21.001956, -89.708888 21.003326, -89.708796 21.003799, -89.708627 21.004672, -89.708451 21.005578, -89.70836 21.005581, -89.708272 21.005613, -89.708207 21.005664, -89.708161 21.005729, -89.708138 21.00579, -89.70807 21.005779, -89.707015 21.005602)))"
5723,"MULTIPOLYGON (((-89.700936 21.004582, -89.701062 21.00392, -89.701148 21.003471, -89.701233 21.003025, -89.701323 21.002552, -89.701415 21.00207, -89.701505 21.001598, -89.70159 21.001151, -89.701676 21.000703, -89.701761 21.000255, -89.701848 20.999803, -89.701938 20.999328, -89.702028 20.998857, -89.702119 20.998379, -89.702205 20.997927, -89.702291 20.99748, -89.702429 20.996757, -89.702487 20.996767, -89.703917 20.997004, -89.705421 20.997253, -89.705282 20.997983, -89.705197 20.998432, -89.705111 20.998884, -89.705021 20.999358, -89.704931 20.999834, -89.704841 21.000308, -89.704756 21.000756, -89.704671 21.001204, -89.704586 21.001653, -89.7045 21.002102, -89.704412 21.002569, -89.70432 21.003051, -89.70423 21.003529, -89.704144 21.003981, -89.704059 21.004427, -89.703934 21.005085, -89.703085 21.004943, -89.702671 21.004873, -89.702655 21.00487, -89.702434 21.004833, -89.701276 21.00464, -89.700936 21.004582)))"
5738,"MULTIPOLYGON (((-89.699938 21.004164, -89.699805 21.0038, -89.699643 21.003359, -89.699591 21.003216, -89.699488 21.002935, -89.699411 21.002724, -89.699328 21.002498, -89.699219 21.0022, -89.699167 21.002059, -89.699034 21.001697, -89.699012 21.001635, -89.698854 21.001203, -89.69884 21.001164, -89.698695 21.000766, -89.698659 21.000669, -89.698538 21.000338, -89.698483 21.000186, -89.69838 20.999905, -89.698298 20.999679, -89.698223 20.999475, -89.698118 20.999187, -89.698019 20.998916, -89.697931 20.998675, -89.697736 20.998142, -89.697014 20.996165, -89.697093 20.996135, -89.69717 20.996074, -89.697242 20.995987, -89.697273 20.995902, -89.698503 20.996109, -89.699554 20.996286, -89.700995 20.996522, -89.701676 20.996634, -89.702429 20.996757, -89.702291 20.99748, -89.702205 20.997927, -89.702119 20.998379, -89.702028 20.998857, -89.701938 20.999328, -89.701848 20.999803, -89.701761 21.000255, -89.701676 21.000703, -89.70159 21.001151, -89.701505 21.001598, -89.701415 21.00207, -89.701323 21.002552, -89.701233 21.003025, -89.701148 21.003471, -89.701062 21.00392, -89.700936 21.004582, -89.700302 21.004476, -89.700301 21.004398, -89.700259 21.004298, -89.700193 21.004224, -89.700116 21.004188, -89.70003 21.004168, -89.699938 21.004164)))"
5742,"MULTIPOLYGON (((-89.691025 21.006281, -89.691689 21.005148, -89.692386 21.003959, -89.692764 21.003313, -89.693114 21.002717, -89.693459 21.002085, -89.693807 21.001447, -89.694157 21.000806, -89.694473 21.000228, -89.695151 20.998988, -89.695593 20.998178, -89.696088 20.997273, -89.696706 20.996141, -89.696754 20.996163, -89.696874 20.996183, -89.696934 20.99618, -89.697014 20.996165, -89.697736 20.998142, -89.697931 20.998675, -89.698019 20.998916, -89.698118 20.999187, -89.698223 20.999475, -89.698298 20.999679, -89.69838 20.999905, -89.698483 21.000186, -89.698538 21.000338, -89.698659 21.000669, -89.698695 21.000766, -89.69884 21.001164, -89.698854 21.001203, -89.699012 21.001635, -89.699034 21.001697, -89.699167 21.002059, -89.699219 21.0022, -89.699328 21.002498, -89.699411 21.002724, -89.699488 21.002935, -89.699591 21.003216, -89.699643 21.003359, -89.699805 21.0038, -89.699938 21.004164, -89.699785 21.004192, -89.699619 21.004233, -89.699485 21.004285, -89.699397 21.004364, -89.699355 21.00445, -89.699364 21.004583, -89.699127 21.004639, -89.69817 21.004864, -89.697442 21.005035, -89.696914 21.005159, -89.696042 21.005364, -89.695531 21.005484, -89.694555 21.005713, -89.694176 21.005802, -89.693488 21.005965, -89.693386 21.005989, -89.692232 21.006267, -89.691578 21.006424, -89.691398 21.006468, -89.691214 21.006512, -89.691192 21.006448, -89.691142 21.006372, -89.691096 21.006326, -89.691025 21.006281)))"
5757,"MULTIPOLYGON (((-89.687146 21.002827, -89.687788 21.001687, -89.688503 21.000407, -89.68912 20.999318, -89.689227 20.999127, -89.689502 20.998644, -89.689684 20.998336, -89.689743 20.998248, -89.689932 20.997968, -89.690007 20.997879, -89.690181 20.99767, -89.690251 20.9976, -89.69034 20.99751, -89.690468 20.997383, -89.690616 20.99725, -89.690692 20.997182, -89.690904 20.99703, -89.691003 20.996955, -89.691337 20.996746, -89.691478 20.996664, -89.691598 20.996594, -89.691759 20.996524, -89.692012 20.996417, -89.692263 20.996339, -89.692584 20.996238, -89.692894 20.996166, -89.693252 20.996106, -89.693574 20.996083, -89.694359 20.996027, -89.694665 20.996027, -89.695019 20.996041, -89.695326 20.99608, -89.695617 20.996075, -89.69652 20.995919, -89.696543 20.99597, -89.696594 20.996046, -89.696644 20.996098, -89.696706 20.996141, -89.696088 20.997273, -89.695593 20.998178, -89.695151 20.998988, -89.694473 21.000228, -89.694157 21.000806, -89.693807 21.001447, -89.693459 21.002085, -89.693114 21.002717, -89.692764 21.003313, -89.692386 21.003959, -89.691689 21.005148, -89.691025 21.006281, -89.690942 21.006254, -89.69085 21.006251, -89.690771 21.006261, -89.690687 21.006298, -89.690593 21.006384, -89.689725 21.005842, -89.689098 21.005445, -89.688358 21.004988, -89.687687 21.004588, -89.687114 21.004242, -89.686558 21.003888, -89.687053 21.003002, -89.687146 21.002827)))"
5761,"MULTIPOLYGON (((-89.681244 21.000545, -89.68039 21, -89.679506 20.99944, -89.678621 20.99888, -89.677737 20.998319, -89.676853 20.997759, -89.675969 20.997199, -89.675085 20.996639, -89.674161 20.996096, -89.673238 20.995553, -89.674473 20.993667, -89.675031 20.992799, -89.675567 20.991977, -89.675756 20.991677, -89.676243 20.990926, -89.676291 20.990855, -89.676514 20.990511, -89.676566 20.990542, -89.676921 20.990755, -89.677552 20.991078, -89.678499 20.991665, -89.679909 20.992536, -89.68048 20.992897, -89.680813 20.993081, -89.681103 20.993139, -89.681246 20.993172, -89.68165 20.993257, -89.682021 20.993333, -89.682692 20.99343, -89.682916 20.993464, -89.683745 20.993704, -89.684302 20.994012, -89.684579 20.994176, -89.684948 20.994281, -89.685318 20.994312, -89.685618 20.994301, -89.685916 20.994241, -89.686241 20.994197, -89.686343 20.994184, -89.686873 20.99417, -89.687883 20.994325, -89.688025 20.994345, -89.689557 20.994562, -89.689493 20.994994, -89.689366 20.995469, -89.689266 20.995895, -89.689168 20.99634, -89.689043 20.996873, -89.688935 20.997319, -89.688812 20.997776, -89.68869 20.998232, -89.688572 20.998711, -89.688466 20.999014, -89.687977 21.000134, -89.687806 21.000488, -89.687217 21.001386, -89.686512 21.002715, -89.687053 21.003002, -89.686558 21.003888, -89.686442 21.003822, -89.686022 21.003552, -89.685806 21.003423, -89.684938 21.002876, -89.683854 21.002193, -89.682891 21.001577, -89.682542 21.001334, -89.682184 21.001114, -89.681845 21.000905, -89.681244 21.000545)))"
5776,"MULTIPOLYGON (((-89.680635 21.006171, -89.680554 21.006497, -89.680035 21.006221, -89.680239 21.005287, -89.680437 21.004345, -89.680641 21.003391, -89.680838 21.002449, -89.681039 21.001495, -89.681244 21.000545, -89.681845 21.000905, -89.682184 21.001114, -89.682542 21.001334, -89.682891 21.001577, -89.683854 21.002193, -89.684938 21.002876, -89.685806 21.003423, -89.686022 21.003552, -89.686442 21.003822, -89.686558 21.003888, -89.687114 21.004242, -89.687687 21.004588, -89.688358 21.004988, -89.689098 21.005445, -89.689725 21.005842, -89.690593 21.006384, -89.69055 21.006468, -89.690542 21.006564, -89.690552 21.006662, -89.690587 21.006739, -89.690615 21.006784, -89.690566 21.006873, -89.690501 21.00699, -89.690099 21.007718, -89.689968 21.007965, -89.689856 21.008178, -89.688326 21.011084, -89.6883 21.01113, -89.687427 21.01266, -89.687176 21.013102, -89.686907 21.013579, -89.686673 21.014006, -89.686401 21.014509, -89.686127 21.015065, -89.685944 21.014984, -89.685295 21.014696, -89.685388 21.014063, -89.685466 21.013456, -89.685537 21.012913, -89.685604 21.012393, -89.685743 21.01138, -89.685816 21.010846, -89.685884 21.010342, -89.685957 21.009783, -89.686027 21.009281, -89.685956 21.009237, -89.685821 21.009156, -89.68415 21.00819, -89.682214 21.007071, -89.680635 21.006171)))"
5780,"MULTIPOLYGON (((-89.717289 20.999248, -89.715786 20.998996, -89.715009 20.998865, -89.714354 20.998754, -89.712925 20.998513, -89.711485 20.99827, -89.710134 20.998041, -89.710135 20.997963, -89.710101 20.997888, -89.710047 20.997829, -89.709983 20.997801, -89.709928 20.997788, -89.710113 20.996829, -89.710196 20.996397, -89.710285 20.995934, -89.710329 20.995705, -89.710385 20.995454, -89.710482 20.994912, -89.710639 20.994095, -89.710667 20.993953, -89.710812 20.993243, -89.710867 20.992932, -89.711498 20.993381, -89.711579 20.993438, -89.712308 20.993992, -89.713084 20.994494, -89.713651 20.994892, -89.714923 20.995712, -89.715808 20.996332, -89.716242 20.996637, -89.716706 20.996963, -89.717597 20.997576, -89.718419 20.998113, -89.718819 20.998389, -89.718947 20.998478, -89.720103 20.99927, -89.720319 20.999419, -89.720508 20.999586, -89.720416 20.999822, -89.720216 20.999712, -89.719325 20.999571, -89.718754 20.999479, -89.718215 20.999396, -89.717289 20.999248)))"
5795,"MULTIPOLYGON (((-89.705421 20.997253, -89.703917 20.997004, -89.70405 20.996316, -89.704132 20.995901, -89.704221 20.995416, -89.704308 20.99496, -89.704406 20.994481, -89.70591 20.994724, -89.707343 20.994957, -89.70743 20.994494, -89.707522 20.994003, -89.70761 20.993541, -89.7077 20.993074, -89.707701 20.993067, -89.707773 20.992689, -89.707862 20.99222, -89.707959 20.991752, -89.708052 20.991299, -89.708059 20.991003, -89.708867 20.991555, -89.708963 20.99162, -89.70899 20.991639, -89.709387 20.991926, -89.709412 20.991944, -89.709831 20.992216, -89.710271 20.99253, -89.710733 20.992824, -89.710867 20.992932, -89.710812 20.993243, -89.710667 20.993953, -89.710639 20.994095, -89.710482 20.994912, -89.710385 20.995454, -89.710329 20.995705, -89.710285 20.995934, -89.710196 20.996397, -89.710113 20.996829, -89.709928 20.997788, -89.709983 20.997801, -89.710047 20.997829, -89.710101 20.997888, -89.710135 20.997963, -89.710134 20.998041, -89.710119 20.99812, -89.710069 20.998178, -89.710008 20.998221, -89.70994 20.99824, -89.709866 20.998241, -89.709785 20.998221, -89.709712 20.998172, -89.70967 20.998106, -89.709648 20.998032, -89.709655 20.997958, -89.708292 20.997731, -89.707599 20.997616, -89.706859 20.997493, -89.705421 20.997253)))"
5808,"MULTIPOLYGON (((-89.702429 20.996757, -89.702558 20.996071, -89.702636 20.995647, -89.702723 20.995174, -89.702811 20.99471, -89.7029 20.994232, -89.702994 20.993772, -89.70309 20.993276, -89.703175 20.992826, -89.703266 20.992357, -89.703345 20.991941, -89.703434 20.991479, -89.703523 20.991017, -89.703613 20.990542, -89.7037 20.990089, -89.703784 20.989642, -89.70387 20.989188, -89.703947 20.988743, -89.704024 20.988296, -89.704032 20.98825, -89.704145 20.988398, -89.704836 20.988886, -89.705262 20.989161, -89.705417 20.989208, -89.706807 20.990108, -89.707732 20.990761, -89.707792 20.990806, -89.708059 20.991003, -89.708052 20.991299, -89.707959 20.991752, -89.707862 20.99222, -89.707773 20.992689, -89.707701 20.993067, -89.7077 20.993074, -89.70761 20.993541, -89.707522 20.994003, -89.70743 20.994494, -89.707343 20.994957, -89.70591 20.994724, -89.704406 20.994481, -89.704308 20.99496, -89.704221 20.995416, -89.704132 20.995901, -89.70405 20.996316, -89.703917 20.997004, -89.702487 20.996767, -89.702429 20.996757)))"
5812,"MULTIPOLYGON (((-89.697273 20.995902, -89.697282 20.99584, -89.697285 20.99578, -89.697265 20.9957, -89.697227 20.995636, -89.697165 20.99556, -89.697106 20.995513, -89.697596 20.994641, -89.698086 20.993768, -89.698512 20.993008, -89.698609 20.992833, -89.699072 20.992006, -89.699177 20.991819, -89.699599 20.991071, -89.699867 20.990594, -89.700111 20.99016, -89.700554 20.98937, -89.700833 20.988872, -89.701049 20.988488, -89.701061 20.988467, -89.701556 20.987579, -89.702102 20.986621, -89.702308 20.986796, -89.702786 20.987242, -89.702806 20.987208, -89.703473 20.9877, -89.70373 20.987893, -89.704032 20.98825, -89.704024 20.988296, -89.703947 20.988743, -89.70387 20.989188, -89.703784 20.989642, -89.7037 20.990089, -89.703613 20.990542, -89.703523 20.991017, -89.703434 20.991479, -89.703345 20.991941, -89.703266 20.992357, -89.703175 20.992826, -89.70309 20.993276, -89.702994 20.993772, -89.7029 20.994232, -89.702811 20.99471, -89.702723 20.995174, -89.702636 20.995647, -89.702558 20.996071, -89.702429 20.996757, -89.701676 20.996634, -89.700995 20.996522, -89.699554 20.996286, -89.698503 20.996109, -89.697273 20.995902)))"
5827,"MULTIPOLYGON (((-89.695538 20.991312, -89.695213 20.991273, -89.695137 20.991354, -89.695209 20.990975, -89.695292 20.990532, -89.69538 20.990067, -89.69547 20.989589, -89.695557 20.989127, -89.695641 20.98868, -89.695726 20.98823, -89.695811 20.987777, -89.695895 20.987331, -89.695979 20.986885, -89.696064 20.986433, -89.697468 20.986643, -89.697841 20.986707, -89.698919 20.986892, -89.699792 20.987023, -89.700391 20.987124, -89.700553 20.987152, -89.70064 20.987131, -89.701556 20.987579, -89.701061 20.988467, -89.701049 20.988488, -89.700833 20.988872, -89.700554 20.98937, -89.700111 20.99016, -89.699867 20.990594, -89.699599 20.991071, -89.699177 20.991819, -89.699072 20.992006, -89.698609 20.992833, -89.697733 20.992401, -89.697298 20.992186, -89.696876 20.991977, -89.696448 20.991766, -89.696004 20.991544, -89.695538 20.991312)))"
5831,"MULTIPOLYGON (((-89.690676 20.990418, -89.69069 20.990284, -89.690702 20.990221, -89.690789 20.989776, -89.690879 20.98931, -89.690972 20.988835, -89.691061 20.988379, -89.691149 20.987924, -89.691236 20.98748, -89.691323 20.987033, -89.691588 20.98567, -89.691685 20.985192, -89.691941 20.983864, -89.693597 20.98413, -89.694213 20.984237, -89.695 20.984361, -89.696423 20.984585, -89.696333 20.985047, -89.696332 20.98505, -89.696247 20.985487, -89.69616 20.985941, -89.696064 20.986433, -89.695979 20.986885, -89.695895 20.987331, -89.695811 20.987777, -89.695726 20.98823, -89.695641 20.98868, -89.695557 20.989127, -89.69547 20.989589, -89.69538 20.990067, -89.695292 20.990532, -89.695209 20.990975, -89.695137 20.991354, -89.695213 20.991273, -89.695538 20.991312, -89.694868 20.992473, -89.694757 20.992418, -89.693623 20.991848, -89.693533 20.991806, -89.69253 20.991322, -89.692226 20.991169, -89.691971 20.991044, -89.691211 20.990663, -89.690676 20.990418)))"
5846,"MULTIPOLYGON (((-89.689266 20.995895, -89.689366 20.995469, -89.689493 20.994994, -89.689557 20.994562, -89.689692 20.993934, -89.689767 20.993652, -89.689853 20.993441, -89.690272 20.992544, -89.6904 20.992134, -89.69051 20.991663, -89.690589 20.991177, -89.690676 20.990418, -89.691211 20.990663, -89.691971 20.991044, -89.692226 20.991169, -89.69253 20.991322, -89.693533 20.991806, -89.693623 20.991848, -89.694757 20.992418, -89.694868 20.992473, -89.695538 20.991312, -89.696004 20.991544, -89.696448 20.991766, -89.696876 20.991977, -89.697298 20.992186, -89.697733 20.992401, -89.698609 20.992833, -89.698512 20.993008, -89.698086 20.993768, -89.697596 20.994641, -89.697106 20.995513, -89.697165 20.99556, -89.697227 20.995636, -89.697265 20.9957, -89.697285 20.99578, -89.697282 20.99584, -89.697273 20.995902, -89.697242 20.995987, -89.69717 20.996074, -89.697093 20.996135, -89.697014 20.996165, -89.696934 20.99618, -89.696874 20.996183, -89.696754 20.996163, -89.696706 20.996141, -89.696644 20.996098, -89.696594 20.996046, -89.696543 20.99597, -89.69652 20.995919, -89.695617 20.996075, -89.695326 20.99608, -89.695019 20.996041, -89.694665 20.996027, -89.694359 20.996027, -89.693574 20.996083, -89.693252 20.996106, -89.692894 20.996166, -89.692584 20.996238, -89.692263 20.996339, -89.692012 20.996417, -89.691759 20.996524, -89.691598 20.996594, -89.691478 20.996664, -89.691337 20.996746, -89.691003 20.996955, -89.690904 20.99703, -89.690692 20.997182, -89.690616 20.99725, -89.690468 20.997383, -89.69034 20.99751, -89.690251 20.9976, -89.690181 20.99767, -89.690007 20.997879, -89.689932 20.997968, -89.689743 20.998248, -89.689684 20.998336, -89.689502 20.998644, -89.689227 20.999127, -89.68912 20.999318, -89.688503 21.000407, -89.687788 21.001687, -89.687146 21.002827, -89.687053 21.003002, -89.686512 21.002715, -89.687217 21.001386, -89.687806 21.000488, -89.687977 21.000134, -89.688466 20.999014, -89.688572 20.998711, -89.68869 20.998232, -89.688812 20.997776, -89.688935 20.997319, -89.689043 20.996873, -89.689168 20.99634, -89.689266 20.995895)))"
5850,"MULTIPOLYGON (((-89.685916 20.994241, -89.685837 20.993595, -89.685977 20.992816, -89.686069 20.99232, -89.686152 20.991857, -89.686244 20.991398, -89.686338 20.990949, -89.686423 20.990467, -89.68646 20.990329, -89.686814 20.988453, -89.687027 20.987211, -89.68655 20.986696, -89.687132 20.986784, -89.687218 20.986321, -89.687301 20.985889, -89.687386 20.985446, -89.687394 20.985404, -89.687421 20.985452, -89.687731 20.985964, -89.688039 20.986471, -89.688351 20.986986, -89.688665 20.987502, -89.688986 20.988032, -89.689299 20.988552, -89.690119 20.989911, -89.690326 20.990285, -89.690676 20.990418, -89.690589 20.991177, -89.69051 20.991663, -89.6904 20.992134, -89.690272 20.992544, -89.689853 20.993441, -89.689767 20.993652, -89.689692 20.993934, -89.689557 20.994562, -89.688025 20.994345, -89.687883 20.994325, -89.686873 20.99417, -89.686343 20.994184, -89.686241 20.994197, -89.685916 20.994241)))"
5865,"MULTIPOLYGON (((-89.679118 20.986519, -89.679479 20.985969, -89.680037 20.985121, -89.680577 20.984292, -89.68058 20.984288, -89.680943 20.983731, -89.681784 20.982443, -89.681877 20.982299, -89.682121 20.981946, -89.68261 20.982245, -89.683792 20.982967, -89.684245 20.983229, -89.686025 20.984278, -89.686051 20.984293, -89.686121 20.984337, -89.686159 20.984361, -89.686991 20.984878, -89.687209 20.98507, -89.687394 20.985404, -89.687386 20.985446, -89.687301 20.985889, -89.687218 20.986321, -89.687132 20.986784, -89.68655 20.986696, -89.687027 20.987211, -89.686814 20.988453, -89.68646 20.990329, -89.686423 20.990467, -89.686338 20.990949, -89.686244 20.991398, -89.686152 20.991857, -89.686069 20.99232, -89.685977 20.992816, -89.685837 20.993595, -89.685916 20.994241, -89.685618 20.994301, -89.685318 20.994312, -89.684948 20.994281, -89.684579 20.994176, -89.684302 20.994012, -89.683745 20.993704, -89.682916 20.993464, -89.682692 20.99343, -89.682021 20.993333, -89.68165 20.993257, -89.681246 20.993172, -89.681103 20.993139, -89.680813 20.993081, -89.68048 20.992897, -89.679909 20.992536, -89.678499 20.991665, -89.677552 20.991078, -89.676921 20.990755, -89.676566 20.990542, -89.676514 20.990511, -89.676962 20.989825, -89.67905 20.986622, -89.679091 20.986559, -89.679118 20.986519)))"
587A,"MULTIPOLYGON (((-89.686338 20.9791, -89.68695 20.979099, -89.687549 20.97915, -89.688141 20.979302, -89.688605 20.979471, -89.689399 20.979829, -89.690127 20.980215, -89.690641 20.980506, -89.69131 20.980825, -89.692408 20.981325, -89.692307 20.981944, -89.692229 20.982415, -89.692127 20.982878, -89.692037 20.983354, -89.691941 20.983864, -89.691685 20.985192, -89.691588 20.98567, -89.691323 20.987033, -89.691236 20.98748, -89.691149 20.987924, -89.691061 20.988379, -89.690972 20.988835, -89.690879 20.98931, -89.690789 20.989776, -89.690702 20.990221, -89.69069 20.990284, -89.690676 20.990418, -89.690326 20.990285, -89.690119 20.989911, -89.689299 20.988552, -89.688986 20.988032, -89.688665 20.987502, -89.688351 20.986986, -89.688039 20.986471, -89.687731 20.985964, -89.687421 20.985452, -89.687394 20.985404, -89.687209 20.98507, -89.686991 20.984878, -89.686159 20.984361, -89.686121 20.984337, -89.686051 20.984293, -89.686025 20.984278, -89.684245 20.983229, -89.683792 20.982967, -89.68261 20.982245, -89.682121 20.981946, -89.682487 20.98139, -89.682745 20.981006, -89.682963 20.980682, -89.683182 20.980405, -89.683352 20.980218, -89.683506 20.980062, -89.683628 20.979952, -89.683855 20.979774, -89.684075 20.979583, -89.684348 20.979522, -89.68435 20.979521, -89.684707 20.979442, -89.684817 20.979417, -89.68501 20.979374, -89.686012 20.979154, -89.686338 20.9791)))"
5884,"MULTIPOLYGON (((-89.70064 20.987131, -89.700553 20.987152, -89.700391 20.987124, -89.699792 20.987023, -89.698919 20.986892, -89.697841 20.986707, -89.697468 20.986643, -89.696064 20.986433, -89.69616 20.985941, -89.696247 20.985487, -89.696332 20.98505, -89.696333 20.985047, -89.696423 20.984585, -89.695 20.984361, -89.694213 20.984237, -89.693597 20.98413, -89.691941 20.983864, -89.692037 20.983354, -89.692127 20.982878, -89.692229 20.982415, -89.692307 20.981944, -89.692408 20.981325, -89.693485 20.981833, -89.693946 20.982004, -89.69399 20.982017, -89.694714 20.982234, -89.695376 20.982439, -89.695891 20.982566, -89.696796 20.982744, -89.697783 20.982955, -89.69942 20.983419, -89.700814 20.983806, -89.701262 20.983934, -89.703294 20.984518, -89.702408 20.986078, -89.702102 20.986621, -89.701556 20.987579, -89.70064 20.987131)))"
5899,"MULTIPOLYGON (((-89.650762 21.044743, -89.651018 21.044209, -89.651212 21.043802, -89.651547 21.043013, -89.651563 21.042977, -89.651761 21.043099, -89.651746 21.043827, -89.651754 21.044073, -89.651811 21.044191, -89.65191 21.044249, -89.653468 21.044807, -89.654852 21.04528, -89.655878 21.045634, -89.656388 21.045802, -89.656226 21.046321, -89.657201 21.046568, -89.656923 21.0476, -89.65595 21.047465, -89.655733 21.047749, -89.655639 21.047714, -89.655524 21.048019, -89.655193 21.048925, -89.654847 21.049873, -89.654544 21.050683, -89.654393 21.050822, -89.654068 21.051808, -89.65385 21.05278, -89.652877 21.052716, -89.653071 21.051689, -89.651973 21.05161, -89.650839 21.051534, -89.650898 21.050677, -89.650751 21.049558, -89.652822 21.049945, -89.653303 21.050332, -89.654048 21.050537, -89.654365 21.049691, -89.653494 21.049368, -89.653814 21.048417, -89.652869 21.048095, -89.652753 21.047591, -89.652712 21.046923, -89.652712 21.046923, -89.652925 21.046303, -89.653033 21.045975, -89.652446 21.045939, -89.65245 21.045984, -89.652458 21.046074, -89.652452 21.046082, -89.652409 21.046128, -89.652405 21.046133, -89.651588 21.046048, -89.651496 21.045206, -89.651493 21.04518, -89.651036 21.045063, -89.650762 21.044743)))"
5916,"MULTIPOLYGON (((-89.58928 21.052577, -89.589445 21.050299, -89.591306 21.050664, -89.591416 21.048613, -89.591442 21.048049, -89.591257 21.048014, -89.591327 21.047467, -89.591441 21.046568, -89.591498 21.046127, -89.590472 21.045895, -89.590547 21.04576, -89.590995 21.045083, -89.592189 21.043485, -89.593124 21.042221, -89.593528 21.041576, -89.593569 21.041509, -89.598149 21.043228, -89.599758 21.043786, -89.600973 21.044218, -89.600769 21.044899, -89.600732 21.045021, -89.600163 21.047206, -89.600163 21.047206, -89.59963 21.049413, -89.598754 21.053483, -89.598664 21.053846, -89.598378 21.054995, -89.595568 21.053746, -89.593853 21.053388, -89.592845 21.053185, -89.592826 21.053276, -89.591272 21.052973, -89.58928 21.052577)))"
5920,"MULTIPOLYGON (((-89.609034 21.049401, -89.610139 21.049075, -89.610151 21.049865, -89.610151 21.050903, -89.610163 21.051914, -89.610165 21.052943, -89.610172 21.054124, -89.610183 21.055186, -89.610186 21.055773, -89.610221 21.057369, -89.610225 21.058398, -89.609117 21.058402, -89.609116 21.057374, -89.609101 21.055768, -89.609088 21.054131, -89.609075 21.052949, -89.609068 21.051911, -89.609058 21.050893, -89.609043 21.049862, -89.609034 21.049401)))"
5935,"MULTIPOLYGON (((-89.671262 20.896722, -89.670688 20.896213, -89.669869 20.895579, -89.669836 20.895553, -89.669783 20.89552, -89.668938 20.894985, -89.668912 20.894968, -89.669716 20.893958, -89.66986 20.893747, -89.671022 20.893133, -89.671442 20.892911, -89.671909 20.892676, -89.672394 20.892467, -89.672837 20.892212, -89.673283 20.891961, -89.673729 20.891705, -89.674038 20.891539, -89.674082 20.891515, -89.674692 20.892574, -89.675824 20.894541, -89.67584 20.894568, -89.675855 20.894594, -89.675919 20.894704, -89.676943 20.896483, -89.676943 20.896483, -89.673972 20.899823, -89.673963 20.899833, -89.673942 20.899856, -89.673935 20.899846, -89.673808 20.899669, -89.673183 20.898796, -89.673169 20.898777, -89.673113 20.898698, -89.673104 20.898686, -89.672983 20.898549, -89.672359 20.897845, -89.671592 20.897002, -89.671262 20.896722)))"
594A,"MULTIPOLYGON (((-89.653235 21.072314, -89.652686 21.072335, -89.652178 21.072362, -89.651624 21.072397, -89.649915 21.072545, -89.648633 21.072632, -89.648601 21.072391, -89.648601 21.072388, -89.648573 21.071958, -89.648521 21.071478, -89.648608 21.070405, -89.648642 21.070327, -89.649096 21.070362, -89.649307 21.070378, -89.649607 21.070399, -89.649975 21.070425, -89.65057 21.070475, -89.65108 21.07052, -89.651112 21.070062, -89.651661 21.070103, -89.651641 21.070349, -89.651597 21.070818, -89.65246 21.070741, -89.654103 21.070608, -89.654117 21.070606, -89.653838 21.071097, -89.653837 21.071099, -89.654153 21.071248, -89.654354 21.071342, -89.653676 21.07262, -89.653514 21.072764, -89.65308 21.07353, -89.652704 21.073312, -89.653235 21.072314)))"
5969,"MULTIPOLYGON (((-89.637148 20.894496, -89.637318 20.893532, -89.637406 20.892964, -89.637421 20.892865, -89.637523 20.892237, -89.637561 20.892, -89.637645 20.891528, -89.637716 20.891127, -89.637709 20.890969, -89.637924 20.889939, -89.63812 20.888966, -89.63822 20.888435, -89.638308 20.887965, -89.638864 20.888081, -89.639834 20.888283, -89.640863 20.888498, -89.641024 20.887473, -89.641577 20.887483, -89.641575 20.887492, -89.641506 20.88803, -89.641262 20.889246, -89.641259 20.889262, -89.641501 20.889196, -89.64151 20.889747, -89.6413 20.88983, -89.641118 20.890436, -89.641258 20.890253, -89.641508 20.890123, -89.641528 20.891831, -89.641618 20.892786, -89.641614 20.892976, -89.64242 20.892492, -89.64267 20.892872, -89.641642 20.893497, -89.641613 20.893514, -89.641593 20.893604, -89.64161 20.893792, -89.64152 20.89385, -89.641499 20.893889, -89.640769 20.894277, -89.640853 20.893272, -89.640006 20.893803, -89.640066 20.893383, -89.639046 20.893188, -89.638899 20.893972, -89.638725 20.894905, -89.6384 20.894813, -89.637756 20.89465, -89.637148 20.894496)))"
5973,"MULTIPOLYGON (((-89.657826 20.890582, -89.658124 20.888747, -89.658131 20.888712, -89.658001 20.888641, -89.656814 20.888433, -89.656194 20.888325, -89.656265 20.887901, -89.654402 20.887564, -89.654423 20.887396, -89.654455 20.887116, -89.65448 20.886944, -89.654524 20.886669, -89.654548 20.886491, -89.654566 20.886374, -89.65461 20.886074, -89.654686 20.886086, -89.65488 20.88501, -89.654924 20.884781, -89.656783 20.885075, -89.656592 20.886025, -89.658438 20.886262, -89.660232 20.886511, -89.66285 20.886856, -89.664045 20.888794, -89.663224 20.889013, -89.66189 20.889336, -89.66146 20.892214, -89.661443 20.892324, -89.66144 20.892348, -89.661437 20.892364, -89.661427 20.892429, -89.661067 20.892404, -89.660832 20.892388, -89.660354 20.892356, -89.659517 20.892343, -89.659492 20.892342, -89.659438 20.892347, -89.658594 20.892396, -89.657889 20.892438, -89.657541 20.892479, -89.657508 20.892482, -89.657826 20.890582)))"
5988,"MULTIPOLYGON (((-89.67981 20.946565, -89.679868 20.946372, -89.68001 20.945892, -89.680207 20.945116, -89.682287 20.945443, -89.682803 20.943798, -89.683389 20.94394, -89.683434 20.943772, -89.683589 20.943683, -89.683703 20.943265, -89.683816 20.942868, -89.68379 20.942716, -89.683361 20.942608, -89.683294 20.942591, -89.68368 20.941043, -89.684417 20.940621, -89.68578 20.940919, -89.685725 20.941159, -89.686067 20.941254, -89.686029 20.941411, -89.68718 20.941699, -89.68681 20.943172, -89.687419 20.943313, -89.687335 20.943636, -89.687737 20.943725, -89.68774 20.943725, -89.687739 20.94378, -89.687745 20.943835, -89.687756 20.943889, -89.687774 20.943942, -89.687798 20.943992, -89.687827 20.94404, -89.688021 20.944342, -89.688044 20.944386, -89.688061 20.944432, -89.688072 20.94448, -89.688076 20.944528, -89.688074 20.944577, -89.687826 20.945798, -89.687811 20.945877, -89.68779 20.945955, -89.687763 20.946031, -89.687728 20.946104, -89.687688 20.946175, -89.687642 20.946243, -89.68759 20.946307, -89.686938 20.947021, -89.686895 20.947062, -89.686856 20.947108, -89.686822 20.947156, -89.686794 20.947208, -89.68677 20.947261, -89.686623 20.947715, -89.685381 20.947888, -89.684792 20.947993, -89.684328 20.948077, -89.683824 20.948185, -89.682254 20.948518, -89.682033 20.948565, -89.681768 20.948626, -89.681112 20.948771, -89.681021 20.948791, -89.680907 20.948483, -89.680796 20.948137, -89.680878 20.948078, -89.680915 20.948029, -89.680929 20.947975, -89.680919 20.9479, -89.680882 20.947829, -89.680804 20.947794, -89.680731 20.947795, -89.680659 20.947821, -89.680607 20.947865, -89.679772 20.947593, -89.679545 20.947584, -89.67981 20.946565)))"
5992,"MULTIPOLYGON (((-89.69837 20.956599, -89.699495 20.955108, -89.699575 20.955002, -89.701129 20.952943, -89.701253 20.952777, -89.70183 20.95201, -89.702102 20.951648, -89.702216 20.951471, -89.702294 20.951325, -89.702364 20.951177, -89.702426 20.951025, -89.702479 20.95087, -89.702523 20.950712, -89.702559 20.950553, -89.702582 20.950421, -89.706959 20.95125, -89.708921 20.951594, -89.705846 20.955768, -89.70578 20.955935, -89.706202 20.95652, -89.707674 20.956602, -89.707605 20.95768, -89.704886 20.95716, -89.702415 20.960478, -89.701184 20.960449, -89.701185 20.962306, -89.699588 20.962597, -89.699617 20.962933, -89.697327 20.963339, -89.697162 20.959829, -89.697227 20.958578, -89.697229 20.958422, -89.69722 20.958265, -89.697215 20.958184, -89.697211 20.958115, -89.697372 20.957904, -89.69837 20.956599)))"
6007,"MULTIPOLYGON (((-89.616446 20.891591, -89.615514 20.891494, -89.615488 20.891025, -89.615444 20.890417, -89.615404 20.889646, -89.615374 20.889145, -89.613776 20.888701, -89.613788 20.888788, -89.611752 20.889197, -89.611651 20.888612, -89.611568 20.88806, -89.6136 20.887615, -89.613511 20.886922, -89.613939 20.887038, -89.614156 20.887053, -89.614345 20.887084, -89.615007 20.887319, -89.615215 20.887459, -89.615223 20.88757, -89.615335 20.887871, -89.617102 20.888341, -89.617197 20.887896, -89.616735 20.887759, -89.616818 20.887214, -89.617672 20.887475, -89.618376 20.887676, -89.619406 20.887969, -89.619136 20.888923, -89.618916 20.889633, -89.618847 20.889859, -89.618727 20.890224, -89.618603 20.890609, -89.617663 20.890199, -89.61743 20.890099, -89.617074 20.890944, -89.616761 20.891658, -89.616446 20.891591)))"
6030,"MULTIPOLYGON (((-89.648848 20.905724, -89.64888 20.905554, -89.648992 20.90496, -89.649037 20.90475, -89.649291 20.903602, -89.649639 20.901886, -89.64969 20.901626, -89.649917 20.900455, -89.650072 20.899661, -89.650092 20.899556, -89.650275 20.898591, -89.650283 20.898549, -89.650294 20.898486, -89.650302 20.898442, -89.650461 20.897606, -89.650467 20.897574, -89.650499 20.897471, -89.650785 20.896738, -89.65079 20.896721, -89.650809 20.896666, -89.650836 20.896561, -89.650981 20.895996, -89.651081 20.895293, -89.651132 20.89489, -89.651176 20.894538, -89.651233 20.894508, -89.651484 20.89438, -89.652254 20.894024, -89.652321 20.893993, -89.652389 20.893961, -89.652859 20.893744, -89.653454 20.893506, -89.654532 20.893118, -89.655378 20.892885, -89.655472 20.892858, -89.655504 20.89285, -89.655511 20.89285, -89.656246 20.892687, -89.656415 20.892652, -89.656403 20.892735, -89.656207 20.894148, -89.656075 20.895198, -89.655947 20.895995, -89.655875 20.896537, -89.655849 20.896537, -89.654988 20.896541, -89.654631 20.896541, -89.654586 20.896541, -89.654489 20.897605, -89.65324 20.897626, -89.653262 20.898711, -89.653306 20.899387, -89.652778 20.900236, -89.652309 20.901142, -89.65312 20.901804, -89.652476 20.902603, -89.651684 20.901934, -89.651654 20.901909, -89.651621 20.902532, -89.651458 20.903552, -89.651327 20.904429, -89.651114 20.905405, -89.650886 20.90638, -89.650364 20.906228, -89.649864 20.906065, -89.648848 20.905724)))"
6045,"MULTIPOLYGON (((-89.657568 20.911197, -89.65627 20.911184, -89.65503 20.911183, -89.653355 20.910859, -89.652349 20.910643, -89.652315 20.911041, -89.652281 20.911462, -89.652275 20.911538, -89.652236 20.912115, -89.652234 20.912142, -89.65114 20.912015, -89.651137 20.912015, -89.651074 20.912009, -89.650094 20.911917, -89.649852 20.91287, -89.649845 20.912906, -89.649647 20.913919, -89.649394 20.914848, -89.649147 20.915731, -89.648972 20.915704, -89.648881 20.916041, -89.64796 20.915814, -89.647866 20.915791, -89.646904 20.91553, -89.646771 20.915503, -89.64695 20.914536, -89.646956 20.914493, -89.647139 20.913643, -89.647152 20.913563, -89.647258 20.91308, -89.647364 20.912691, -89.647327 20.912653, -89.647579 20.911703, -89.647681 20.911257, -89.647795 20.910707, -89.64781 20.910633, -89.647885 20.910268, -89.648012 20.909651, -89.648113 20.909162, -89.648219 20.908647, -89.648302 20.908203, -89.648413 20.907722, -89.648627 20.906714, -89.648668 20.906526, -89.648746 20.906171, -89.648848 20.905724, -89.649864 20.906065, -89.650364 20.906228, -89.650886 20.90638, -89.651114 20.905405, -89.651327 20.904429, -89.651458 20.903552, -89.651621 20.902532, -89.651654 20.901909, -89.651684 20.901934, -89.652476 20.902603, -89.652675 20.902772, -89.653253 20.903264, -89.653647 20.903619, -89.654057 20.903944, -89.654547 20.904364, -89.654917 20.904681, -89.65505 20.904795, -89.655402 20.905096, -89.655633 20.905293, -89.656033 20.905639, -89.656049 20.905653, -89.656471 20.906009, -89.656875 20.90636, -89.657189 20.906632, -89.657714 20.907076, -89.657703 20.907209, -89.657671 20.907768, -89.657643 20.908254, -89.6576 20.909165, -89.657592 20.909679, -89.657588 20.910196, -89.657577 20.910651, -89.657568 20.911197)))"
605A,"MULTIPOLYGON (((-89.637546 20.918926, -89.637935 20.91811, -89.638047 20.917874, -89.638222 20.917508, -89.638645 20.916566, -89.639038 20.915691, -89.640008 20.915805, -89.640552 20.915853, -89.640931 20.915904, -89.641512 20.915979, -89.642538 20.916111, -89.642814 20.916144, -89.643965 20.916279, -89.643822 20.915356, -89.643782 20.915352, -89.643721 20.914384, -89.643722 20.914355, -89.643652 20.914348, -89.643494 20.913335, -89.64333 20.912446, -89.64324 20.911904, -89.643169 20.911606, -89.643106 20.911323, -89.643013 20.910767, -89.642937 20.910208, -89.642932 20.910172, -89.642333 20.910143, -89.642383 20.909503, -89.642583 20.909322, -89.642738 20.909335, -89.643028 20.909361, -89.643193 20.909556, -89.643797 20.909616, -89.644829 20.909831, -89.645129 20.909894, -89.646825 20.910109, -89.647885 20.910268, -89.64781 20.910633, -89.647795 20.910707, -89.647681 20.911257, -89.647579 20.911703, -89.647327 20.912653, -89.647364 20.912691, -89.647258 20.91308, -89.647152 20.913563, -89.647139 20.913643, -89.646956 20.914493, -89.64695 20.914536, -89.646771 20.915503, -89.64669 20.91587, -89.646478 20.916752, -89.646449 20.916886, -89.646306 20.91753, -89.646229 20.917871, -89.64616 20.918223, -89.64607 20.918725, -89.645985 20.919122, -89.645868 20.919663, -89.645657 20.920637, -89.644423 20.920418, -89.643132 20.920136, -89.642244 20.919941, -89.642158 20.919924, -89.641125 20.919745, -89.640826 20.919693, -89.640024 20.919497, -89.63898 20.919241, -89.637987 20.919006, -89.637546 20.918926)))"
6064,"MULTIPOLYGON (((-89.643028 20.909361, -89.642738 20.909335, -89.64275 20.909003, -89.642783 20.908558, -89.642722 20.908505, -89.642646 20.908443, -89.641872 20.90402, -89.641786 20.903521, -89.642717 20.90383, -89.642052 20.902336, -89.641031 20.900144, -89.64117 20.899916, -89.641136 20.899716, -89.641164 20.899701, -89.64197 20.899288, -89.642422 20.899056, -89.642837 20.898842, -89.643528 20.898492, -89.643808 20.898349, -89.643892 20.898307, -89.644161 20.89817, -89.644211 20.898144, -89.64541 20.897524, -89.646177 20.897134, -89.646659 20.896878, -89.646682 20.896866, -89.646792 20.896809, -89.647092 20.896649, -89.647817 20.896278, -89.647825 20.896274, -89.647828 20.896273, -89.64784 20.896266, -89.648163 20.896092, -89.648682 20.895823, -89.649392 20.895459, -89.649409 20.89545, -89.650103 20.895094, -89.651135 20.894561, -89.651176 20.894538, -89.651132 20.89489, -89.651081 20.895293, -89.650981 20.895996, -89.650836 20.896561, -89.650809 20.896666, -89.65079 20.896721, -89.650785 20.896738, -89.650499 20.897471, -89.650467 20.897574, -89.650461 20.897606, -89.650302 20.898442, -89.650294 20.898486, -89.650283 20.898549, -89.650275 20.898591, -89.650092 20.899556, -89.650072 20.899661, -89.649917 20.900455, -89.64969 20.901626, -89.649639 20.901886, -89.649291 20.903602, -89.649037 20.90475, -89.648992 20.90496, -89.64888 20.905554, -89.648848 20.905724, -89.648746 20.906171, -89.648668 20.906526, -89.648627 20.906714, -89.648413 20.907722, -89.648302 20.908203, -89.648219 20.908647, -89.648113 20.909162, -89.648012 20.909651, -89.647885 20.910268, -89.646825 20.910109, -89.645129 20.909894, -89.644829 20.909831, -89.643797 20.909616, -89.643193 20.909556, -89.643028 20.909361)))"
6079,"MULTIPOLYGON (((-89.664352 20.889278, -89.664045 20.888794, -89.664187 20.888794, -89.664403 20.888851, -89.664841 20.888786, -89.66517 20.888663, -89.665348 20.888567, -89.665508 20.888554, -89.665711 20.888532, -89.665564 20.888032, -89.665866 20.887949, -89.666039 20.888447, -89.66637 20.888362, -89.666958 20.888536, -89.667082 20.888553, -89.667171 20.888275, -89.67134 20.889561, -89.671226 20.889847, -89.672808 20.890348, -89.672901 20.890421, -89.673729 20.891705, -89.673283 20.891961, -89.672837 20.892212, -89.672394 20.892467, -89.671909 20.892676, -89.671442 20.892911, -89.671022 20.893133, -89.66986 20.893747, -89.669716 20.893958, -89.668912 20.894968, -89.668635 20.894792, -89.668596 20.894768, -89.668386 20.894635, -89.668028 20.894421, -89.667317 20.894061, -89.666266 20.8936, -89.666132 20.893541, -89.665734 20.893367, -89.664478 20.892989, -89.664427 20.892974, -89.664585 20.891982, -89.664798 20.890492, -89.664698 20.890269, -89.664819 20.889356, -89.664352 20.889278)))"
6083,"MULTIPOLYGON (((-89.656124 21.067164, -89.655073 21.067074, -89.653776 21.066978, -89.653021 21.066912, -89.652467 21.066864, -89.651937 21.066832, -89.651411 21.066806, -89.650344 21.066722, -89.648926 21.066634, -89.647233 21.066509, -89.647294 21.065435, -89.647372 21.064074, -89.64739 21.06379, -89.647455 21.062628, -89.647475 21.062273, -89.647525 21.061422, -89.647536 21.061214, -89.647577 21.060718, -89.6476 21.060266, -89.647626 21.059779, -89.647669 21.059339, -89.647669 21.059102, -89.647735 21.058181, -89.647798 21.057282, -89.649875 21.056905, -89.649998 21.056883, -89.650961 21.056712, -89.651959 21.056529, -89.652056 21.056509, -89.653112 21.056297, -89.654115 21.056049, -89.654857 21.0559, -89.65517 21.055848, -89.656211 21.055647, -89.656632 21.055582, -89.656981 21.055528, -89.658009 21.055344, -89.65837 21.055236, -89.660165 21.054697, -89.661057 21.054427, -89.662013 21.054138, -89.662972 21.053855, -89.663865 21.053592, -89.664745 21.05334, -89.665658 21.053059, -89.6675 21.05249, -89.66792 21.052363, -89.668419 21.05221, -89.669314 21.051935, -89.670365 21.051636, -89.670627 21.052512, -89.67101 21.053563, -89.671566 21.055087, -89.671604 21.055192, -89.667786 21.056311, -89.668035 21.057123, -89.668041 21.057141, -89.668308 21.05798, -89.668589 21.058872, -89.666784 21.059415, -89.667111 21.060392, -89.666588 21.060573, -89.666784 21.061491, -89.666894 21.062005, -89.666996 21.062483, -89.665483 21.063301, -89.663493 21.06365, -89.663385 21.062658, -89.663279 21.061638, -89.663171 21.060673, -89.662119 21.060843, -89.660287 21.061167, -89.658931 21.061391, -89.659251 21.064447, -89.659338 21.065399, -89.65945 21.066438, -89.659538 21.067286, -89.659414 21.06742, -89.657848 21.067308, -89.657322 21.067272, -89.657219 21.06747, -89.656617 21.067287, -89.656124 21.067164)))"
6098,"MULTIPOLYGON (((-89.656923 21.0476, -89.657201 21.046568, -89.656226 21.046321, -89.656388 21.045802, -89.655878 21.045634, -89.654852 21.04528, -89.653468 21.044807, -89.65191 21.044249, -89.651811 21.044191, -89.651754 21.044073, -89.651746 21.043827, -89.651761 21.043099, -89.651563 21.042977, -89.651577 21.042943, -89.651681 21.042696, -89.651962 21.041932, -89.652324 21.041023, -89.652428 21.040754, -89.652685 21.040114, -89.653022 21.039257, -89.65304 21.039212, -89.653061 21.039156, -89.653223 21.038763, -89.653387 21.03836, -89.65372 21.037466, -89.654083 21.036583, -89.654436 21.035696, -89.654773 21.034834, -89.654784 21.034806, -89.657833 21.035848, -89.658392 21.034342, -89.658797 21.034551, -89.659374 21.034996, -89.659954 21.035729, -89.660078 21.035887, -89.660406 21.036317, -89.660581 21.03655, -89.660593 21.036566, -89.66067 21.036668, -89.660978 21.037075, -89.661039 21.037162, -89.661176 21.037354, -89.661264 21.037477, -89.661359 21.037611, -89.661473 21.037771, -89.661944 21.038422, -89.661967 21.038448, -89.662739 21.039494, -89.662775 21.039542, -89.663108 21.039987, -89.664312 21.041594, -89.666767 21.044874, -89.667205 21.045458, -89.667484 21.04583, -89.667484 21.04583, -89.667491 21.045839, -89.668063 21.04659, -89.669074 21.048042, -89.671153 21.047826, -89.671504 21.048783, -89.669449 21.048959, -89.669734 21.049792, -89.67002 21.050625, -89.670365 21.051636, -89.669314 21.051935, -89.668419 21.05221, -89.66792 21.052363, -89.6675 21.05249, -89.665658 21.053059, -89.664745 21.05334, -89.663865 21.053592, -89.662972 21.053855, -89.662013 21.054138, -89.661057 21.054427, -89.660165 21.054697, -89.65837 21.055236, -89.658009 21.055344, -89.658385 21.053776, -89.658541 21.053204, -89.658691 21.052578, -89.658823 21.052024, -89.659047 21.051115, -89.659587 21.049085, -89.658661 21.048963, -89.657653 21.048791, -89.656555 21.048626, -89.656923 21.0476)))"
6100,"MULTIPOLYGON (((-89.651018 21.052565, -89.650659 21.052535, -89.650797 21.051531, -89.648636 21.051392, -89.647549 21.051296, -89.646648 21.051233, -89.64654 21.051225, -89.646481 21.051764, -89.64509 21.051856, -89.645742 21.050488, -89.646048 21.049853, -89.646564 21.048799, -89.647037 21.04783, -89.647047 21.047807, -89.647697 21.04638, -89.648392 21.046326, -89.648779 21.046203, -89.649379 21.046013, -89.649499 21.045974, -89.649625 21.04588, -89.64978 21.045765, -89.650123 21.045548, -89.650134 21.045538, -89.65038 21.045305, -89.650632 21.044986, -89.650762 21.044743, -89.651036 21.045063, -89.651493 21.04518, -89.651496 21.045206, -89.651588 21.046048, -89.652405 21.046133, -89.652409 21.046128, -89.652452 21.046082, -89.652458 21.046074, -89.65245 21.045984, -89.652446 21.045939, -89.653033 21.045975, -89.652925 21.046303, -89.652712 21.046923, -89.652712 21.046923, -89.652753 21.047591, -89.652869 21.048095, -89.653814 21.048417, -89.653494 21.049368, -89.654365 21.049691, -89.654048 21.050537, -89.653303 21.050332, -89.652822 21.049945, -89.650751 21.049558, -89.650898 21.050677, -89.650839 21.051534, -89.651973 21.05161, -89.653071 21.051689, -89.652877 21.052716, -89.65385 21.05278, -89.654068 21.051808, -89.654393 21.050822, -89.654544 21.050683, -89.654847 21.049873, -89.655193 21.048925, -89.655524 21.048019, -89.655639 21.047714, -89.655733 21.047749, -89.65595 21.047465, -89.656923 21.0476, -89.656555 21.048626, -89.657653 21.048791, -89.658661 21.048963, -89.659587 21.049085, -89.659047 21.051115, -89.658823 21.052024, -89.658691 21.052578, -89.658541 21.053204, -89.658385 21.053776, -89.658009 21.055344, -89.656981 21.055528, -89.656632 21.055582, -89.656211 21.055647, -89.65517 21.055848, -89.654857 21.0559, -89.654115 21.056049, -89.653112 21.056297, -89.652056 21.056509, -89.65175 21.055398, -89.651496 21.054453, -89.651252 21.053479, -89.651018 21.052565)))"
6115,"MULTIPOLYGON (((-89.688326 20.924659, -89.687354 20.925264, -89.686613 20.925633, -89.686329 20.925776, -89.685364 20.926259, -89.685305 20.926288, -89.685 20.926453, -89.684346 20.926807, -89.683253 20.927399, -89.683226 20.927413, -89.68322 20.927417, -89.683172 20.927442, -89.683096 20.927484, -89.682895 20.927593, -89.682024 20.928049, -89.681723 20.928207, -89.681543 20.927936, -89.681305 20.927543, -89.68109 20.927183, -89.680888 20.926845, -89.680816 20.926724, -89.680623 20.926543, -89.680583 20.926505, -89.680907 20.926223, -89.681031 20.926098, -89.681025 20.92588, -89.681016 20.925553, -89.681007 20.92524, -89.680998 20.924907, -89.680988 20.924585, -89.680982 20.924368, -89.681142 20.924365, -89.681375 20.923463, -89.68158 20.922467, -89.681825 20.921482, -89.682064 20.920392, -89.683145 20.920471, -89.683129 20.92056, -89.684112 20.920169, -89.6853 20.919757, -89.685485 20.919685, -89.686462 20.921395, -89.686533 20.92152, -89.686728 20.92186, -89.687487 20.923177, -89.688326 20.924659)))"
612A,"MULTIPOLYGON (((-89.675293 20.921452, -89.675287 20.920841, -89.675278 20.92056, -89.676431 20.92073, -89.677492 20.920838, -89.677524 20.921061, -89.678663 20.921306, -89.679667 20.921497, -89.680722 20.921499, -89.681825 20.921482, -89.68158 20.922467, -89.681375 20.923463, -89.681142 20.924365, -89.680982 20.924368, -89.680988 20.924585, -89.680998 20.924907, -89.681007 20.92524, -89.681016 20.925553, -89.681025 20.92588, -89.681031 20.926098, -89.680907 20.926223, -89.680583 20.926505, -89.680623 20.926543, -89.680816 20.926724, -89.680888 20.926845, -89.68109 20.927183, -89.681305 20.927543, -89.681543 20.927936, -89.681723 20.928207, -89.681617 20.928263, -89.6815 20.928324, -89.681154 20.928505, -89.680342 20.928931, -89.680283 20.928961, -89.679699 20.929267, -89.679413 20.929417, -89.678542 20.929873, -89.678373 20.929963, -89.678367 20.929967, -89.67825 20.930029, -89.676878 20.930758, -89.676848 20.930774, -89.676612 20.930493, -89.676603 20.930482, -89.676013 20.929785, -89.675579 20.929272, -89.674945 20.928521, -89.6743 20.927765, -89.674914 20.92722, -89.674972 20.92674, -89.675023 20.926249, -89.675044 20.92605, -89.675029 20.925857, -89.675068 20.925442, -89.675077 20.925314, -89.675127 20.925041, -89.675137 20.924917, -89.675231 20.924157, -89.675256 20.923736, -89.675265 20.923681, -89.675331 20.922712, -89.675327 20.922679, -89.675293 20.921712, -89.675293 20.921452)))"
6134,"MULTIPOLYGON (((-89.68342 20.91614, -89.683418 20.916141, -89.683237 20.916224, -89.682173 20.916769, -89.681217 20.917247, -89.68026 20.917726, -89.679408 20.918151, -89.679444 20.918201, -89.679204 20.918214, -89.678795 20.917256, -89.678364 20.91655, -89.678126 20.916135, -89.678125 20.916132, -89.677866 20.91568, -89.677768 20.915508, -89.67756 20.915155, -89.677268 20.914663, -89.677211 20.914691, -89.677182 20.914689, -89.676739 20.914665, -89.676358 20.914644, -89.675206 20.914582, -89.675168 20.913636, -89.675168 20.913567, -89.675167 20.913532, -89.675142 20.912742, -89.67514 20.912644, -89.675167 20.911659, -89.675181 20.911223, -89.675206 20.91028, -89.675228 20.910212, -89.675267 20.909214, -89.675263 20.908549, -89.675269 20.908348, -89.675269 20.908188, -89.675289 20.907243, -89.67529 20.90712, -89.675295 20.906577, -89.675295 20.906113, -89.675301 20.904491, -89.674656 20.90343, -89.675645 20.902925, -89.675679 20.902908, -89.675719 20.902887, -89.676414 20.90405, -89.676467 20.90414, -89.676961 20.905003, -89.677975 20.906762, -89.678869 20.90826, -89.679899 20.91002, -89.680943 20.911835, -89.681429 20.912679, -89.681948 20.913586, -89.682525 20.914596, -89.68301 20.915433, -89.68301 20.915434, -89.68342 20.91614)))"
6149,"MULTIPOLYGON (((-89.685485 20.919685, -89.6853 20.919757, -89.684112 20.920169, -89.683129 20.92056, -89.683145 20.920471, -89.682064 20.920392, -89.681825 20.921482, -89.680722 20.921499, -89.679667 20.921497, -89.678663 20.921306, -89.677524 20.921061, -89.677492 20.920838, -89.676431 20.92073, -89.675278 20.92056, -89.675249 20.919856, -89.675246 20.919553, -89.67525 20.918734, -89.675249 20.91869, -89.675253 20.918547, -89.675236 20.917665, -89.67524 20.917222, -89.675236 20.916661, -89.675221 20.916008, -89.675219 20.915595, -89.675211 20.914661, -89.675206 20.914582, -89.676358 20.914644, -89.676739 20.914665, -89.677182 20.914689, -89.677211 20.914691, -89.677268 20.914663, -89.67756 20.915155, -89.677768 20.915508, -89.677866 20.91568, -89.678125 20.916132, -89.678126 20.916135, -89.678364 20.91655, -89.678795 20.917256, -89.679204 20.918214, -89.679444 20.918201, -89.679408 20.918151, -89.68026 20.917726, -89.681217 20.917247, -89.682173 20.916769, -89.683237 20.916224, -89.683418 20.916141, -89.68342 20.91614, -89.683576 20.916408, -89.685283 20.919339, -89.685485 20.919685)))"
6153,"MULTIPOLYGON (((-89.713864 21.009828, -89.712993 21.009467, -89.7132 21.009031, -89.713273 21.008865, -89.713398 21.00859, -89.713558 21.008255, -89.713645 21.00807, -89.713881 21.008172, -89.714028 21.008235, -89.714453 21.008417, -89.714495 21.008435, -89.715182 21.00873, -89.715317 21.008789, -89.71533 21.008795, -89.7156 21.00891, -89.715892 21.009036, -89.717212 21.009595, -89.718462 21.010125, -89.718196 21.010624, -89.717978 21.01107, -89.717764 21.011515, -89.716537 21.010999, -89.715544 21.010556, -89.715227 21.010417, -89.714096 21.009926, -89.713864 21.009828)))"
6168,"MULTIPOLYGON (((-89.669508 21.015716, -89.669216 21.01562, -89.669339 21.014057, -89.669412 21.013086, -89.669491 21.012117, -89.669585 21.011144, -89.669658 21.010166, -89.669729 21.009185, -89.669798 21.008251, -89.669874 21.007209, -89.671874 21.007186, -89.67123 21.01618, -89.669426 21.015979, -89.669508 21.015716)))"
6172,"MULTIPOLYGON (((-89.67134 20.889561, -89.673249 20.890069, -89.674082 20.891515, -89.674038 20.891539, -89.673729 20.891705, -89.672901 20.890421, -89.672808 20.890348, -89.671226 20.889847, -89.67134 20.889561)))"
6187,"MULTIPOLYGON (((-89.635802 20.899721, -89.636052 20.899046, -89.636041 20.898572, -89.635991 20.898074, -89.635963 20.897827, -89.635936 20.89758, -89.635871 20.897099, -89.635834 20.896829, -89.636188 20.896644, -89.636641 20.896406, -89.637551 20.895946, -89.637559 20.896138, -89.637633 20.896967, -89.637653 20.897494, -89.637667 20.897988, -89.637691 20.898479, -89.63771 20.898944, -89.637925 20.899112, -89.637673 20.899295, -89.637504 20.899418, -89.637282 20.899572, -89.63711 20.899694, -89.63683 20.899898, -89.636617 20.900057, -89.636184 20.900359, -89.635802 20.899721)))"
6191,"MULTIPOLYGON (((-89.641499 20.893889, -89.64152 20.89385, -89.64161 20.893792, -89.641593 20.893604, -89.641613 20.893514, -89.641642 20.893497, -89.64267 20.892872, -89.64242 20.892492, -89.643158 20.892046, -89.642177 20.890757, -89.642792 20.890273, -89.643813 20.891499, -89.644525 20.892308, -89.644829 20.89267, -89.645147 20.89305, -89.645749 20.893778, -89.645631 20.893752, -89.644569 20.894036, -89.644256 20.893558, -89.644003 20.893166, -89.643757 20.892784, -89.642931 20.893268, -89.64185 20.893891, -89.641528 20.894068, -89.641499 20.893889)))"
6204,"MULTIPOLYGON (((-89.617083 20.907576, -89.617007 20.907546, -89.616633 20.907132, -89.616589 20.907081, -89.615685 20.907107, -89.615722 20.906681, -89.616982 20.906851, -89.617075 20.906516, -89.617401 20.906538, -89.617431 20.906382, -89.618192 20.906432, -89.618124 20.907664, -89.617083 20.907576)))"
6219,"MULTIPOLYGON (((-89.613967 20.90148, -89.614733 20.901507, -89.614919 20.901138, -89.615205 20.900581, -89.615469 20.900273, -89.617282 20.900326, -89.617153 20.901234, -89.618249 20.901226, -89.618235 20.901625, -89.618222 20.902284, -89.618216 20.902575, -89.618231 20.903225, -89.617131 20.903255, -89.616211 20.903281, -89.616217 20.904472, -89.615299 20.904485, -89.615267 20.903303, -89.61386 20.903333, -89.614078 20.902876, -89.613102 20.90276, -89.613368 20.902188, -89.612393 20.902081, -89.612135 20.902568, -89.611136 20.902466, -89.611553 20.901372, -89.612709 20.901437, -89.613967 20.90148)))"
6223,"MULTIPOLYGON (((-89.549743 20.994742, -89.549746 20.995769, -89.548479 20.995798, -89.548452 20.994748, -89.548959 20.994746, -89.549743 20.994742)))"
6238,"MULTIPOLYGON (((-89.644944 21.070493, -89.645528 21.070432, -89.64597 21.070393, -89.646046 21.070386, -89.646511 21.070342, -89.646939 21.070303, -89.646991 21.070298, -89.647465 21.070247, -89.648078 21.070289, -89.648107 21.070291, -89.648642 21.070327, -89.648608 21.070405, -89.648521 21.071478, -89.648573 21.071958, -89.648601 21.072388, -89.648601 21.072391, -89.648633 21.072632, -89.646845 21.072779, -89.645326 21.07293, -89.645224 21.072234, -89.644944 21.070493)))"
6242,"MULTIPOLYGON (((-89.63405 21.072096, -89.63335 21.068171, -89.633139 21.067, -89.632961 21.065941, -89.633261 21.065904, -89.634033 21.065774, -89.636346 21.065508, -89.636472 21.065486, -89.637476 21.065422, -89.638455 21.065789, -89.638519 21.065657, -89.639262 21.06408, -89.639602 21.06336, -89.639622 21.063357, -89.641769 21.063094, -89.64032 21.066146, -89.642234 21.06697, -89.642405 21.068065, -89.641418 21.06821, -89.64141 21.068211, -89.641826 21.070834, -89.642017 21.072162, -89.638547 21.0726, -89.638713 21.073483, -89.637806 21.073548, -89.638076 21.075209, -89.638 21.07522, -89.638628 21.078853, -89.638629 21.078857, -89.636515 21.079172, -89.636058 21.079232, -89.635399 21.079308, -89.635227 21.079338, -89.634852 21.076987, -89.634765 21.076452, -89.634508 21.074878, -89.634339 21.073837, -89.63405 21.072096)))"
6257,"MULTIPOLYGON (((-89.614151 21.08125, -89.613636 21.081212, -89.613641 21.080183, -89.611401 21.079977, -89.611384 21.078864, -89.611363 21.077712, -89.611321 21.076563, -89.609293 21.076372, -89.607005 21.076157, -89.607046 21.074972, -89.609233 21.07517, -89.6092 21.074154, -89.611282 21.074316, -89.611262 21.073252, -89.606009 21.072861, -89.606019 21.071794, -89.6081 21.071948, -89.608104 21.072137, -89.61132 21.072339, -89.611317 21.072395, -89.612714 21.072367, -89.61275 21.071396, -89.615912 21.071354, -89.615984 21.073577, -89.61465 21.073784, -89.6135 21.073438, -89.613531 21.074524, -89.613538 21.075551, -89.615784 21.075465, -89.615773 21.074437, -89.618039 21.074415, -89.618008 21.073403, -89.619221 21.073351, -89.619205 21.072265, -89.620255 21.072247, -89.620227 21.071222, -89.619175 21.071266, -89.619172 21.071266, -89.619122 21.068197, -89.61913 21.067621, -89.620182 21.067586, -89.6212 21.067667, -89.621239 21.069188, -89.621266 21.070232, -89.621298 21.071196, -89.621337 21.072212, -89.622421 21.072177, -89.622407 21.071181, -89.623359 21.07116, -89.623692 21.071152, -89.624377 21.071136, -89.624116 21.072145, -89.623815 21.073279, -89.623555 21.0743, -89.623309 21.075328, -89.623054 21.076374, -89.622456 21.076377, -89.620323 21.076412, -89.618072 21.076443, -89.618082 21.077038, -89.618093 21.078331, -89.615827 21.078118, -89.613604 21.077918, -89.613615 21.079054, -89.615868 21.079244, -89.618186 21.079439, -89.61819 21.080563, -89.618194 21.081547, -89.615903 21.081379, -89.615546 21.081352, -89.615435 21.082562, -89.614705 21.082506, -89.61477 21.081783, -89.614814 21.081298, -89.614151 21.08125)))"
6261,"MULTIPOLYGON (((-89.555809 21.015046, -89.555834 21.014248, -89.554634 21.014174, -89.552854 21.014077, -89.55139 21.014007, -89.550683 21.013958, -89.54901 21.013443, -89.549071 21.012702, -89.549286 21.01222, -89.549747 21.01154, -89.549665 21.010837, -89.549614 21.009911, -89.54939 21.010073, -89.549366 21.009096, -89.548746 21.009636, -89.547957 21.010303, -89.547032 21.011044, -89.547 21.010063, -89.547869 21.00934, -89.547817 21.008343, -89.54861 21.007687, -89.549316 21.007097, -89.55014 21.006419, -89.550094 21.005813, -89.5511 21.005643, -89.551102 21.005084, -89.551041 21.004656, -89.551115 21.004602, -89.551358 21.004579, -89.551604 21.004456, -89.551852 21.004907, -89.552344 21.005801, -89.552581 21.006233, -89.552811 21.006625, -89.553818 21.008478, -89.554374 21.009485, -89.554807 21.010286, -89.555668 21.01188, -89.555894 21.012302, -89.556171 21.012821, -89.556514 21.013462, -89.556674 21.013761, -89.55689 21.014163, -89.55692 21.014153, -89.556952 21.014148, -89.556985 21.014148, -89.557017 21.014153, -89.557047 21.014163, -89.557076 21.014179, -89.557101 21.014198, -89.557122 21.014222, -89.557138 21.014248, -89.557149 21.014277, -89.557155 21.014307, -89.557155 21.014337, -89.557149 21.014368, -89.557138 21.014396, -89.557122 21.014423, -89.557101 21.014446, -89.557076 21.014466, -89.557048 21.014481, -89.557208 21.014788, -89.557557 21.01546, -89.557738 21.015808, -89.557684 21.01582, -89.555728 21.016243, -89.555754 21.015855, -89.555809 21.015046)))"
6350,"MULTIPOLYGON (((-89.638308 20.887965, -89.638389 20.887497, -89.638401 20.887431, -89.640021 20.887542, -89.641024 20.887473, -89.640863 20.888498, -89.639834 20.888283, -89.638864 20.888081, -89.638308 20.887965)))"
6365,"MULTIPOLYGON (((-89.669553 20.971833, -89.669791 20.971411, -89.670035 20.970985, -89.670039 20.970978, -89.670291 20.970575, -89.670542 20.970147, -89.67076 20.969736, -89.670994 20.969327, -89.671019 20.969284, -89.671227 20.96892, -89.671251 20.968877, -89.671499 20.968431, -89.671731 20.968014, -89.671944 20.967633, -89.672214 20.967147, -89.672477 20.966675, -89.672609 20.966701, -89.673037 20.966783, -89.673091 20.966793, -89.673237 20.966821, -89.67374 20.966919, -89.674256 20.967007, -89.674282 20.967011, -89.674358 20.967025, -89.675427 20.967218, -89.675481 20.967228, -89.675388 20.967749, -89.675312 20.968212, -89.675239 20.968654, -89.675169 20.969083, -89.675082 20.969553, -89.675009 20.970024, -89.674929 20.970475, -89.674852 20.970918, -89.674778 20.971359, -89.674708 20.971801, -89.674631 20.972254, -89.673343 20.972033, -89.673178 20.972003, -89.672093 20.971824, -89.672 20.972266, -89.671897 20.972268, -89.669553 20.971833)))"
637A,"MULTIPOLYGON (((-89.57712 20.969636, -89.577097 20.969511, -89.578469 20.969762, -89.579825 20.969731, -89.57984 20.96973, -89.579862 20.970134, -89.579866 20.970204, -89.579869 20.970288, -89.579883 20.970698, -89.579884 20.970728, -89.5799 20.971129, -89.579916 20.971525, -89.579918 20.971569, -89.579921 20.971597, -89.579926 20.971633, -89.579949 20.97182, -89.579959 20.971863, -89.580008 20.971928, -89.580109 20.972015, -89.580314 20.972182, -89.580452 20.972295, -89.580494 20.972377, -89.580496 20.972451, -89.58049 20.972515, -89.580482 20.972583, -89.580499 20.973001, -89.580518 20.973437, -89.580537 20.9739, -89.58055 20.974262, -89.580552 20.974338, -89.580554 20.97436, -89.580573 20.974574, -89.580671 20.974855, -89.580703 20.974949, -89.58077 20.975144, -89.580798 20.975226, -89.580698 20.97525, -89.579778 20.975423, -89.579651 20.975447, -89.579439 20.975486, -89.579085 20.975553, -89.578684 20.975628, -89.578596 20.975312, -89.578483 20.974902, -89.578352 20.97443, -89.578248 20.97401, -89.578134 20.973584, -89.578028 20.973108, -89.578019 20.973072, -89.577946 20.972773, -89.577822 20.972339, -89.577705 20.971929, -89.577582 20.971498, -89.577457 20.971055, -89.577328 20.970532, -89.577202 20.970051, -89.57712 20.969636)))"
6384,"MULTIPOLYGON (((-89.580105 20.964201, -89.580114 20.96433, -89.580115 20.964375, -89.580121 20.964564, -89.580123 20.96461, -89.580131 20.964856, -89.58014 20.965127, -89.580142 20.965208, -89.580143 20.965238, -89.580162 20.965632, -89.580186 20.966081, -89.580202 20.966511, -89.580221 20.966909, -89.580224 20.96699, -89.580229 20.967091, -89.580245 20.967465, -89.580264 20.967901, -89.580282 20.968313, -89.580283 20.968352, -89.580285 20.968394, -89.580287 20.968488, -89.580264 20.968579, -89.580229 20.968634, -89.580125 20.968728, -89.579991 20.968847, -89.579851 20.968969, -89.579801 20.969033, -89.579814 20.969256, -89.579817 20.96931, -89.579818 20.969342, -89.57984 20.96973, -89.579825 20.969731, -89.578469 20.969762, -89.577097 20.969511, -89.577054 20.969285, -89.577077 20.969192, -89.577109 20.969057, -89.57714 20.968608, -89.577143 20.968568, -89.577099 20.968103, -89.577031 20.967696, -89.576961 20.967278, -89.576886 20.966829, -89.576807 20.966353, -89.576736 20.965926, -89.576697 20.965692, -89.576733 20.96568, -89.577697 20.965399, -89.577786 20.96536, -89.578268 20.965076, -89.578542 20.96492, -89.57879 20.96477, -89.579037 20.964623, -89.57947 20.964355, -89.579778 20.964259, -89.580105 20.964201)))"
6399,"MULTIPOLYGON (((-89.578417 20.96384, -89.578409 20.963792, -89.578323 20.963233, -89.578276 20.962914, -89.578269 20.962883, -89.578121 20.962194, -89.578078 20.961993, -89.577999 20.961618, -89.577887 20.961081, -89.577734 20.960192, -89.578229 20.960141, -89.578735 20.96009, -89.579145 20.960045, -89.579272 20.960031, -89.57969 20.960009, -89.579794 20.960004, -89.579808 20.960003, -89.57993 20.959997, -89.580581 20.959966, -89.580605 20.959965, -89.580845 20.959958, -89.581087 20.959951, -89.581371 20.959938, -89.581456 20.959935, -89.58188 20.959916, -89.582271 20.959899, -89.582315 20.959897, -89.582401 20.959894, -89.582531 20.959887, -89.58261 20.959884, -89.582679 20.959883, -89.582698 20.959882, -89.582698 20.959885, -89.582756 20.960851, -89.582771 20.961093, -89.582805 20.961674, -89.582835 20.96218, -89.582855 20.962675, -89.582897 20.963541, -89.582937 20.964214, -89.582953 20.964516, -89.582642 20.96448, -89.582549 20.964466, -89.581704 20.964365, -89.581564 20.96435, -89.581233 20.964314, -89.58106 20.964299, -89.580448 20.964209, -89.580154 20.964196, -89.580105 20.964201, -89.579778 20.964259, -89.57947 20.964355, -89.579037 20.964623, -89.57879 20.96477, -89.578542 20.96492, -89.578522 20.964742, -89.578417 20.96384)))"
6401,"MULTIPOLYGON (((-89.574614 20.962133, -89.57464 20.961977, -89.574694 20.96164, -89.57473 20.961424, -89.574765 20.961216, -89.574827 20.960908, -89.574877 20.960488, -89.575827 20.960389, -89.576784 20.960289, -89.577734 20.960192, -89.577887 20.961081, -89.577999 20.961618, -89.578078 20.961993, -89.578121 20.962194, -89.578269 20.962883, -89.578276 20.962914, -89.578323 20.963233, -89.578409 20.963792, -89.578417 20.96384, -89.578522 20.964742, -89.578542 20.96492, -89.578268 20.965076, -89.577786 20.96536, -89.577697 20.965399, -89.576733 20.96568, -89.576697 20.965692, -89.576615 20.965787, -89.57661 20.965789, -89.576418 20.965869, -89.576362 20.965896, -89.576159 20.965998, -89.575762 20.966195, -89.575627 20.966264, -89.575539 20.966309, -89.575457 20.966352, -89.575454 20.966354, -89.575105 20.966519, -89.574918 20.966607, -89.574698 20.966694, -89.574384 20.966817, -89.574183 20.966887, -89.57402 20.96694, -89.574005 20.966944, -89.573832 20.96699, -89.5738 20.966999, -89.573801 20.966992, -89.573905 20.966221, -89.574037 20.965236, -89.574166 20.964275, -89.574181 20.964236, -89.574348 20.963263, -89.574614 20.962133)))"
6416,"MULTIPOLYGON (((-89.626869 20.897194, -89.625891 20.896992, -89.624849 20.896801, -89.623802 20.896591, -89.622759 20.896391, -89.623053 20.895494, -89.621629 20.895172, -89.621621 20.89517, -89.62183 20.894495, -89.622134 20.893512, -89.62216 20.893428, -89.622454 20.892474, -89.62248 20.892388, -89.62251 20.892295, -89.622756 20.891506, -89.623031 20.890626, -89.623336 20.889654, -89.623643 20.888673, -89.623771 20.888266, -89.623884 20.887913, -89.623905 20.887848, -89.625605 20.888044, -89.625662 20.88783, -89.62623 20.88793, -89.628076 20.888218, -89.627797 20.889953, -89.627733 20.890478, -89.627583 20.891529, -89.627465 20.892183, -89.627355 20.892867, -89.627476 20.893048, -89.627305 20.893616, -89.626948 20.894303, -89.626654 20.894821, -89.627779 20.895086, -89.6275 20.896494, -89.627358 20.897299, -89.626869 20.897194)))"
6420,"MULTIPOLYGON (((-89.623905 20.887848, -89.623919 20.887803, -89.624079 20.887289, -89.624159 20.887028, -89.624201 20.886892, -89.62432 20.886503, -89.624545 20.885791, -89.624845 20.884832, -89.626888 20.884746, -89.626988 20.88426, -89.62799 20.884469, -89.627976 20.885215, -89.627976 20.88522, -89.628321 20.885268, -89.628516 20.885295, -89.629048 20.88537, -89.629364 20.885428, -89.629545 20.885462, -89.630639 20.885692, -89.63168 20.885901, -89.633572 20.886274, -89.633558 20.886312, -89.632916 20.887897, -89.632309 20.887867, -89.632012 20.887873, -89.631284 20.887785, -89.630214 20.887619, -89.628189 20.887413, -89.628076 20.888218, -89.62623 20.88793, -89.625662 20.88783, -89.625605 20.888044, -89.623905 20.887848)))"
6435,"MULTIPOLYGON (((-89.547817 21.008343, -89.547738 21.007502, -89.547683 21.006523, -89.547702 21.006506, -89.547624 21.005565, -89.547627 21.005514, -89.54763 21.005466, -89.547569 21.004494, -89.547509 21.003495, -89.547451 21.00252, -89.548157 21.001867, -89.548192 21.001825, -89.548197 21.001786, -89.548107 21.000907, -89.548041 21.000225, -89.548926 21.000192, -89.549339 21.000179, -89.548484 20.998641, -89.548305 20.998265, -89.548728 20.998236, -89.549831 20.998219, -89.550915 20.998202, -89.55211 20.998206, -89.553675 20.998199, -89.554787 20.998182, -89.554788 20.998899, -89.554811 20.999999, -89.554824 21.000629, -89.55484 21.002, -89.554863 21.003155, -89.55489 21.004162, -89.554909 21.004933, -89.554924 21.005855, -89.554929 21.006196, -89.555391 21.006534, -89.556008 21.006986, -89.555594 21.007882, -89.555597 21.007925, -89.554972 21.007545, -89.55496 21.008746, -89.555225 21.008879, -89.554901 21.009952, -89.554807 21.010286, -89.554374 21.009485, -89.553818 21.008478, -89.552811 21.006625, -89.552581 21.006233, -89.552344 21.005801, -89.551852 21.004907, -89.551604 21.004456, -89.551358 21.004579, -89.551115 21.004602, -89.551041 21.004656, -89.551102 21.005084, -89.5511 21.005643, -89.550094 21.005813, -89.55014 21.006419, -89.549316 21.007097, -89.54861 21.007687, -89.547817 21.008343)))"
644A,"MULTIPOLYGON (((-89.543145 21.004673, -89.543132 21.002561, -89.543118 21.00177, -89.542484 21.001791, -89.542458 21.000816, -89.5431 21.000803, -89.543091 21.000416, -89.543054 20.998352, -89.543027 20.99696, -89.546002 20.996914, -89.547547 20.996843, -89.548305 20.998265, -89.548484 20.998641, -89.549339 21.000179, -89.548926 21.000192, -89.548041 21.000225, -89.548107 21.000907, -89.548197 21.001786, -89.548192 21.001825, -89.548157 21.001867, -89.547451 21.00252, -89.547509 21.003495, -89.547569 21.004494, -89.54763 21.005466, -89.547627 21.005514, -89.547624 21.005565, -89.547702 21.006506, -89.547683 21.006523, -89.547738 21.007502, -89.547817 21.008343, -89.546976 21.009041, -89.545704 21.010162, -89.545752 21.011312, -89.545345 21.01129, -89.5449 21.011265, -89.544914 21.01074, -89.5448 21.010807, -89.544758 21.009827, -89.54455 21.009956, -89.544542 21.009735, -89.543334 21.0104, -89.543253 21.009224, -89.543211 21.008252, -89.541373 21.009819, -89.540004 21.011031, -89.539456 21.010171, -89.537725 21.007158, -89.537436 21.006323, -89.537431 21.004547, -89.539339 21.004641, -89.541247 21.004659, -89.543145 21.004673)))"
6454,"MULTIPOLYGON (((-89.667189 21.074858, -89.667233 21.075364, -89.665796 21.075486, -89.664323 21.075621, -89.664342 21.075117, -89.664304 21.074658, -89.664266 21.074206, -89.664227 21.073738, -89.664259 21.073733, -89.664289 21.073723, -89.664316 21.073708, -89.66434 21.073689, -89.664361 21.073666, -89.664376 21.07364, -89.664387 21.073612, -89.664393 21.073583, -89.664393 21.073553, -89.664387 21.073524, -89.664376 21.073496, -89.66436 21.07347, -89.66434 21.073447, -89.664316 21.073428, -89.664288 21.073413, -89.664258 21.073403, -89.664227 21.073398, -89.664195 21.073398, -89.664135 21.072943, -89.664088 21.072476, -89.66405 21.072023, -89.664012 21.071537, -89.663975 21.071072, -89.66452 21.071016, -89.664436 21.070253, -89.664367 21.069678, -89.664371 21.06962, -89.664417 21.06953, -89.664383 21.069379, -89.664209 21.069238, -89.663787 21.069381, -89.663823 21.068913, -89.663859 21.068447, -89.663895 21.068029, -89.663899 21.067959, -89.663899 21.067958, -89.663899 21.067958, -89.663899 21.067958, -89.663899 21.067958, -89.663901 21.067809, -89.663867 21.06776, -89.6649 21.067808, -89.666828 21.067948, -89.667157 21.067972, -89.667317 21.067984, -89.668129 21.068042, -89.668952 21.068101, -89.669206 21.068118, -89.669441 21.069331, -89.669471 21.069482, -89.669487 21.069569, -89.66949 21.069569, -89.669782 21.069557, -89.669855 21.069926, -89.669958 21.070457, -89.670114 21.071258, -89.670298 21.072203, -89.670433 21.072943, -89.670446 21.073016, -89.670184 21.07304, -89.669921 21.073065, -89.669801 21.072455, -89.669714 21.072003, -89.669704 21.071949, -89.669625 21.071539, -89.66951 21.071027, -89.668362 21.071132, -89.666874 21.071274, -89.666927 21.0718, -89.666965 21.07224, -89.667008 21.072671, -89.667062 21.073311, -89.667111 21.073972, -89.667147 21.074378, -89.667189 21.074858)))"
6469,"MULTIPOLYGON (((-89.657999 21.072048, -89.657951 21.071585, -89.657904 21.071143, -89.658476 21.071094, -89.658428 21.070612, -89.658384 21.070172, -89.658331 21.06964, -89.659163 21.069708, -89.660083 21.069783, -89.660989 21.069857, -89.660967 21.069314, -89.660913 21.069257, -89.660956 21.068716, -89.660997 21.068216, -89.661028 21.06783, -89.661031 21.067786, -89.661051 21.067537, -89.661605 21.06758, -89.662184 21.067624, -89.663867 21.06776, -89.663901 21.067809, -89.663899 21.067958, -89.663899 21.067958, -89.663899 21.067958, -89.663899 21.067958, -89.663899 21.067959, -89.663895 21.068029, -89.663859 21.068447, -89.663823 21.068913, -89.663787 21.069381, -89.664209 21.069238, -89.664383 21.069379, -89.664417 21.06953, -89.664371 21.06962, -89.664367 21.069678, -89.664436 21.070253, -89.66452 21.071016, -89.663975 21.071072, -89.664012 21.071537, -89.66405 21.072023, -89.664088 21.072476, -89.664135 21.072943, -89.662651 21.073074, -89.662605 21.072607, -89.66256 21.07215, -89.662507 21.071659, -89.661158 21.071774, -89.659659 21.071909, -89.657999 21.072048)))"
6473,"MULTIPOLYGON (((-89.634978 21.019365, -89.634746 21.019344, -89.633483 21.019233, -89.633454 21.019232, -89.632688 21.019185, -89.632357 21.019169, -89.631672 21.019123, -89.631751 21.018429, -89.631758 21.018335, -89.630607 21.01829, -89.630635 21.017215, -89.630463 21.017203, -89.629597 21.01714, -89.629929 21.015346, -89.62994 21.015294, -89.629985 21.014487, -89.63004 21.013504, -89.630092 21.012801, -89.63017 21.011588, -89.632074 21.011767, -89.63291 21.011842, -89.633548 21.011904, -89.634183 21.011976, -89.634964 21.01204, -89.63521 21.012061, -89.635457 21.012083, -89.636246 21.012153, -89.636133 21.013196, -89.63606 21.014016, -89.635995 21.01467, -89.635969 21.015055, -89.635956 21.015245, -89.635951 21.015297, -89.635929 21.015588, -89.635905 21.015953, -89.635854 21.015948, -89.635843 21.016238, -89.635822 21.016484, -89.635793 21.016809, -89.635764 21.017142, -89.635743 21.01738, -89.635717 21.017672, -89.63575 21.017675, -89.635773 21.01896, -89.635801 21.019434, -89.635023 21.019396, -89.634978 21.019365)))"
6488,"MULTIPOLYGON (((-89.624772 21.01701, -89.624704 21.016521, -89.624599 21.01589, -89.624585 21.015788, -89.624548 21.015579, -89.624424 21.01485, -89.6244 21.014715, -89.624293 21.014083, -89.624262 21.013896, -89.624158 21.013262, -89.624082 21.012742, -89.624036 21.01253, -89.624013 21.012431, -89.624007 21.012395, -89.623986 21.012298, -89.623963 21.012195, -89.623851 21.011583, -89.623762 21.011093, -89.623751 21.011039, -89.623757 21.01104, -89.624911 21.011129, -89.625066 21.011143, -89.6258 21.011214, -89.626043 21.011235, -89.62682 21.011301, -89.627003 21.011317, -89.627067 21.011322, -89.628157 21.011415, -89.63017 21.011588, -89.630092 21.012801, -89.63004 21.013504, -89.629985 21.014487, -89.62994 21.015294, -89.629929 21.015346, -89.629597 21.01714, -89.628648 21.017091, -89.62878 21.017996, -89.628804 21.018142, -89.628975 21.019136, -89.629028 21.019461, -89.627855 21.019374, -89.627103 21.019302, -89.626562 21.019249, -89.625189 21.019111, -89.625141 21.019106, -89.625137 21.019106, -89.625097 21.018844, -89.625063 21.018633, -89.625052 21.018552, -89.625045 21.018508, -89.624995 21.018212, -89.624941 21.017886, -89.624912 21.017711, -89.624868 21.017494, -89.624795 21.01713, -89.624772 21.01701)))"
6492,"MULTIPOLYGON (((-89.624636 21.048952, -89.624393 21.048977, -89.624046 21.048975, -89.623442 21.048925, -89.623145 21.048882, -89.622972 21.048849, -89.622541 21.048732, -89.622234 21.048648, -89.62166 21.048414, -89.621028 21.048126, -89.620481 21.04785, -89.620635 21.04751, -89.62064 21.04741, -89.620651 21.047223, -89.622407 21.047222, -89.622412 21.0469, -89.622421 21.045993, -89.622441 21.044755, -89.622446 21.043737, -89.622448 21.043646, -89.622481 21.042765, -89.622496 21.04188, -89.622521 21.040928, -89.622518 21.040778, -89.622514 21.040081, -89.623048 21.04013, -89.623159 21.04014, -89.623905 21.040196, -89.624713 21.04026, -89.624905 21.040271, -89.625823 21.040281, -89.625977 21.040229, -89.625981 21.040249, -89.626137 21.040628, -89.626289 21.040996, -89.626313 21.041056, -89.626367 21.04117, -89.626454 21.041353, -89.626679 21.04185, -89.626717 21.041832, -89.62777 21.041369, -89.627929 21.041302, -89.628048 21.04125, -89.628467 21.041072, -89.628637 21.040999, -89.628776 21.040941, -89.628944 21.041497, -89.629119 21.042646, -89.629272 21.043493, -89.629364 21.044017, -89.629443 21.044512, -89.629524 21.045024, -89.629684 21.046026, -89.629779 21.046622, -89.62979 21.046689, -89.629806 21.046789, -89.629886 21.047519, -89.629922 21.047689, -89.629997 21.048046, -89.630057 21.048331, -89.63007 21.048394, -89.629979 21.048403, -89.629676 21.048435, -89.629115 21.048494, -89.628385 21.048565, -89.627189 21.048706, -89.626761 21.04874, -89.626718 21.048744, -89.6266 21.048755, -89.626426 21.048772, -89.625811 21.048839, -89.625432 21.048878, -89.625116 21.048907, -89.624819 21.048938, -89.624636 21.048952)))"
6505,"MULTIPOLYGON (((-89.620431 21.047823, -89.620374 21.047794, -89.62033 21.047771, -89.619932 21.047563, -89.619897 21.047544, -89.619794 21.047488, -89.618849 21.046973, -89.618362 21.046723, -89.617326 21.046159, -89.616872 21.045914, -89.616642 21.045789, -89.614992 21.044913, -89.614099 21.04444, -89.61297 21.043823, -89.612879 21.043774, -89.612416 21.043514, -89.611659 21.043109, -89.610602 21.042546, -89.610085 21.042285, -89.609599 21.042059, -89.609241 21.041902, -89.609107 21.041849, -89.608899 21.041766, -89.608489 21.041616, -89.608316 21.041553, -89.608257 21.041532, -89.607698 21.041327, -89.60735 21.041202, -89.607308 21.041187, -89.607268 21.041173, -89.606754 21.040989, -89.60581 21.04065, -89.604926 21.04033, -89.604289 21.040104, -89.603923 21.039972, -89.603254 21.039733, -89.603193 21.039709, -89.602984 21.039636, -89.602046 21.039299, -89.602041 21.039298, -89.601973 21.039273, -89.601964 21.03927, -89.601991 21.039196, -89.602042 21.039042, -89.602061 21.038988, -89.602083 21.038923, -89.60209 21.038886, -89.60212 21.038716, -89.60213 21.038658, -89.602144 21.038581, -89.602206 21.038236, -89.602236 21.038108, -89.602294 21.037866, -89.602334 21.037695, -89.602451 21.037204, -89.602701 21.03612, -89.602718 21.036046, -89.602739 21.035963, -89.603489 21.036108, -89.604718 21.036363, -89.605589 21.03654, -89.605842 21.036588, -89.60685 21.036788, -89.607875 21.036992, -89.608015 21.03582, -89.608663 21.035965, -89.608678 21.035968, -89.608718 21.035975, -89.609718 21.035875, -89.609736 21.036364, -89.610807 21.036449, -89.611905 21.036537, -89.613046 21.036628, -89.614182 21.036719, -89.615285 21.036807, -89.616236 21.036878, -89.616422 21.036897, -89.617183 21.036958, -89.617432 21.036978, -89.617491 21.036981, -89.617933 21.037008, -89.618628 21.03705, -89.619678 21.036957, -89.619684 21.037012, -89.619708 21.037199, -89.620898 21.037316, -89.622011 21.0374, -89.622053 21.037403, -89.623026 21.037477, -89.623359 21.037503, -89.624271 21.03757, -89.624279 21.037623, -89.6243 21.037755, -89.62432 21.037878, -89.624365 21.038155, -89.624426 21.038531, -89.624427 21.038536, -89.624442 21.038631, -89.624445 21.038647, -89.624488 21.038913, -89.624494 21.038951, -89.624549 21.039285, -89.624588 21.039523, -89.624599 21.039587, -89.624607 21.03964, -89.624613 21.039677, -89.624675 21.040051, -89.6247 21.04019, -89.624713 21.04026, -89.623905 21.040196, -89.623159 21.04014, -89.623048 21.04013, -89.622514 21.040081, -89.622518 21.040778, -89.622521 21.040928, -89.622496 21.04188, -89.622481 21.042765, -89.622448 21.043646, -89.622446 21.043737, -89.622441 21.044755, -89.622421 21.045993, -89.622412 21.0469, -89.622407 21.047222, -89.620651 21.047223, -89.62064 21.04741, -89.620635 21.04751, -89.620481 21.04785, -89.620431 21.047823)))"
651A,"MULTIPOLYGON (((-89.640016 21.045115, -89.640035 21.045123, -89.640648 21.043652, -89.640834 21.043204, -89.640998 21.042809, -89.6411 21.042561, -89.641334 21.041998, -89.641363 21.041927, -89.64193 21.042141, -89.642493 21.042354, -89.643905 21.042863, -89.644359 21.043031, -89.644917 21.043243, -89.645374 21.043409, -89.645828 21.043568, -89.646373 21.043775, -89.646828 21.043946, -89.648179 21.044444, -89.64838 21.044022, -89.648453 21.043879, -89.648622 21.043954, -89.648758 21.044092, -89.64853 21.044576, -89.648239 21.045207, -89.647697 21.04638, -89.645723 21.046604, -89.639743 21.047307, -89.639415 21.047349, -89.639157 21.047377, -89.639634 21.046079, -89.639733 21.04583, -89.639837 21.045571, -89.640016 21.045115)))"
6524,"MULTIPOLYGON (((-89.646373 21.043775, -89.645828 21.043568, -89.645374 21.043409, -89.644917 21.043243, -89.644359 21.043031, -89.643905 21.042863, -89.642493 21.042354, -89.64193 21.042141, -89.641363 21.041927, -89.641552 21.04147, -89.641888 21.040661, -89.642377 21.039477, -89.642445 21.039493, -89.642669 21.039546, -89.642789 21.039576, -89.642791 21.039566, -89.642794 21.039559, -89.642797 21.039549, -89.642801 21.03954, -89.642806 21.039531, -89.64281 21.039522, -89.642816 21.039514, -89.642822 21.039506, -89.642828 21.039498, -89.642835 21.03949, -89.642842 21.039483, -89.642849 21.039476, -89.642857 21.039469, -89.642865 21.039463, -89.642874 21.039458, -89.642883 21.039452, -89.642892 21.039447, -89.642901 21.039443, -89.642911 21.039439, -89.642921 21.039436, -89.642931 21.039433, -89.642941 21.03943, -89.642951 21.039428, -89.642962 21.039427, -89.642972 21.039426, -89.642983 21.039425, -89.642993 21.039426, -89.643004 21.039426, -89.643014 21.039427, -89.643024 21.039429, -89.643035 21.039431, -89.643053 21.039436, -89.643065 21.03944, -89.643074 21.039445, -89.643083 21.039449, -89.643092 21.039454, -89.643101 21.03946, -89.64311 21.039466, -89.643118 21.039472, -89.643126 21.039478, -89.643133 21.039485, -89.64314 21.039493, -89.643146 21.039501, -89.643153 21.039509, -89.643158 21.039517, -89.643163 21.039526, -89.643168 21.039534, -89.643172 21.039543, -89.643176 21.039553, -89.643179 21.039562, -89.643182 21.039572, -89.643184 21.039581, -89.643185 21.039591, -89.643186 21.039601, -89.643187 21.039611, -89.643187 21.039621, -89.643186 21.039631, -89.643185 21.03964, -89.643183 21.03965, -89.643312 21.039668, -89.64354 21.039701, -89.643555 21.039705, -89.643613 21.039722, -89.643829 21.039182, -89.645196 21.039685, -89.646678 21.040232, -89.648144 21.040794, -89.649708 21.041349, -89.649484 21.041833, -89.649777 21.04198, -89.649346 21.042867, -89.648758 21.044092, -89.648622 21.043954, -89.648453 21.043879, -89.64838 21.044022, -89.648179 21.044444, -89.646828 21.043946, -89.646373 21.043775)))"
6539,"MULTIPOLYGON (((-89.597292 21.030047, -89.59738 21.029289, -89.597475 21.028294, -89.597566 21.027281, -89.597648 21.026275, -89.598628 21.026359, -89.599589 21.026438, -89.600603 21.026504, -89.600643 21.026521, -89.601998 21.026683, -89.602955 21.026794, -89.603892 21.026902, -89.604816 21.027013, -89.604813 21.027029, -89.604808 21.027054, -89.604662 21.027734, -89.604644 21.027822, -89.604599 21.028016, -89.604588 21.028069, -89.604371 21.028994, -89.604147 21.029974, -89.604142 21.029996, -89.604129 21.030059, -89.603973 21.030794, -89.603938 21.030959, -89.603928 21.030958, -89.60296 21.030815, -89.602187 21.030694, -89.601324 21.030564, -89.600789 21.03049, -89.60031 21.03041, -89.599802 21.030337, -89.599515 21.030284, -89.599356 21.031274, -89.59825 21.031116, -89.597205 21.031049, -89.597292 21.030047)))"
6543,"MULTIPOLYGON (((-89.597 21.037486, -89.597098 21.03713, -89.597132 21.036986, -89.597275 21.036424, -89.597303 21.036401, -89.596947 21.036294, -89.596743 21.036195, -89.596755 21.035771, -89.596831 21.03562, -89.596833 21.03511, -89.596911 21.034105, -89.596984 21.033152, -89.597005 21.033078, -89.597108 21.032019, -89.597205 21.031049, -89.59825 21.031116, -89.599356 21.031274, -89.599515 21.030284, -89.599802 21.030337, -89.60031 21.03041, -89.600789 21.03049, -89.601324 21.030564, -89.602187 21.030694, -89.60296 21.030815, -89.603928 21.030958, -89.603938 21.030959, -89.60387 21.031283, -89.603866 21.031298, -89.603853 21.031332, -89.603762 21.031609, -89.603759 21.031617, -89.603552 21.032541, -89.603543 21.032582, -89.603531 21.032633, -89.603325 21.033485, -89.603281 21.033667, -89.603183 21.034072, -89.603074 21.034517, -89.603054 21.034604, -89.60305 21.03462, -89.602956 21.035029, -89.602868 21.035408, -89.602745 21.035934, -89.602739 21.035963, -89.602718 21.036046, -89.602701 21.03612, -89.602451 21.037204, -89.602334 21.037695, -89.602294 21.037866, -89.602236 21.038108, -89.602206 21.038236, -89.602144 21.038581, -89.60213 21.038658, -89.60212 21.038716, -89.60209 21.038886, -89.602083 21.038923, -89.602061 21.038988, -89.602042 21.039042, -89.601991 21.039196, -89.601964 21.03927, -89.600937 21.038901, -89.600881 21.038881, -89.600874 21.038879, -89.600541 21.038758, -89.600059 21.038585, -89.599648 21.038437, -89.599039 21.038219, -89.597949 21.037827, -89.597015 21.037491, -89.597 21.037486)))"
6558,"MULTIPOLYGON (((-89.67129 20.975848, -89.671375 20.975415, -89.671463 20.974973, -89.670212 20.97475, -89.668973 20.974522, -89.668331 20.974395, -89.668069 20.974397, -89.668196 20.974178, -89.668354 20.973929, -89.66858 20.9735, -89.668824 20.97309, -89.66908 20.97267, -89.66932 20.972254, -89.669333 20.972221, -89.669553 20.971833, -89.671897 20.972268, -89.672 20.972266, -89.672093 20.971824, -89.673178 20.972003, -89.673343 20.972033, -89.674631 20.972254, -89.674567 20.9727, -89.674486 20.973158, -89.674412 20.973605, -89.674337 20.97407, -89.674253 20.974537, -89.674184 20.974978, -89.674111 20.975438, -89.674039 20.975891, -89.673977 20.976295, -89.673928 20.9763, -89.672475 20.976051, -89.67129 20.975848)))"
6581,"MULTIPOLYGON (((-89.613058 20.896679, -89.612598 20.893923, -89.612591 20.893924, -89.612587 20.893925, -89.611505 20.894127, -89.611311 20.894165, -89.610625 20.894303, -89.61051 20.89361, -89.610965 20.893507, -89.611379 20.893413, -89.611383 20.893412, -89.611166 20.89212, -89.611166 20.89212, -89.612015 20.891936, -89.613904 20.891524, -89.614145 20.891483, -89.613894 20.889778, -89.615404 20.889646, -89.615444 20.890417, -89.615488 20.891025, -89.615514 20.891494, -89.615549 20.891902, -89.615597 20.892191, -89.615614 20.892331, -89.61567 20.892753, -89.615676 20.893237, -89.615722 20.893469, -89.615743 20.893522, -89.615869 20.893764, -89.615884 20.893829, -89.615882 20.893909, -89.615831 20.894071, -89.615839 20.894172, -89.615892 20.894284, -89.615936 20.894488, -89.615919 20.894602, -89.615904 20.894684, -89.615874 20.894767, -89.615806 20.895044, -89.615796 20.89529, -89.615843 20.8955, -89.615982 20.895776, -89.616019 20.895981, -89.615977 20.896052, -89.616029 20.896364, -89.616066 20.896613, -89.615333 20.896456, -89.61527 20.896283, -89.613058 20.896679)))"
6613,"MULTIPOLYGON (((-89.702582 20.950421, -89.702604 20.950231, -89.702613 20.950021, -89.702573 20.949723, -89.70254 20.949584, -89.702468 20.949328, -89.702377 20.949057, -89.702185 20.948632, -89.702056 20.948418, -89.701886 20.948138, -89.701286 20.947101, -89.700521 20.945783, -89.700169 20.94519, -89.700194 20.945135, -89.701208 20.942954, -89.70138 20.942787, -89.701572 20.942685, -89.701768 20.942644, -89.705393 20.942901, -89.706667 20.94299, -89.707036 20.943015, -89.708443 20.943111, -89.708816 20.943137, -89.709135 20.940062, -89.710416 20.940179, -89.710702 20.940219, -89.711213 20.940258, -89.711456 20.940281, -89.711139 20.943298, -89.712147 20.943365, -89.712069 20.94399, -89.712127 20.943998, -89.712087 20.944321, -89.711797 20.944234, -89.711139 20.944121, -89.711075 20.94455, -89.711037 20.944848, -89.710095 20.945026, -89.70721 20.945463, -89.707269 20.945036, -89.706197 20.945273, -89.706526 20.945922, -89.708109 20.94966, -89.709012 20.951572, -89.708991 20.951585, -89.708921 20.951594, -89.706959 20.95125, -89.702582 20.950421)))"
6628,"MULTIPOLYGON (((-89.68831 21.019683, -89.688086 21.019684, -89.687743 21.019651, -89.687106 21.019325, -89.686412 21.018982, -89.685917 21.018744, -89.685399 21.018495, -89.684706 21.018161, -89.684455 21.01804, -89.68509 21.01691, -89.686032 21.015235, -89.686127 21.015065, -89.686401 21.014509, -89.686673 21.014006, -89.686907 21.013579, -89.687176 21.013102, -89.687427 21.01266, -89.6883 21.01113, -89.688326 21.011084, -89.689856 21.008178, -89.690147 21.008318, -89.692917 21.009656, -89.692512 21.010379, -89.692909 21.010775, -89.693025 21.010892, -89.693496 21.011424, -89.693248 21.012012, -89.692912 21.012856, -89.692848 21.013805, -89.692856 21.014728, -89.692826 21.015571, -89.693253 21.015637, -89.69327 21.015912, -89.693277 21.016033, -89.693287 21.016102, -89.693403 21.016153, -89.693214 21.017481, -89.693055 21.018592, -89.692919 21.019545, -89.69287 21.019891, -89.69351 21.020432, -89.693824 21.020698, -89.69246 21.022384, -89.692074 21.022204, -89.691838 21.022133, -89.690664 21.021618, -89.690202 21.021266, -89.690001 21.021016, -89.690194 21.020792, -89.689628 21.020359, -89.689181 21.020115, -89.68901 21.020015, -89.68831 21.019683)))"
6632,"MULTIPOLYGON (((-89.65457 21.073087, -89.654719 21.072835, -89.655024 21.072312, -89.656655 21.072171, -89.657999 21.072048, -89.659659 21.071909, -89.661158 21.071774, -89.662507 21.071659, -89.66256 21.07215, -89.662605 21.072607, -89.662651 21.073074, -89.664135 21.072943, -89.664195 21.073398, -89.664227 21.073398, -89.664258 21.073403, -89.664288 21.073413, -89.664316 21.073428, -89.66434 21.073447, -89.66436 21.07347, -89.664376 21.073496, -89.664387 21.073524, -89.664393 21.073553, -89.664393 21.073583, -89.664387 21.073612, -89.664376 21.07364, -89.664361 21.073666, -89.66434 21.073689, -89.664316 21.073708, -89.664289 21.073723, -89.664259 21.073733, -89.664227 21.073738, -89.664266 21.074206, -89.664304 21.074658, -89.664342 21.075117, -89.664323 21.075621, -89.664289 21.076553, -89.664215 21.076745, -89.664103 21.076904, -89.66396 21.077057, -89.663846 21.077129, -89.662789 21.077214, -89.661704 21.077304, -89.660292 21.077417, -89.659779 21.077461, -89.659597 21.077476, -89.659397 21.077497, -89.658903 21.077547, -89.657061 21.077711, -89.657002 21.077177, -89.656957 21.076734, -89.656919 21.076252, -89.656875 21.07584, -89.65683 21.075331, -89.656784 21.074845, -89.656204 21.074907, -89.65615 21.074441, -89.656355 21.074073, -89.655765 21.073763, -89.654899 21.073296, -89.65457 21.073087)))"
6647,"MULTIPOLYGON (((-89.657061 21.077711, -89.658903 21.077547, -89.659397 21.077497, -89.659597 21.077476, -89.659779 21.077461, -89.660292 21.077417, -89.661704 21.077304, -89.662789 21.077214, -89.662874 21.077711, -89.662949 21.078155, -89.663026 21.078604, -89.663107 21.079078, -89.66318 21.079535, -89.663326 21.080452, -89.663371 21.080739, -89.663399 21.080916, -89.663474 21.081387, -89.663635 21.082323, -89.663721 21.082836, -89.663771 21.08313, -89.663807 21.083338, -89.663382 21.083375, -89.662315 21.083469, -89.660913 21.083594, -89.660865 21.083072, -89.660186 21.083129, -89.659461 21.083185, -89.659512 21.083711, -89.658312 21.083811, -89.65767 21.083876, -89.657069 21.083934, -89.656223 21.084015, -89.655761 21.084046, -89.655723 21.083653, -89.656004 21.08351, -89.657104 21.083399, -89.656974 21.082187, -89.656903 21.081524, -89.656702 21.079654, -89.657233 21.079603, -89.65719 21.079135, -89.657151 21.078685, -89.657107 21.07825, -89.657061 21.077711)))"
6651,"MULTIPOLYGON (((-89.652604 21.085633, -89.652023 21.085406, -89.651715 21.085388, -89.651715 21.085388, -89.651853 21.083235, -89.652162 21.083411, -89.653366 21.083869, -89.653549 21.083787, -89.653701 21.083763, -89.653921 21.083766, -89.654067 21.083807, -89.654243 21.083902, -89.654364 21.083964, -89.654511 21.084004, -89.654379 21.082007, -89.654359 21.08173, -89.654328 21.081261, -89.654113 21.080828, -89.653424 21.080429, -89.653044 21.080214, -89.65304 21.080211, -89.65263 21.080254, -89.652579 21.079837, -89.652074 21.079871, -89.652088 21.079592, -89.652122 21.079131, -89.652154 21.078654, -89.652177 21.078127, -89.651331 21.078196, -89.650611 21.077836, -89.65308 21.07353, -89.653514 21.072764, -89.653676 21.07262, -89.654071 21.072825, -89.65457 21.073087, -89.654899 21.073296, -89.655765 21.073763, -89.656355 21.074073, -89.65615 21.074441, -89.656204 21.074907, -89.656784 21.074845, -89.65683 21.075331, -89.656875 21.07584, -89.656919 21.076252, -89.656957 21.076734, -89.657002 21.077177, -89.657061 21.077711, -89.657107 21.07825, -89.657151 21.078685, -89.65719 21.079135, -89.657233 21.079603, -89.656702 21.079654, -89.656903 21.081524, -89.656974 21.082187, -89.657104 21.083399, -89.656004 21.08351, -89.655723 21.083653, -89.655761 21.084046, -89.656223 21.084015, -89.65627 21.08447, -89.656317 21.084931, -89.656367 21.085419, -89.656411 21.08585, -89.656436 21.086092, -89.656457 21.086303, -89.656488 21.086606, -89.656292 21.087061, -89.654665 21.086436, -89.653716 21.086071, -89.652604 21.085633)))"
6666,"MULTIPOLYGON (((-89.713864 21.009828, -89.714096 21.009926, -89.715227 21.010417, -89.715544 21.010556, -89.716537 21.010999, -89.717764 21.011515, -89.717566 21.011925, -89.717371 21.012347, -89.717201 21.01271, -89.717181 21.012766, -89.717008 21.013126, -89.716992 21.013166, -89.716872 21.013424, -89.716818 21.013535, -89.716622 21.013924, -89.716421 21.014327, -89.716234 21.014705, -89.71531 21.014304, -89.715222 21.014637, -89.715222 21.014637, -89.714628 21.014419, -89.714482 21.014393, -89.71427 21.014378, -89.712988 21.014197, -89.713475 21.011776, -89.713718 21.010546, -89.713864 21.009828)))"
6670,"MULTIPOLYGON (((-89.641528 20.894068, -89.64185 20.893891, -89.642931 20.893268, -89.643757 20.892784, -89.644003 20.893166, -89.644256 20.893558, -89.644569 20.894036, -89.643658 20.894263, -89.643615 20.8943, -89.6428 20.894951, -89.641653 20.895877, -89.641586 20.895321, -89.641553 20.894817, -89.64155 20.894733, -89.641528 20.894068)))"
669A,"MULTIPOLYGON (((-89.558548 21.029635, -89.55751 21.02875, -89.557495 21.028772, -89.557477 21.028793, -89.557456 21.02881, -89.557432 21.028823, -89.557405 21.028832, -89.557378 21.028836, -89.55735 21.028836, -89.557322 21.028832, -89.557295 21.028823, -89.557271 21.02881, -89.55725 21.028793, -89.557232 21.028773, -89.557218 21.02875, -89.557208 21.028725, -89.557203 21.028699, -89.555809 21.028617, -89.554998 21.028269, -89.554966 21.028309, -89.554927 21.028346, -89.554883 21.028377, -89.554836 21.028401, -89.554785 21.02842, -89.554731 21.028431, -89.554677 21.028436, -89.554623 21.028433, -89.554569 21.028424, -89.554517 21.028407, -89.554469 21.028384, -89.554424 21.028354, -89.554384 21.028319, -89.55435 21.028279, -89.554322 21.028236, -89.5543 21.028188, -89.553536 21.02844, -89.552741 21.02864, -89.552171 21.028727, -89.551882 21.028678, -89.55201 21.028213, -89.552361 21.027119, -89.552614 21.026349, -89.552654 21.026322, -89.552727 21.026289, -89.552861 21.026469, -89.553153 21.026859, -89.553684 21.026547, -89.553383 21.026111, -89.553095 21.025694, -89.552819 21.025294, -89.552501 21.024832, -89.552213 21.024416, -89.552051 21.024182, -89.552041 21.024187, -89.552001 21.024201, -89.551959 21.024208, -89.551916 21.024208, -89.551874 21.024201, -89.551834 21.024187, -89.551815 21.024177, -89.551579 21.024159, -89.55026 21.023681, -89.549821 21.024845, -89.549568 21.025538, -89.549487 21.025746, -89.549448 21.025845, -89.548672 21.025579, -89.549204 21.024198, -89.547815 21.023715, -89.547961 21.023553, -89.548187 21.023302, -89.548414 21.02305, -89.548744 21.022716, -89.547793 21.022387, -89.546876 21.022067, -89.546796 21.022039, -89.546625 21.022061, -89.546096 21.021954, -89.546257 21.019904, -89.546189 21.019793, -89.54625 21.019314, -89.546309 21.018845, -89.54637 21.018365, -89.546434 21.017926, -89.546499 21.017445, -89.546779 21.017483, -89.546775 21.017463, -89.546764 21.017401, -89.546756 21.017359, -89.546725 21.017267, -89.546704 21.017229, -89.546703 21.017227, -89.546675 21.017175, -89.546615 21.017107, -89.546542 21.017053, -89.546463 21.017012, -89.546373 21.01698, -89.546302 21.016964, -89.546301 21.016963, -89.546362 21.016482, -89.546363 21.016478, -89.546297 21.01647, -89.546288 21.016469, -89.546288 21.016469, -89.546326 21.016212, -89.546327 21.016205, -89.546364 21.016173, -89.546611 21.015958, -89.547016 21.015593, -89.547466 21.015195, -89.547877 21.014988, -89.548141 21.014791, -89.548927 21.014907, -89.548844 21.015378, -89.548764 21.015835, -89.548682 21.0163, -89.548601 21.016764, -89.548519 21.01723, -89.548436 21.017701, -89.548352 21.018178, -89.54827 21.018646, -89.548188 21.019111, -89.548108 21.01957, -89.548026 21.020034, -89.547997 21.020211, -89.551309 21.020702, -89.551482 21.020824, -89.551577 21.020922, -89.554662 21.019772, -89.554987 21.020204, -89.555082 21.021303, -89.557671 21.020527, -89.557824 21.020523, -89.557824 21.020497, -89.557829 21.020471, -89.557838 21.020446, -89.557852 21.020424, -89.55787 21.020404, -89.557892 21.020387, -89.557916 21.020374, -89.557942 21.020365, -89.557969 21.02036, -89.557997 21.02036, -89.558025 21.020365, -89.558051 21.020374, -89.558075 21.020387, -89.558097 21.020404, -89.558115 21.020424, -89.558128 21.020446, -89.558138 21.020471, -89.558143 21.020497, -89.558143 21.020523, -89.558138 21.020549, -89.558129 21.020573, -89.558115 21.020596, -89.558097 21.020616, -89.558075 21.020633, -89.558201 21.020752, -89.558403 21.021141, -89.558821 21.023901, -89.55885 21.023896, -89.558879 21.023896, -89.558907 21.023901, -89.558935 21.02391, -89.55896 21.023924, -89.558982 21.023941, -89.559001 21.023962, -89.559015 21.023986, -89.559025 21.024011, -89.55903 21.024038, -89.55903 21.024065, -89.559025 21.024092, -89.559015 21.024118, -89.559001 21.024142, -89.560078 21.024942, -89.560149 21.025008, -89.560208 21.025088, -89.56022 21.02517, -89.560218 21.025263, -89.560172 21.025377, -89.559813 21.025979, -89.559834 21.025996, -89.559852 21.026016, -89.559866 21.026039, -89.559876 21.026064, -89.559881 21.02609, -89.559881 21.026117, -89.559876 21.026143, -89.559866 21.026167, -89.559852 21.02619, -89.559834 21.026211, -89.559813 21.026228, -89.559788 21.026241, -89.559762 21.02625, -89.559734 21.026255, -89.559706 21.026255, -89.559678 21.02625, -89.559652 21.026241, -89.559627 21.026228, -89.559507 21.026425, -89.559422 21.026524, -89.559202 21.026706, -89.559044 21.026807, -89.559355 21.027723, -89.559607 21.028547, -89.558548 21.029635)))"
6702,"MULTIPOLYGON (((-89.540364 20.984287, -89.540344 20.98427, -89.540481 20.984166, -89.540809 20.983895, -89.541146 20.983505, -89.541438 20.983048, -89.541608 20.982583, -89.541796 20.982076, -89.541777 20.98174, -89.542008 20.981892, -89.542188 20.981895, -89.542274 20.981911, -89.542358 20.981911, -89.542409 20.981905, -89.54256 20.98191, -89.543052 20.981909, -89.543195 20.981909, -89.544532 20.981906, -89.544677 20.981906, -89.544719 20.981906, -89.544768 20.981906, -89.544909 20.981906, -89.545492 20.981886, -89.546527 20.98185, -89.546604 20.981867, -89.547034 20.981852, -89.547237 20.981849, -89.551779 20.981855, -89.552341 20.981856, -89.552821 20.981856, -89.553305 20.981857, -89.553311 20.982071, -89.553417 20.985572, -89.551324 20.985518, -89.545555 20.985398, -89.545535 20.985699, -89.544125 20.985701, -89.543923 20.985701, -89.543578 20.985703, -89.543079 20.985703, -89.542588 20.985702, -89.541416 20.985692, -89.541485 20.985577, -89.541701 20.985432, -89.541085 20.985111, -89.540398 20.984647, -89.540413 20.984627, -89.540421 20.984613, -89.540428 20.984599, -89.540444 20.984557, -89.540444 20.984557, -89.540444 20.984557, -89.540453 20.984514, -89.540453 20.984514, -89.540453 20.984514, -89.540453 20.984514, -89.540454 20.98447, -89.540454 20.98447, -89.540454 20.98447, -89.540454 20.98447, -89.540448 20.984427, -89.540448 20.984427, -89.540448 20.984427, -89.540448 20.984427, -89.540434 20.984385, -89.540434 20.984385, -89.540434 20.984385, -89.540414 20.984345, -89.540387 20.98431, -89.540375 20.984298, -89.540364 20.984287)))"
6717,"MULTIPOLYGON (((-89.540364 20.984287, -89.540375 20.984298, -89.540387 20.98431, -89.540414 20.984345, -89.540434 20.984385, -89.540434 20.984385, -89.540434 20.984385, -89.540448 20.984427, -89.540448 20.984427, -89.540448 20.984427, -89.540448 20.984427, -89.540454 20.98447, -89.540454 20.98447, -89.540454 20.98447, -89.540454 20.98447, -89.540453 20.984514, -89.540453 20.984514, -89.540453 20.984514, -89.540453 20.984514, -89.540444 20.984557, -89.540444 20.984557, -89.540444 20.984557, -89.540428 20.984599, -89.540421 20.984613, -89.540413 20.984627, -89.540398 20.984647, -89.541085 20.985111, -89.541701 20.985432, -89.541485 20.985577, -89.541416 20.985692, -89.541733 20.986215, -89.54193 20.986563, -89.542145 20.986944, -89.542263 20.987154, -89.542352 20.987313, -89.542536 20.987639, -89.542595 20.987742, -89.542838 20.988173, -89.543059 20.988564, -89.543086 20.988613, -89.543311 20.989013, -89.543345 20.989072, -89.543383 20.989232, -89.543443 20.989616, -89.543685 20.990065, -89.543968 20.990527, -89.544262 20.990999, -89.544298 20.991183, -89.544461 20.991622, -89.544272 20.991692, -89.543705 20.991705, -89.543703 20.991495, -89.543202 20.991499, -89.542701 20.991503, -89.542725 20.992195, -89.54221 20.992204, -89.541705 20.992212, -89.541209 20.99222, -89.540684 20.992228, -89.540188 20.992236, -89.539581 20.992245, -89.539313 20.99225, -89.538999 20.992255, -89.538379 20.992265, -89.538375 20.992029, -89.538365 20.991571, -89.538355 20.9911, -89.538341 20.990603, -89.538331 20.990137, -89.538336 20.989687, -89.538329 20.989136, -89.538321 20.988636, -89.538312 20.988172, -89.538301 20.98772, -89.538292 20.987224, -89.53829 20.986739, -89.53828 20.986272, -89.538276 20.985688, -89.538248 20.984318, -89.538424 20.984315, -89.539338 20.984318, -89.539844 20.984321, -89.539953 20.984342, -89.539968 20.984345, -89.539993 20.984311, -89.539993 20.984311, -89.540023 20.984281, -89.540023 20.984281, -89.540058 20.984257, -89.540058 20.984257, -89.540096 20.984239, -89.540096 20.984239, -89.540138 20.984227, -89.540138 20.984227, -89.540181 20.984222, -89.540181 20.984222, -89.540224 20.984224, -89.540267 20.984233, -89.540267 20.984233, -89.540307 20.984248, -89.540307 20.984248, -89.540344 20.98427, -89.540364 20.984287)))"
6721,"MULTIPOLYGON (((-89.531572 20.990701, -89.531726 20.990239, -89.531801 20.989792, -89.531782 20.989247, -89.531767 20.988724, -89.531755 20.988281, -89.531742 20.987819, -89.531728 20.987331, -89.531714 20.986851, -89.531701 20.986377, -89.531682 20.985693, -89.53279 20.985696, -89.532994 20.985696, -89.533501 20.985697, -89.533981 20.985698, -89.534282 20.985699, -89.534454 20.985699, -89.534953 20.985698, -89.535287 20.985697, -89.535438 20.985697, -89.535874 20.985697, -89.536301 20.985697, -89.538276 20.985688, -89.53828 20.986272, -89.53829 20.986739, -89.538292 20.987224, -89.538301 20.98772, -89.538312 20.988172, -89.538321 20.988636, -89.538329 20.989136, -89.538336 20.989687, -89.538331 20.990137, -89.538341 20.990603, -89.538355 20.9911, -89.538365 20.991571, -89.538375 20.992029, -89.537299 20.992045, -89.536438 20.992061, -89.53543 20.992081, -89.53544 20.992544, -89.534732 20.992555, -89.534717 20.992087, -89.533702 20.992107, -89.53268 20.992127, -89.532697 20.992586, -89.531767 20.9926, -89.531743 20.99252, -89.531564 20.991915, -89.531507 20.991607, -89.531505 20.991576, -89.531491 20.99125, -89.531507 20.991139, -89.53155 20.990848, -89.531571 20.990707, -89.531572 20.990701)))"
6736,"MULTIPOLYGON (((-89.636568 21.086033, -89.635933 21.082611, -89.635817 21.081986, -89.63558 21.080902, -89.635227 21.079338, -89.635399 21.079308, -89.636058 21.079232, -89.636515 21.079172, -89.638629 21.078857, -89.639315 21.078765, -89.641503 21.078469, -89.642006 21.081399, -89.644602 21.082705, -89.646236 21.083586, -89.646096 21.085897, -89.645303 21.085894, -89.645309 21.086143, -89.64531 21.086722, -89.642319 21.086617, -89.640921 21.086475, -89.636568 21.086033)))"
6740,"MULTIPOLYGON (((-89.709049 20.92724, -89.708996 20.927454, -89.709916 20.927648, -89.711043 20.927885, -89.711277 20.927927, -89.710806 20.929864, -89.708523 20.929394, -89.706983 20.929367, -89.706855 20.931079, -89.705455 20.931738, -89.70337 20.933035, -89.701647 20.93409, -89.698418 20.936088, -89.698402 20.936064, -89.698334 20.935961, -89.697086 20.936735, -89.695446 20.934395, -89.695424 20.934363, -89.694404 20.935035, -89.694324 20.935087, -89.694491 20.935407, -89.693031 20.936122, -89.692068 20.936593, -89.691378 20.936953, -89.691154 20.937078, -89.690924 20.937203, -89.690634 20.937314, -89.690454 20.93735, -89.690255 20.937362, -89.690037 20.937353, -89.689668 20.937292, -89.689655 20.937325, -89.689637 20.937355, -89.689613 20.937381, -89.689585 20.937403, -89.689553 20.937421, -89.689519 20.937433, -89.689482 20.937439, -89.689446 20.937439, -89.689409 20.937433, -89.689406 20.937432, -89.689375 20.937421, -89.689343 20.937404, -89.689315 20.937382, -89.689291 20.937355, -89.689273 20.937325, -89.68926 20.937293, -89.689253 20.937259, -89.689253 20.937224, -89.689199 20.937214, -89.688655 20.937119, -89.688475 20.937087, -89.688363 20.937534, -89.688275 20.93785, -89.688074 20.93838, -89.686679 20.93918, -89.685831 20.939731, -89.684534 20.940519, -89.683219 20.941285, -89.68323 20.940984, -89.683407 20.938875, -89.683571 20.936984, -89.683655 20.936019, -89.685622 20.934778, -89.686738 20.934074, -89.6869 20.934311, -89.68759 20.934474, -89.687477 20.934905, -89.687356 20.935368, -89.688803 20.935707, -89.688808 20.935708, -89.689451 20.935869, -89.689648 20.935119, -89.690378 20.93211, -89.690524 20.931711, -89.690715 20.93144, -89.690902 20.931171, -89.691198 20.930814, -89.691647 20.930518, -89.691698 20.930485, -89.69187 20.930763, -89.691925 20.930729, -89.695457 20.928493, -89.698239 20.932508, -89.699785 20.931501, -89.704119 20.928679, -89.70291 20.926915, -89.703401 20.926603, -89.704563 20.925905, -89.704851 20.926334, -89.705889 20.925737, -89.706765 20.926983, -89.706995 20.926851, -89.707123 20.926831, -89.707261 20.926834, -89.707879 20.926964, -89.708163 20.925785, -89.707144 20.925579, -89.707412 20.924324, -89.709606 20.924777, -89.709489 20.925293, -89.70939 20.925731, -89.709049 20.92724)))"
6755,"MULTIPOLYGON (((-89.547734 20.989554, -89.547307 20.989529, -89.547302 20.987521, -89.547125 20.987406, -89.545112 20.98729, -89.545105 20.987869, -89.545099 20.988332, -89.545086 20.989336, -89.544166 20.989275, -89.543383 20.989232, -89.543345 20.989072, -89.543311 20.989013, -89.543086 20.988613, -89.543059 20.988564, -89.542838 20.988173, -89.542595 20.987742, -89.542536 20.987639, -89.542352 20.987313, -89.542263 20.987154, -89.542145 20.986944, -89.54193 20.986563, -89.541733 20.986215, -89.541416 20.985692, -89.542588 20.985702, -89.543079 20.985703, -89.543578 20.985703, -89.543923 20.985701, -89.544125 20.985701, -89.545535 20.985699, -89.545555 20.985398, -89.551324 20.985518, -89.553417 20.985572, -89.553561 20.99007, -89.552263 20.989958, -89.551533 20.989896, -89.550436 20.989801, -89.549733 20.989741, -89.54894 20.989673, -89.547738 20.989554, -89.547734 20.989554)))"
676A,"MULTIPOLYGON (((-89.670433 21.072943, -89.670298 21.072203, -89.670114 21.071258, -89.669958 21.070457, -89.669855 21.069926, -89.669782 21.069557, -89.671699 21.069475, -89.672174 21.069452, -89.672215 21.070377, -89.67225 21.071166, -89.672327 21.072841, -89.672084 21.072853, -89.671951 21.073018, -89.671896 21.073086, -89.671842 21.073086, -89.671757 21.073071, -89.671687 21.073032, -89.671633 21.072971, -89.67161 21.072894, -89.670446 21.073016, -89.670433 21.072943)))"
6774,"MULTIPOLYGON (((-89.53064 20.989801, -89.530632 20.989266, -89.529305 20.989289, -89.529049 20.989293, -89.528752 20.989119, -89.528313 20.988863, -89.528038 20.98886, -89.527715 20.988866, -89.527027 20.988872, -89.526159 20.988881, -89.525373 20.988888, -89.525357 20.988417, -89.525345 20.987958, -89.525333 20.987466, -89.525323 20.986971, -89.52514 20.986972, -89.525123 20.986521, -89.525095 20.985759, -89.525233 20.985759, -89.525221 20.985269, -89.525219 20.98523, -89.525193 20.984545, -89.525504 20.984538, -89.52549 20.984109, -89.52599 20.984098, -89.527543 20.984077, -89.529329 20.984052, -89.530212 20.98404, -89.530874 20.98403, -89.530874 20.984017, -89.530872 20.983963, -89.53087 20.983862, -89.531896 20.983844, -89.532824 20.983827, -89.53433 20.9838, -89.534362 20.983799, -89.534367 20.983973, -89.535613 20.983972, -89.537164 20.983944, -89.538415 20.983922, -89.539321 20.983907, -89.539338 20.984318, -89.538424 20.984315, -89.538248 20.984318, -89.538276 20.985688, -89.536301 20.985697, -89.535874 20.985697, -89.535438 20.985697, -89.535287 20.985697, -89.534953 20.985698, -89.534454 20.985699, -89.534282 20.985699, -89.533981 20.985698, -89.533501 20.985697, -89.532994 20.985696, -89.53279 20.985696, -89.531682 20.985693, -89.531701 20.986377, -89.531714 20.986851, -89.531728 20.987331, -89.531742 20.987819, -89.531755 20.988281, -89.531767 20.988724, -89.531782 20.989247, -89.531801 20.989792, -89.531726 20.990239, -89.531572 20.990701, -89.531255 20.990694, -89.530649 20.990688, -89.530647 20.99028, -89.53064 20.989801)))"
6789,"MULTIPOLYGON (((-89.608457 21.041688, -89.608489 21.041616, -89.608899 21.041766, -89.609107 21.041849, -89.609241 21.041902, -89.609599 21.042059, -89.610085 21.042285, -89.610602 21.042546, -89.611659 21.043109, -89.612416 21.043514, -89.612879 21.043774, -89.61297 21.043823, -89.614099 21.04444, -89.614992 21.044913, -89.616642 21.045789, -89.616872 21.045914, -89.617326 21.046159, -89.618362 21.046723, -89.618348 21.046727, -89.617172 21.047062, -89.616933 21.04713, -89.614969 21.047699, -89.614307 21.047885, -89.611205 21.048756, -89.611064 21.048807, -89.610139 21.049075, -89.609034 21.049401, -89.60659 21.050153, -89.606257 21.048532, -89.606034 21.047075, -89.606144 21.04685, -89.608457 21.041688)))"
6793,"MULTIPOLYGON (((-89.681787 21.026092, -89.681782 21.026088, -89.681756 21.02607, -89.681978 21.025834, -89.682403 21.025312, -89.682626 21.024996, -89.682894 21.024589, -89.683137 21.024239, -89.683478 21.023855, -89.68356 21.023772, -89.682373 21.02284, -89.68232 21.022759, -89.682265 21.022673, -89.682182 21.022546, -89.682043 21.022331, -89.682221 21.022015, -89.684455 21.01804, -89.684706 21.018161, -89.685399 21.018495, -89.685917 21.018744, -89.686412 21.018982, -89.687106 21.019325, -89.687743 21.019651, -89.688086 21.019684, -89.68831 21.019683, -89.68901 21.020015, -89.689181 21.020115, -89.689628 21.020359, -89.690194 21.020792, -89.690001 21.021016, -89.690202 21.021266, -89.690664 21.021618, -89.691838 21.022133, -89.692074 21.022204, -89.69246 21.022384, -89.691295 21.023824, -89.689869 21.025672, -89.690296 21.026017, -89.690393 21.026095, -89.689747 21.02685, -89.689509 21.027156, -89.689391 21.027376, -89.689362 21.027431, -89.689292 21.02756, -89.689051 21.027887, -89.688757 21.028207, -89.688625 21.028333, -89.68841 21.02852, -89.688239 21.028637, -89.687919 21.028872, -89.687749 21.029045, -89.687506 21.029335, -89.687314 21.029629, -89.687036 21.029983, -89.685512 21.02885, -89.683524 21.027367, -89.681787 21.026092)))"
6806,"MULTIPOLYGON (((-89.670679 21.042012, -89.670716 21.041922, -89.671211 21.041022, -89.670184 21.040803, -89.670336 21.040322, -89.670489 21.039837, -89.67063 21.039388, -89.670797 21.038858, -89.66867 21.038485, -89.668972 21.037516, -89.669273 21.03655, -89.669578 21.03557, -89.669881 21.034596, -89.670172 21.033636, -89.670172 21.033636, -89.670264 21.033348, -89.671327 21.033545, -89.672343 21.033738, -89.672292 21.033925, -89.672266 21.034019, -89.671999 21.034978, -89.673064 21.035189, -89.674354 21.03542, -89.674944 21.035523, -89.676212 21.035773, -89.675923 21.036735, -89.675617 21.037707, -89.675284 21.038681, -89.675136 21.039139, -89.67497 21.039693, -89.675679 21.039814, -89.67601 21.039871, -89.676375 21.039934, -89.678147 21.040264, -89.677857 21.04121, -89.677717 21.041666, -89.677556 21.042169, -89.67741 21.042647, -89.676373 21.042454, -89.676515 21.041982, -89.675427 21.041781, -89.674381 21.041594, -89.673323 21.041397, -89.672264 21.041214, -89.672094 21.041705, -89.671928 21.042184, -89.671307 21.042066, -89.671199 21.04205, -89.671203 21.0421, -89.671187 21.042167, -89.671161 21.042216, -89.671116 21.042271, -89.671049 21.04231, -89.670979 21.042335, -89.670884 21.042335, -89.670813 21.042313, -89.670749 21.042271, -89.670712 21.04223, -89.670677 21.042164, -89.670669 21.0421, -89.670679 21.042012)))"
6810,"MULTIPOLYGON (((-89.720508 20.999586, -89.720319 20.999419, -89.720103 20.99927, -89.718947 20.998478, -89.718819 20.998389, -89.718419 20.998113, -89.717597 20.997576, -89.717735 20.997249, -89.717996 20.99691, -89.718434 20.996343, -89.718733 20.995956, -89.719037 20.995567, -89.719349 20.995167, -89.719682 20.994716, -89.71971 20.994731, -89.719741 20.994742, -89.719773 20.994747, -89.719805 20.994747, -89.719837 20.994741, -89.719868 20.994731, -89.719896 20.994716, -89.719921 20.994696, -89.719942 20.994673, -89.719958 20.994646, -89.719969 20.994618, -89.719974 20.994588, -89.719974 20.994557, -89.719969 20.994527, -89.719957 20.994498, -89.719941 20.994472, -89.71992 20.994449, -89.719895 20.994429, -89.720136 20.994201, -89.720255 20.99413, -89.720481 20.994083, -89.721157 20.99407, -89.722801 20.994002, -89.724412 20.993942, -89.724962 20.993914, -89.725646 20.99388, -89.725653 20.993926, -89.725668 20.993971, -89.72569 20.994014, -89.725718 20.994053, -89.725753 20.994087, -89.725793 20.994116, -89.725837 20.994139, -89.725884 20.994155, -89.725933 20.994164, -89.725983 20.994167, -89.726018 20.994873, -89.726089 20.996296, -89.726159 20.997713, -89.72616 20.997721, -89.726212 20.998783, -89.726203 20.99883, -89.72617 20.998995, -89.726149 20.999103, -89.726131 20.999192, -89.725918 21.000264, -89.725882 21.000443, -89.725839 21.000443, -89.725797 21.00045, -89.725756 21.000464, -89.725719 21.000485, -89.725686 21.000511, -89.725659 21.000542, -89.725637 21.000577, -89.725622 21.000614, -89.725615 21.000654, -89.724252 21.000408, -89.722663 21.000122, -89.721064 20.999869, -89.720718 20.999694, -89.720508 20.999586)))"
6825,"MULTIPOLYGON (((-89.710867 20.992932, -89.710956 20.992802, -89.711311 20.992325, -89.711742 20.991746, -89.711858 20.99161, -89.712264 20.99113, -89.712287 20.991103, -89.71237 20.991001, -89.712393 20.990964, -89.712474 20.990837, -89.712476 20.990824, -89.712495 20.990671, -89.712505 20.990586, -89.712486 20.990065, -89.71247 20.989616, -89.712454 20.989158, -89.712436 20.988648, -89.71242 20.988222, -89.712403 20.987737, -89.712414 20.986479, -89.717863 20.986524, -89.720354 20.986542, -89.723595 20.986572, -89.724301 20.986835, -89.724749 20.987023, -89.725023 20.987199, -89.725402 20.987587, -89.725493 20.98774, -89.725571 20.98789, -89.725691 20.988118, -89.725744 20.988222, -89.725809 20.989566, -89.725862 20.990466, -89.725892 20.990982, -89.725916 20.991928, -89.725952 20.992888, -89.725939 20.993552, -89.725889 20.993561, -89.725842 20.993576, -89.725798 20.993599, -89.725757 20.993627, -89.725722 20.993661, -89.725693 20.993699, -89.72567 20.993741, -89.725655 20.993786, -89.725647 20.993832, -89.725646 20.99388, -89.724962 20.993914, -89.724412 20.993942, -89.722801 20.994002, -89.721157 20.99407, -89.720481 20.994083, -89.720255 20.99413, -89.720136 20.994201, -89.719895 20.994429, -89.71992 20.994449, -89.719941 20.994472, -89.719957 20.994498, -89.719969 20.994527, -89.719974 20.994557, -89.719974 20.994588, -89.719969 20.994618, -89.719958 20.994646, -89.719942 20.994673, -89.719921 20.994696, -89.719896 20.994716, -89.719868 20.994731, -89.719837 20.994741, -89.719805 20.994747, -89.719773 20.994747, -89.719741 20.994742, -89.71971 20.994731, -89.719682 20.994716, -89.719349 20.995167, -89.719037 20.995567, -89.718733 20.995956, -89.718434 20.996343, -89.717996 20.99691, -89.717735 20.997249, -89.717597 20.997576, -89.716706 20.996963, -89.716242 20.996637, -89.715808 20.996332, -89.714923 20.995712, -89.713651 20.994892, -89.713084 20.994494, -89.712308 20.993992, -89.711579 20.993438, -89.711498 20.993381, -89.710867 20.992932)))"
683A,"MULTIPOLYGON (((-89.708059 20.991003, -89.707792 20.990806, -89.707732 20.990761, -89.706807 20.990108, -89.705417 20.989208, -89.705262 20.989161, -89.704836 20.988886, -89.704145 20.988398, -89.704032 20.98825, -89.70373 20.987893, -89.703473 20.9877, -89.702806 20.987208, -89.702786 20.987242, -89.702308 20.986796, -89.702102 20.986621, -89.702408 20.986078, -89.703294 20.984518, -89.707731 20.985804, -89.708171 20.985933, -89.708492 20.986027, -89.709107 20.986184, -89.709958 20.986349, -89.710609 20.986428, -89.711522 20.986479, -89.711742 20.986492, -89.712414 20.986479, -89.712403 20.987737, -89.71242 20.988222, -89.712436 20.988648, -89.712454 20.989158, -89.71247 20.989616, -89.712486 20.990065, -89.712505 20.990586, -89.712495 20.990671, -89.712476 20.990824, -89.712474 20.990837, -89.712393 20.990964, -89.71237 20.991001, -89.712287 20.991103, -89.712264 20.99113, -89.711858 20.99161, -89.711742 20.991746, -89.711311 20.992325, -89.710956 20.992802, -89.710867 20.992932, -89.710733 20.992824, -89.710271 20.99253, -89.709831 20.992216, -89.709412 20.991944, -89.709387 20.991926, -89.70899 20.991639, -89.708963 20.99162, -89.708867 20.991555, -89.708059 20.991003)))"
6844,"MULTIPOLYGON (((-89.708844 20.978765, -89.707334 20.980127, -89.706409 20.980976, -89.705864 20.981476, -89.705386 20.981916, -89.705254 20.982037, -89.704978 20.98229, -89.704472 20.982755, -89.70402 20.98317, -89.703294 20.984518, -89.701262 20.983934, -89.700814 20.983806, -89.69942 20.983419, -89.700294 20.981466, -89.701215 20.979478, -89.70181 20.978248, -89.70259 20.978552, -89.702725 20.978625, -89.702811 20.978517, -89.703171 20.977743, -89.703584 20.976847, -89.704317 20.976938, -89.705304 20.977073, -89.707632 20.977419, -89.708505 20.976617, -89.709517 20.976748, -89.71028 20.977471, -89.708844 20.978765)))"
6859,"MULTIPOLYGON (((-89.635802 20.899721, -89.636184 20.900359, -89.635968 20.900476, -89.635904 20.900524, -89.636043 20.900952, -89.636117 20.901154, -89.636507 20.901791, -89.636982 20.901803, -89.637082 20.901807, -89.636292 20.902211, -89.636219 20.902248, -89.635866 20.902429, -89.635383 20.902675, -89.634338 20.903222, -89.634338 20.903221, -89.634324 20.903188, -89.633968 20.90232, -89.633809 20.902151, -89.633848 20.902113, -89.632645 20.90176, -89.632773 20.901339, -89.63281 20.90129, -89.632929 20.900905, -89.633115 20.900299, -89.633307 20.899677, -89.633492 20.899075, -89.634673 20.899393, -89.635802 20.899721)))"
6863,"MULTIPOLYGON (((-89.663877 20.89839, -89.663871 20.898189, -89.663865 20.897901, -89.663859 20.897615, -89.663077 20.897568, -89.663087 20.897843, -89.662293 20.89784, -89.662296 20.897585, -89.662287 20.897178, -89.663062 20.897158, -89.663049 20.896497, -89.663846 20.896508, -89.66443 20.896592, -89.664588 20.89659, -89.665474 20.89658, -89.665873 20.89658, -89.666361 20.896581, -89.667137 20.896585, -89.669359 20.896594, -89.669951 20.896611, -89.669981 20.897729, -89.669986 20.898324, -89.669974 20.898658, -89.669438 20.898636, -89.667254 20.89853, -89.667188 20.89853, -89.666486 20.898529, -89.666422 20.898536, -89.666436 20.898929, -89.666444 20.899212, -89.666446 20.899502, -89.666449 20.899707, -89.666451 20.899853, -89.666453 20.900078, -89.666452 20.90028, -89.666452 20.900903, -89.666207 20.900836, -89.665995 20.900749, -89.665774 20.900645, -89.665552 20.900503, -89.665329 20.900372, -89.66505 20.900243, -89.664859 20.900183, -89.664681 20.900148, -89.66432 20.900097, -89.663941 20.900059, -89.663896 20.899274, -89.663888 20.898986, -89.663884 20.898589, -89.663877 20.89839)))"
6878,"MULTIPOLYGON (((-89.721923 21.002913, -89.721984 21.002839, -89.722185 21.002428, -89.722386 21.001998, -89.722595 21.001578, -89.722741 21.001291, -89.721604 21.000605, -89.720617 20.999932, -89.720416 20.999822, -89.720508 20.999586, -89.720718 20.999694, -89.721064 20.999869, -89.722663 21.000122, -89.724252 21.000408, -89.725615 21.000654, -89.725615 21.000695, -89.725623 21.000734, -89.725637 21.000772, -89.725659 21.000807, -89.725687 21.000838, -89.72572 21.000864, -89.725757 21.000884, -89.725797 21.000898, -89.72563 21.001789, -89.725574 21.002052, -89.7253 21.002617, -89.72506 21.003113, -89.72486 21.003528, -89.724647 21.003971, -89.724622 21.004028, -89.724401 21.004525, -89.724414 21.004738, -89.724447 21.005054, -89.724496 21.005541, -89.7245 21.005577, -89.7245 21.005577, -89.724585 21.006417, -89.724593 21.006493, -89.724593 21.006497, -89.724694 21.00744, -89.724846 21.00884, -89.72489 21.009334, -89.724942 21.009924, -89.72495 21.010013, -89.724901 21.010025, -89.724853 21.010043, -89.72481 21.010067, -89.72477 21.010097, -89.724735 21.010133, -89.724707 21.010172, -89.724684 21.010216, -89.724669 21.010261, -89.724661 21.010309, -89.72466 21.010357, -89.72313 21.010497, -89.721524 21.010657, -89.720305 21.010779, -89.720082 21.010801, -89.719892 21.01073, -89.718462 21.010125, -89.71873 21.009556, -89.718934 21.009133, -89.71914 21.00872, -89.719347 21.008307, -89.719548 21.00789, -89.719763 21.007467, -89.71996 21.007054, -89.720148 21.006676, -89.720356 21.006239, -89.720556 21.005822, -89.720559 21.005733, -89.720712 21.005379, -89.720919 21.004962, -89.721123 21.00454, -89.721316 21.004143, -89.721361 21.00405, -89.721541 21.003682, -89.721575 21.003611, -89.72174 21.003268, -89.721923 21.002913)))"
6882,"MULTIPOLYGON (((-89.725882 21.000443, -89.725918 21.000264, -89.726131 20.999192, -89.726149 20.999103, -89.72617 20.998995, -89.726203 20.99883, -89.726212 20.998783, -89.72616 20.997721, -89.726159 20.997713, -89.726089 20.996296, -89.726018 20.994873, -89.725983 20.994167, -89.725933 20.994164, -89.725884 20.994155, -89.725837 20.994139, -89.725793 20.994116, -89.725753 20.994087, -89.725718 20.994053, -89.72569 20.994014, -89.725668 20.993971, -89.725653 20.993926, -89.725646 20.99388, -89.725647 20.993832, -89.725655 20.993786, -89.72567 20.993741, -89.725693 20.993699, -89.725722 20.993661, -89.725757 20.993627, -89.725798 20.993599, -89.725842 20.993576, -89.725889 20.993561, -89.725939 20.993552, -89.725952 20.992888, -89.725916 20.991928, -89.725892 20.990982, -89.725862 20.990466, -89.725809 20.989566, -89.725744 20.988222, -89.727288 20.988162, -89.728068 20.988186, -89.72831 20.988179, -89.728365 20.989449, -89.728427 20.99088, -89.728552 20.993754, -89.728659 20.996196, -89.728721 20.997625, -89.728771 20.998772, -89.728925 21.00118, -89.728819 21.001162, -89.728664 21.001136, -89.727421 21.000921, -89.726162 21.000703, -89.726107 21.000694, -89.726107 21.000654, -89.726099 21.000614, -89.726084 21.000576, -89.726063 21.000541, -89.726035 21.00051, -89.726002 21.000484, -89.725965 21.000464, -89.725924 21.00045, -89.725882 21.000443)))"
6897,"MULTIPOLYGON (((-89.663308 21.089936, -89.660965 21.089361, -89.660971 21.089087, -89.660972 21.089065, -89.660712 21.088976, -89.660653 21.088274, -89.660471 21.086443, -89.66031 21.084571, -89.660186 21.083129, -89.660865 21.083072, -89.660913 21.083594, -89.662315 21.083469, -89.663382 21.083375, -89.663807 21.083338, -89.66389 21.08379, -89.663972 21.084243, -89.664059 21.08472, -89.664141 21.085169, -89.664223 21.085615, -89.664312 21.086106, -89.664396 21.086567, -89.664478 21.087019, -89.66456 21.087482, -89.664639 21.087928, -89.664718 21.088389, -89.664786 21.088853, -89.664837 21.089343, -89.66487 21.089754, -89.664863 21.089966, -89.664746 21.089977, -89.663655 21.090035, -89.663308 21.089936)))"
690A,"MULTIPOLYGON (((-89.656292 21.087061, -89.656488 21.086606, -89.656457 21.086303, -89.656436 21.086092, -89.656411 21.08585, -89.656367 21.085419, -89.656317 21.084931, -89.65627 21.08447, -89.656223 21.084015, -89.657069 21.083934, -89.65767 21.083876, -89.658312 21.083811, -89.659512 21.083711, -89.659461 21.083185, -89.660186 21.083129, -89.66031 21.084571, -89.660471 21.086443, -89.660653 21.088274, -89.660712 21.088976, -89.660512 21.088905, -89.660335 21.088597, -89.659747 21.088374, -89.658434 21.087875, -89.657163 21.087392, -89.656292 21.087061)))"
6914,"MULTIPOLYGON (((-89.659251 21.064447, -89.658931 21.061391, -89.660287 21.061167, -89.662119 21.060843, -89.663171 21.060673, -89.663279 21.061638, -89.663385 21.062658, -89.663493 21.06365, -89.665483 21.063301, -89.666996 21.062483, -89.667214 21.06347, -89.667217 21.063481, -89.667233 21.063464, -89.667243 21.063454, -89.66822 21.063153, -89.668414 21.06415, -89.669446 21.063829, -89.669232 21.062847, -89.670241 21.062526, -89.670466 21.063515, -89.671489 21.063211, -89.6717 21.064241, -89.67191 21.065213, -89.670888 21.065516, -89.670857 21.065525, -89.669579 21.06593, -89.669686 21.066442, -89.668897 21.066586, -89.668994 21.067156, -89.669206 21.068118, -89.668952 21.068101, -89.668129 21.068042, -89.667317 21.067984, -89.667157 21.067972, -89.666828 21.067948, -89.6649 21.067808, -89.663867 21.06776, -89.662184 21.067624, -89.661605 21.06758, -89.661051 21.067537, -89.660654 21.067509, -89.659414 21.06742, -89.659538 21.067286, -89.65945 21.066438, -89.659338 21.065399, -89.659251 21.064447)))"
6929,"MULTIPOLYGON (((-89.666996 21.062483, -89.666894 21.062005, -89.666784 21.061491, -89.666588 21.060573, -89.667111 21.060392, -89.667595 21.060209, -89.668605 21.059893, -89.669638 21.059571, -89.670666 21.059265, -89.671712 21.058953, -89.671984 21.059792, -89.670941 21.060095, -89.671233 21.060924, -89.673274 21.060361, -89.673534 21.061217, -89.673844 21.062171, -89.67414 21.063085, -89.672684 21.062794, -89.672717 21.062842, -89.671489 21.063211, -89.670466 21.063515, -89.670241 21.062526, -89.669232 21.062847, -89.669446 21.063829, -89.668414 21.06415, -89.66822 21.063153, -89.667243 21.063454, -89.667233 21.063464, -89.667217 21.063481, -89.667214 21.06347, -89.666996 21.062483)))"
6948,"MULTIPOLYGON (((-89.58928 21.052577, -89.591272 21.052973, -89.592826 21.053276, -89.592845 21.053185, -89.593853 21.053388, -89.595568 21.053746, -89.598378 21.054995, -89.598664 21.053846, -89.598752 21.053885, -89.598925 21.05396, -89.598939 21.053966, -89.599372 21.0544, -89.5994 21.054428, -89.599505 21.054508, -89.599584 21.054567, -89.599953 21.054846, -89.599986 21.054872, -89.600551 21.055298, -89.600593 21.055331, -89.600108 21.056585, -89.600617 21.056797, -89.601967 21.057352, -89.602423 21.057561, -89.602285 21.05814, -89.602247 21.058182, -89.602178 21.058206, -89.601275 21.058178, -89.599729 21.058074, -89.598375 21.057797, -89.598286 21.057858, -89.597719 21.057753, -89.597635 21.058112, -89.59747 21.058816, -89.597432 21.05898, -89.597168 21.060105, -89.597141 21.060221, -89.597109 21.060373, -89.59672 21.062203, -89.596714 21.062202, -89.59543 21.061991, -89.594971 21.061973, -89.595497 21.059719, -89.595503 21.059695, -89.595342 21.059595, -89.59511 21.059528, -89.594999 21.059509, -89.594954 21.059501, -89.594851 21.059483, -89.594646 21.059418, -89.594482 21.059324, -89.594451 21.059306, -89.594213 21.059126, -89.594211 21.059124, -89.594166 21.059071, -89.594093 21.058987, -89.594066 21.058955, -89.593902 21.058647, -89.593759 21.05828, -89.593723 21.058231, -89.593609 21.058069, -89.593423 21.057921, -89.593213 21.057832, -89.593059 21.057819, -89.592997 21.057814, -89.592955 21.057815, -89.592714 21.057821, -89.592388 21.057873, -89.592111 21.057887, -89.591884 21.057844, -89.591846 21.057831, -89.591767 21.057803, -89.591704 21.057781, -89.591527 21.057682, -89.591272 21.057451, -89.590936 21.057273, -89.590862 21.057249, -89.590781 21.057224, -89.59068 21.057192, -89.59048 21.057162, -89.590144 21.057171, -89.59013 21.057171, -89.590058 21.057184, -89.589895 21.057212, -89.589569 21.057198, -89.589481 21.057178, -89.589396 21.057159, -89.589311 21.057141, -89.589305 21.057169, -89.589109 21.058025, -89.587903 21.063644, -89.587393 21.06352, -89.586883 21.063397, -89.58817 21.057909, -89.588347 21.056766, -89.588353 21.056727, -89.588059 21.056599, -89.58799 21.056543, -89.587904 21.056472, -89.58775 21.05626, -89.58765 21.05602, -89.587619 21.055692, -89.58766 21.055493, -89.587693 21.055426, -89.587793 21.055222, -89.588031 21.054981, -89.588416 21.05473, -89.588648 21.054577, -89.588706 21.054538, -89.588718 21.054531, -89.589097 21.05428, -89.589291 21.054176, -89.589402 21.054117, -89.589486 21.054073, -89.589467 21.054023, -89.589363 21.053751, -89.589363 21.053751, -89.589102 21.053042, -89.58928 21.052577)))"
6952,"MULTIPOLYGON (((-89.717201 21.01271, -89.717371 21.012347, -89.717566 21.011925, -89.717764 21.011515, -89.717978 21.01107, -89.718196 21.010624, -89.718462 21.010125, -89.719892 21.01073, -89.720082 21.010801, -89.720305 21.010779, -89.721524 21.010657, -89.72313 21.010497, -89.72466 21.010357, -89.724661 21.010309, -89.724669 21.010261, -89.724684 21.010216, -89.724707 21.010172, -89.724735 21.010133, -89.72477 21.010097, -89.72481 21.010067, -89.724853 21.010043, -89.724901 21.010025, -89.72495 21.010013, -89.725001 21.010008, -89.725052 21.010011, -89.725102 21.01002, -89.72515 21.010036, -89.725195 21.010059, -89.725236 21.010087, -89.725273 21.010121, -89.725303 21.010159, -89.725328 21.010201, -89.725345 21.010246, -89.725356 21.010293, -89.725441 21.010286, -89.72681 21.01017, -89.726824 21.010169, -89.726874 21.010165, -89.728194 21.01004, -89.729502 21.009917, -89.729786 21.009889, -89.729984 21.011839, -89.729709 21.011865, -89.729691 21.011699, -89.728379 21.011842, -89.728435 21.01248, -89.727606 21.012566, -89.727661 21.013015, -89.728449 21.012939, -89.728511 21.013433, -89.727248 21.013554, -89.7254 21.013724, -89.725398 21.013725, -89.723521 21.013905, -89.723456 21.013912, -89.721845 21.01406, -89.720616 21.014173, -89.720567 21.013697, -89.720519 21.013233, -89.720469 21.012749, -89.720051 21.012767, -89.71964 21.012721, -89.719301 21.012646, -89.719018 21.012534, -89.718814 21.012955, -89.718616 21.013364, -89.71842 21.013768, -89.718293 21.01403, -89.716872 21.013424, -89.716992 21.013166, -89.717008 21.013126, -89.717181 21.012766, -89.717201 21.01271)))"
6967,"MULTIPOLYGON (((-89.590754 21.042783, -89.589324 21.042291, -89.588973 21.043473, -89.585822 21.04233, -89.586069 21.04169, -89.586336 21.040995, -89.585813 21.040824, -89.585698 21.041145, -89.584616 21.040848, -89.584781 21.040396, -89.584222 21.040223, -89.584332 21.039075, -89.586717 21.039929, -89.586894 21.039103, -89.587574 21.039374, -89.58862 21.039754, -89.589287 21.040007, -89.590311 21.040397, -89.59126 21.040729, -89.5911 21.041499, -89.593124 21.042221, -89.592189 21.043485, -89.590995 21.045083, -89.590547 21.04576, -89.590436 21.045804, -89.590345 21.045829, -89.590231 21.045816, -89.590153 21.04578, -89.590067 21.045704, -89.590143 21.045217, -89.59022 21.044831, -89.590406 21.044054, -89.590754 21.042783)))"
6971,"MULTIPOLYGON (((-89.545322 21.026269, -89.54558 21.025625, -89.54577 21.025148, -89.545958 21.02468, -89.546149 21.024202, -89.546246 21.02396, -89.545187 21.023599, -89.545097 21.023829, -89.544792 21.023708, -89.544778 21.023703, -89.545425 21.022007, -89.545538 21.021755, -89.546096 21.021954, -89.546625 21.022061, -89.546796 21.022039, -89.546876 21.022067, -89.547793 21.022387, -89.548744 21.022716, -89.548414 21.02305, -89.548187 21.023302, -89.547961 21.023553, -89.547815 21.023715, -89.549204 21.024198, -89.548672 21.025579, -89.549448 21.025845, -89.549487 21.025746, -89.549568 21.025538, -89.549821 21.024845, -89.55026 21.023681, -89.551579 21.024159, -89.551815 21.024177, -89.551834 21.024187, -89.551874 21.024201, -89.551916 21.024208, -89.551959 21.024208, -89.552001 21.024201, -89.552041 21.024187, -89.552051 21.024182, -89.552213 21.024416, -89.552501 21.024832, -89.552819 21.025294, -89.553095 21.025694, -89.553383 21.026111, -89.553684 21.026547, -89.553153 21.026859, -89.552861 21.026469, -89.552727 21.026289, -89.552654 21.026322, -89.552614 21.026349, -89.552361 21.027119, -89.55201 21.028213, -89.551882 21.028678, -89.548786 21.027541, -89.548024 21.027261, -89.546614 21.026743, -89.545322 21.026269)))"
6986,"MULTIPOLYGON (((-89.725102 21.01002, -89.725052 21.010011, -89.725001 21.010008, -89.72495 21.010013, -89.724942 21.009924, -89.72489 21.009334, -89.724846 21.00884, -89.724694 21.00744, -89.724593 21.006497, -89.724593 21.006493, -89.724585 21.006417, -89.7245 21.005577, -89.7245 21.005577, -89.724496 21.005541, -89.724447 21.005054, -89.724414 21.004738, -89.724401 21.004525, -89.724622 21.004028, -89.724647 21.003971, -89.72486 21.003528, -89.72506 21.003113, -89.7253 21.002617, -89.725574 21.002052, -89.72563 21.001789, -89.725797 21.000898, -89.725757 21.000884, -89.72572 21.000864, -89.725687 21.000838, -89.725659 21.000807, -89.725637 21.000772, -89.725623 21.000734, -89.725615 21.000695, -89.725615 21.000654, -89.725622 21.000614, -89.725637 21.000577, -89.725659 21.000542, -89.725686 21.000511, -89.725719 21.000485, -89.725756 21.000464, -89.725797 21.00045, -89.725839 21.000443, -89.725882 21.000443, -89.725924 21.00045, -89.725965 21.000464, -89.726002 21.000484, -89.726035 21.00051, -89.726063 21.000541, -89.726084 21.000576, -89.726099 21.000614, -89.726107 21.000654, -89.726107 21.000694, -89.726162 21.000703, -89.727421 21.000921, -89.728664 21.001136, -89.728819 21.001162, -89.728925 21.00118, -89.729 21.002339, -89.72909 21.003736, -89.729123 21.004172, -89.729204 21.004165, -89.72922 21.004479, -89.728902 21.004512, -89.728914 21.004651, -89.728959 21.005131, -89.729005 21.005607, -89.72768 21.005724, -89.727958 21.008199, -89.729285 21.008086, -89.729326 21.008377, -89.729382 21.008844, -89.728084 21.008968, -89.726716 21.009098, -89.726737 21.009272, -89.72677 21.009553, -89.726826 21.010032, -89.726874 21.010165, -89.726824 21.010169, -89.72681 21.01017, -89.725441 21.010286, -89.725356 21.010293, -89.725345 21.010246, -89.725328 21.010201, -89.725303 21.010159, -89.725273 21.010121, -89.725236 21.010087, -89.725195 21.010059, -89.72515 21.010036, -89.725102 21.01002)))"
6990,"MULTIPOLYGON (((-89.536438 20.992061, -89.537299 20.992045, -89.538375 20.992029, -89.538379 20.992265, -89.538999 20.992255, -89.539313 20.99225, -89.539581 20.992245, -89.540188 20.992236, -89.540684 20.992228, -89.541209 20.99222, -89.541705 20.992212, -89.54221 20.992204, -89.542725 20.992195, -89.542701 20.991503, -89.543202 20.991499, -89.543703 20.991495, -89.543705 20.991705, -89.544272 20.991692, -89.544461 20.991622, -89.544665 20.992099, -89.544854 20.992538, -89.540234 20.992588, -89.540237 20.992693, -89.540239 20.993156, -89.540244 20.99362, -89.540259 20.994812, -89.540268 20.9952, -89.538433 20.995315, -89.535918 20.995366, -89.535922 20.995615, -89.535929 20.995873, -89.534929 20.995883, -89.53492 20.995629, -89.534901 20.995044, -89.535491 20.995034, -89.536499 20.995017, -89.536487 20.994432, -89.536478 20.993975, -89.536468 20.9935, -89.536458 20.993011, -89.536448 20.992529, -89.536438 20.992061)))"
7005,"MULTIPOLYGON (((-89.531767 20.9926, -89.532697 20.992586, -89.53268 20.992127, -89.533702 20.992107, -89.534717 20.992087, -89.534732 20.992555, -89.53544 20.992544, -89.53543 20.992081, -89.536438 20.992061, -89.536448 20.992529, -89.536458 20.993011, -89.536468 20.9935, -89.536478 20.993975, -89.536487 20.994432, -89.536499 20.995017, -89.535491 20.995034, -89.534901 20.995044, -89.53492 20.995629, -89.534929 20.995883, -89.533907 20.995904, -89.532902 20.995924, -89.531884 20.995965, -89.531484 20.995966, -89.531476 20.995676, -89.531454 20.9945, -89.531445 20.994037, -89.531437 20.99358, -89.531428 20.993098, -89.53186 20.993092, -89.531855 20.992984, -89.531852 20.992971, -89.531767 20.9926)))"
701A,"MULTIPOLYGON (((-89.665594 20.903662, -89.66559 20.903464, -89.665288 20.903469, -89.664738 20.903465, -89.664108 20.903467, -89.663995 20.903468, -89.663987 20.90299, -89.663979 20.90259, -89.663972 20.902176, -89.664189 20.902175, -89.664715 20.902169, -89.664714 20.901872, -89.664703 20.901485, -89.664695 20.901095, -89.664681 20.900148, -89.664859 20.900183, -89.66505 20.900243, -89.665329 20.900372, -89.665552 20.900503, -89.665774 20.900645, -89.665995 20.900749, -89.666207 20.900836, -89.666452 20.900903, -89.666452 20.90028, -89.666453 20.900078, -89.666451 20.899853, -89.666449 20.899707, -89.666446 20.899502, -89.666444 20.899212, -89.666436 20.898929, -89.666422 20.898536, -89.666486 20.898529, -89.667188 20.89853, -89.667197 20.89889, -89.667202 20.899186, -89.667207 20.899473, -89.667213 20.899824, -89.667216 20.900048, -89.667256 20.901009, -89.667286 20.901658, -89.667293 20.902044, -89.667302 20.902403, -89.66726 20.902741, -89.667259 20.903041, -89.667266 20.903415, -89.667274 20.90362, -89.666512 20.90363, -89.666079 20.903654, -89.665594 20.903662)))"
7024,"MULTIPOLYGON (((-89.671075 21.077483, -89.671039 21.077486, -89.670148 21.077561, -89.668991 21.077658, -89.667464 21.077785, -89.66744 21.077536, -89.667338 21.076467, -89.667286 21.075922, -89.667233 21.075364, -89.667189 21.074858, -89.667147 21.074378, -89.667111 21.073972, -89.667062 21.073311, -89.667008 21.072671, -89.666965 21.07224, -89.666927 21.0718, -89.666874 21.071274, -89.668362 21.071132, -89.66951 21.071027, -89.669625 21.071539, -89.669704 21.071949, -89.669714 21.072003, -89.669801 21.072455, -89.669921 21.073065, -89.670184 21.07304, -89.670446 21.073016, -89.67161 21.072894, -89.671633 21.072971, -89.671687 21.073032, -89.671757 21.073071, -89.671842 21.073086, -89.671896 21.073086, -89.671926 21.073463, -89.672009 21.074496, -89.672044 21.074941, -89.670793 21.075014, -89.670573 21.075031, -89.671075 21.077483)))"
7039,"MULTIPOLYGON (((-89.673276 20.883626, -89.672797 20.883513, -89.672515 20.883446, -89.673177 20.880723, -89.673432 20.87979, -89.673903 20.880192, -89.673759 20.880909, -89.673525 20.881915, -89.674147 20.88208, -89.674269 20.881641, -89.675073 20.881831, -89.674938 20.882327, -89.674334 20.882169, -89.674255 20.882446, -89.674182 20.882713, -89.673544 20.882549, -89.673276 20.883626)))"
7043,"MULTIPOLYGON (((-89.690393 21.026095, -89.690296 21.026017, -89.689869 21.025672, -89.691295 21.023824, -89.69246 21.022384, -89.693824 21.020698, -89.694138 21.02101, -89.69532 21.022022, -89.696388 21.022844, -89.696522 21.02296, -89.697097 21.02346, -89.696248 21.024387, -89.69612 21.024608, -89.695909 21.02484, -89.697066 21.025789, -89.695527 21.027465, -89.693517 21.025849, -89.693252 21.02614, -89.693087 21.026404, -89.692912 21.026707, -89.692804 21.026846, -89.692512 21.027152, -89.692149 21.02753, -89.691274 21.026816, -89.690393 21.026095)))"
