CVE_AGEB,area_km2,ENTIDAD,MUN,LOC,AGEB,POBTOT,POB0_14,POB15_64,POB65_MAS,PEA,PE_INAC,POCUPADA,PDESOCUP,VIVTOT,TVIVHAB,densidad_pob_km2,tasa_pea,porcentaje_0_14,porcentaje_15_64,porcentaje_65_mas,total_establecimientos,comercio,retail,servicios,otros,actividad_dominante_codigo,actividad_dominante,cantidad_actividad_dominante,densidad_establecimientos_km2,densidad_comercio_km2,densidad_retail_km2,densidad_servicios_km2,establecimientos_por_1000_hab,total_accidentes,total_muertos,total_heridos,accidentes_tipo_1,accidentes_tipo_2,accidentes_tipo_4,accidentes_tipo_5,accidentes_tipo_6,accidentes_tipo_7,accidentes_tipo_8,accidentes_tipo_10,accidentes_tipo_11,densidad_accidentes_km2,accidentes_por_1000_hab,accidentes_por_establecimiento
0027,0.16990002691478975,31,50,1,0027,21,,19.0,,15.0,5.0,15.0,0.0,208,10.0,123.60209931298107,75.0,,90.47619047619048,,9,4,4,5,0,461110,"Comercio al por menor en tiendas de abarrotes, ultramarinos y misceláneas",1.0,52.97232827699189,23.543257011996396,23.543257011996396,29.429071264995493,428.57142857142856,0,0,0,0,0,0,0,0,0,0,0,0,0.0,0.0,0.0
0031,0.13761287779980344,31,50,1,0031,253,48.0,195.0,10.0,155.0,52.0,153.0,,361,108.0,1838.4907288114382,74.8792270531401,18.972332015810274,77.07509881422925,3.9525691699604746,34,8,7,18,8,812110,Salones y clínicas de belleza y peluquerías,4.0,247.06990031458062,58.13409419166603,50.86733241770777,130.80171193124858,134.38735177865613,0,0,0,0,0,0,0,0,0,0,0,0,0.0,0.0,0.0
0120,0.3228000225883554,31,50,1,0120,1444,160.0,947.0,337.0,783.0,535.0,767.0,16.0,563,509.0,4473.357803451686,59.408194233687404,11.080332409972298,65.58171745152355,23.337950138504155,199,59,51,114,26,541211,Servicios de contabilidad y auditoría,7.0,616.4807499216658,182.77569972551902,157.9925540000249,353.15982658829097,137.81163434903047,7,0,5,2,1,3,0,0,0,0,1,0,21.68525250980734,4.84764542936288,0.035175879396984924
0154,0.4802726984554749,31,50,1,0154,186,48.0,135.0,3.0,117.0,27.0,111.0,6.0,397,71.0,387.27997780878167,81.25,25.806451612903224,72.58064516129032,1.6129032258064515,21,11,11,8,2,461110,"Comercio al por menor en tiendas de abarrotes, ultramarinos y misceláneas",4.0,43.725158784862444,22.903654601594614,22.903654601594614,16.657203346614263,112.90322580645162,0,0,0,0,0,0,0,0,0,0,0,0,0.0,0.0,0.0
0169,0.865082861575967,31,50,1,0169,1580,153.0,979.0,447.0,768.0,671.0,760.0,8.0,702,568.0,1826.4146363062039,53.37039610840861,9.683544303797468,61.962025316455694,28.29113924050633,356,73,59,250,33,621211,Consultorios dentales del sector privado,16.0,411.52127248418265,84.38498003186892,68.20155920383927,288.9896576433867,225.31645569620255,6,0,5,3,0,2,0,0,0,0,0,1,6.9357517834412805,3.7974683544303796,0.016853932584269662
0188,0.4224301113566728,31,50,1,0188,1538,124.0,969.0,445.0,791.0,643.0,780.0,11.0,664,549.0,3640.838942708352,55.16039051603905,8.062418725617686,63.00390117035111,28.93368010403121,134,33,24,85,16,812110,Salones y clínicas de belleza y peluquerías,8.0,317.21223558057164,78.11943115043928,56.81413174577403,201.21671659961635,87.12613784135242,3,0,2,2,0,0,0,0,0,0,1,0,7.101766468221753,1.9505851755526658,0.022388059701492536
021A,0.49851956483330784,31,50,1,021A,1571,169.0,980.0,418.0,802.0,639.0,789.0,13.0,726,581.0,3151.330681525613,55.6557945870923,10.757479312539783,62.38064926798218,26.607256524506685,144,33,26,96,15,541110,Bufetes jurídicos,7.0,288.85526297879585,66.19599776597404,52.154422482282584,192.57017531919723,91.66136218968809,6,0,3,1,0,4,1,0,0,0,0,0,12.035635957449827,3.819223424570337,0.041666666666666664
0224,0.8514025374339786,31,50,1,0224,694,54.0,418.0,222.0,382.0,265.0,379.0,3.0,459,291.0,815.1255951052597,59.04173106646059,7.780979827089338,60.23054755043228,31.988472622478387,364,88,79,252,24,621113,Consultorios de medicina especializada del sector privado,41.0,427.52985103503534,103.35886508539316,92.78807206529613,295.9822045627168,524.4956772334294,20,0,7,6,0,8,0,0,0,0,5,1,23.49065115577117,28.81844380403458,0.054945054945054944
0262,0.7895410417012502,31,50,1,0262,3013,440.0,1926.0,592.0,1723.0,910.0,1719.0,4.0,1127,916.0,3816.1410754630174,65.43866312191416,14.603385330235646,63.92300033189512,19.648191171589776,216,75,68,111,30,811111,Reparación mecánica en general de automóviles y camiones,14.0,273.5766585794928,94.99189534010166,86.12598510835885,140.58800510335047,71.68934616661134,5,0,4,1,0,1,1,0,0,0,2,0,6.332793022673444,1.659475605708596,0.023148148148148147
0277,0.759711970972132,31,50,1,0277,934,255.0,659.0,20.0,522.0,187.0,519.0,3.0,589,319.0,1229.4132983120537,73.62482369534555,27.301927194860813,70.55674518201285,2.141327623126338,58,25,23,27,6,461110,"Comercio al por menor en tiendas de abarrotes, ultramarinos y misceláneas",7.0,76.3447230215194,32.907208198930775,30.274631543016312,35.53978485484524,62.09850107066381,2,0,3,0,1,1,0,0,0,0,0,0,2.632576655914462,2.1413276231263385,0.034482758620689655
0281,0.4306268386822916,31,50,1,0281,978,124.0,623.0,231.0,483.0,385.0,481.0,,480,343.0,2271.107864508998,55.64516129032258,12.678936605316974,63.70143149284253,23.619631901840492,252,31,26,213,8,621113,Consultorios de medicina especializada del sector privado,105.0,585.193437480846,71.98808159486599,60.37710069246824,494.6277864421437,257.6687116564417,6,0,5,3,1,2,0,0,0,0,0,0,13.933177082877286,6.134969325153374,0.023809523809523808
0296,0.44968054246222977,31,50,1,0296,999,90.0,625.0,279.0,527.0,392.0,501.0,26.0,491,375.0,2221.577110119034,57.3449401523395,9.00900900900901,62.56256256256256,27.927927927927925,142,27,18,108,7,621113,Consultorios de medicina especializada del sector privado,12.0,315.7797293662691,60.04262459781173,40.028416398541154,240.17049839124692,142.14214214214212,8,0,12,5,0,1,0,0,0,0,1,1,17.790407288240512,8.008008008008009,0.056338028169014086
0309,0.48229677760178213,31,50,1,0309,2261,286.0,1538.0,437.0,1256.0,767.0,1237.0,19.0,941,737.0,4687.984877781703,62.08601087493821,12.649270234409554,68.02299867315347,19.327731092436977,159,53,42,88,18,461110,"Comercio al por menor en tiendas de abarrotes, ultramarinos y misceláneas",14.0,329.6725323163604,109.89084410545347,87.08331042318953,182.4602694581114,70.32286598850067,9,0,11,5,1,2,0,0,0,0,1,0,18.660709376397758,3.9805395842547546,0.05660377358490566
0313,0.5455384749087712,31,50,1,0313,2205,263.0,1401.0,520.0,1077.0,887.0,1059.0,18.0,1084,787.0,4041.87807352861,54.83706720977597,11.927437641723355,63.53741496598639,23.582766439909296,204,47,41,139,18,621113,Consultorios de medicina especializada del sector privado,16.0,373.94246122441564,86.15341018405654,75.15510250098549,254.79412799114596,92.51700680272108,7,0,5,4,0,1,0,0,0,0,2,0,12.83135896358289,3.1746031746031744,0.03431372549019608
0328,0.6169395198154844,31,50,1,0328,1163,127.0,707.0,329.0,552.0,504.0,546.0,6.0,959,442.0,1885.1118507497015,52.27272727272727,10.920034393809114,60.79105760963026,28.28890799656062,284,67,61,198,19,722511,Restaurantes con servicio de preparación de alimentos a la carta o de comida corrida,17.0,460.3368577927044,108.6005967327859,98.87517015970059,320.93907691181505,244.19604471195186,12,0,13,10,0,1,0,0,0,0,1,0,19.45085314617061,10.318142734307825,0.04225352112676056
0332,0.9435234190222098,31,50,1,0332,2686,358.0,1773.0,555.0,1371.0,1039.0,1347.0,24.0,1305,921.0,2846.7761857819596,56.88796680497925,13.32836932241251,66.00893521965749,20.66269545793001,236,98,79,118,20,461110,"Comercio al por menor en tiendas de abarrotes, ultramarinos y misceláneas",12.0,250.12627693393242,103.86599635392109,83.72871134652821,125.06313846696621,87.86299329858525,21,0,19,9,0,5,0,0,0,0,7,0,22.256999218697374,7.818317200297841,0.08898305084745763
0347,0.627626870542451,31,50,1,0347,3073,440.0,1984.0,634.0,1464.0,1248.0,1444.0,20.0,1290,1005.0,4896.221217144574,53.98230088495575,14.318255776114547,64.5623169541165,20.63130491376505,223,65,60,141,17,461110,"Comercio al por menor en tiendas de abarrotes, ultramarinos y misceláneas",15.0,355.3066486896323,103.56471822791974,95.59820144115668,224.6557733867182,72.56752359258053,3,0,1,0,0,2,0,0,0,0,1,0,4.7799100720578345,0.9762447120078099,0.013452914798206279
0366,0.4943660250281559,31,50,1,0366,2495,374.0,1582.0,539.0,1206.0,1000.0,1193.0,13.0,1058,827.0,5046.867854355284,54.66908431550317,14.989979959919838,63.40681362725451,21.603206412825653,125,53,49,65,7,461110,"Comercio al por menor en tiendas de abarrotes, ultramarinos y misceláneas",12.0,252.84909089956335,107.20801454141485,99.11684363262883,131.48152726777295,50.100200400801604,6,0,7,2,0,2,0,0,0,0,2,0,12.13675636317904,2.4048096192384767,0.048
039A,0.3450035227099189,31,50,1,039A,2672,462.0,1811.0,399.0,1369.0,935.0,1360.0,9.0,960,796.0,7744.848455494276,59.41840277777778,17.290419161676645,67.77694610778443,14.932634730538922,147,54,49,71,22,461110,"Comercio al por menor en tiendas de abarrotes, ultramarinos y misceláneas",11.0,426.0826058973273,156.52014094187535,142.0275352991091,205.79500012728056,55.01497005988024,7,0,9,3,0,1,0,0,0,0,3,0,20.28964789987273,2.619760479041916,0.047619047619047616
0402,0.34543202956609237,31,50,1,0402,2248,400.0,1504.0,333.0,1234.0,681.0,1220.0,14.0,840,674.0,6507.792583171227,64.43864229765013,17.793594306049823,66.90391459074732,14.813167259786479,122,51,48,59,12,461110,"Comercio al por menor en tiendas de abarrotes, ultramarinos y misceláneas",11.0,353.1809142112499,147.64120184240772,138.95642526344258,170.8006060529815,54.270462633451956,7,0,5,3,1,1,1,0,0,0,1,0,20.26447868425204,3.113879003558719,0.05737704918032787
0417,0.42825077227367997,31,50,1,0417,2704,488.0,1811.0,400.0,1444.0,882.0,1413.0,31.0,1048,845.0,6314.057498703047,62.08082545141874,18.04733727810651,66.97485207100591,14.792899408284024,121,47,37,62,12,461110,"Comercio al por menor en tiendas de abarrotes, ultramarinos y misceláneas",10.0,282.54473274521774,109.74878048781184,86.39797612870294,144.7749870264752,44.74852071005917,0,0,0,0,0,0,0,0,0,0,0,0,0.0,0.0,0.0
0421,0.869193249572581,31,50,1,0421,2281,344.0,1411.0,526.0,1331.0,674.0,1315.0,16.0,1258,771.0,2624.2725666837196,66.38403990024938,15.081104778605875,61.858833844804906,23.060061376589218,285,93,79,174,18,722518,Restaurantes que preparan otro tipo de alimentos para llevar,10.0,327.8902593182201,106.99576883015604,90.88887889873469,200.18563200480807,124.94519947391495,9,0,13,3,0,4,0,0,0,0,2,0,10.354429241628003,3.9456378781236303,0.031578947368421054
0436,0.49099942770620614,31,50,1,0436,1774,179.0,1087.0,497.0,829.0,786.0,814.0,15.0,1068,655.0,3613.038834459678,51.3312693498452,10.090191657271703,61.2739571589628,28.01578354002255,199,65,60,125,9,461110,"Comercio al por menor en tiendas de abarrotes, ultramarinos y misceláneas",11.0,405.2957880820045,132.38304635844366,122.19973510010185,254.58278145854553,112.17587373167983,3,0,3,0,0,1,0,1,0,0,1,0,6.109986755005092,1.6910935738444193,0.01507537688442211
0440,0.5380087455226584,31,50,1,0440,760,48.0,467.0,245.0,375.0,347.0,369.0,6.0,702,338.0,1412.6164422507372,51.93905817174516,6.315789473684211,61.44736842105263,32.23684210526316,593,176,165,398,19,722511,Restaurantes con servicio de preparación de alimentos a la carta o de comida corrida,58.0,1102.2125661245884,327.13222873174965,306.68646443601534,739.7649263365703,780.2631578947369,1,0,1,0,0,1,0,0,0,0,0,0,1.8587058450667595,1.3157894736842104,0.0016863406408094434
0455,0.6232638313991896,31,50,1,0455,379,27.0,264.0,88.0,192.0,165.0,185.0,7.0,341,129.0,608.0891925802399,53.78151260504202,7.12401055408971,69.65699208443272,23.218997361477573,720,303,281,378,39,466212,Comercio al por menor de teléfonos y otros aparatos de comunicación,71.0,1155.2090202052052,486.1504626696905,450.85240927453145,606.4847356077327,1899.7361477572558,3,0,2,2,0,0,0,0,0,0,1,0,4.813370917521688,7.9155672823219,0.004166666666666667
0474,0.4344800360235801,31,50,1,0474,350,116.0,213.0,21.0,183.0,80.0,182.0,,121,101.0,805.5606034358844,69.58174904942965,33.14285714285714,60.857142857142854,6.0,28,6,6,20,2,468411,Comercio al por menor de gasolina y diesel,3.0,64.44484827487075,13.809610344615162,13.809610344615162,46.03203448205054,80.0,4,0,7,0,1,0,0,0,0,0,2,1,9.206406896410108,11.428571428571429,0.14285714285714285
0489,0.7479922879035511,31,50,1,0489,2585,370.0,1699.0,516.0,1340.0,942.0,1307.0,33.0,1179,846.0,3455.9179844556356,58.72042068361086,14.313346228239846,65.72533849129594,19.961315280464216,307,113,104,167,27,461110,"Comercio al por menor en tiendas de abarrotes, ultramarinos y misceláneas",14.0,410.43203915972157,151.07107630308968,139.03886668602945,223.26433400545113,118.76208897485493,14,0,11,6,0,3,0,0,0,0,5,0,18.71677051542704,5.415860735009671,0.04560260586319218
0493,0.7341923245278309,31,50,1,0493,2715,307.0,1793.0,615.0,1327.0,1143.0,1317.0,10.0,1508,956.0,3697.9411378974214,53.7246963562753,11.307550644567218,66.04051565377532,22.65193370165746,237,72,59,143,22,461212,Comercio al por menor de cerveza,13.0,322.80370154021693,98.06694730335704,80.36041515136202,194.77185367194522,87.29281767955801,4,0,2,3,0,0,0,0,0,0,1,0,5.448163739075391,1.4732965009208103,0.016877637130801686
0506,0.6039590964246702,31,50,1,0506,529,81.0,330.0,118.0,268.0,191.0,264.0,4.0,509,195.0,875.8871306543529,58.387799564270146,15.311909262759924,62.38185255198487,22.306238185255197,936,467,449,438,31,465112,Comercio al por menor de artículos de joyería y relojes,68.0,1549.773826639838,773.2311720521415,743.4278292321445,725.2146752865909,1769.37618147448,4,0,2,0,1,1,0,0,0,0,1,1,6.622965071110419,7.561436672967864,0.004273504273504274
0510,0.5590640528884475,31,50,1,0510,211,23.0,142.0,46.0,98.0,91.0,95.0,3.0,202,71.0,377.416503368178,51.85185185185185,10.90047393364929,67.29857819905213,21.80094786729858,2932,1952,1899,931,49,461130,Comercio al por menor de frutas y verduras frescas,181.0,5244.479563390985,3491.5498321075047,3396.7485303136023,1665.2832447193068,13895.734597156397,11,0,6,5,1,1,1,0,0,0,2,1,19.675741881753357,52.132701421800945,0.003751705320600273
0525,0.6732579503891423,31,50,1,0525,1586,163.0,1007.0,416.0,798.0,661.0,796.0,,994,558.0,2355.7092776747663,54.6949965729952,10.277427490542244,63.49306431273645,26.229508196721312,476,157,126,264,55,621113,Consultorios de medicina especializada del sector privado,48.0,707.0098462630447,233.19442408255884,187.14966518727653,392.1231080114365,300.12610340479193,15,0,27,8,1,2,0,0,0,0,4,0,22.279722046104347,9.457755359394703,0.031512605042016806
053A,0.8353106447400152,31,50,1,053A,4090,562.0,2639.0,889.0,1992.0,1625.0,1967.0,25.0,1737,1306.0,4896.381993639007,55.07326513685374,13.74083129584352,64.52322738386307,21.7359413202934,255,96,88,121,38,461110,"Comercio al por menor en tiendas de abarrotes, ultramarinos y misceláneas",24.0,305.27564997015816,114.92730351817718,105.35002822499575,144.85628880936918,62.34718826405868,6,0,5,2,0,0,0,0,0,0,4,0,7.182956469886074,1.466992665036675,0.023529411764705882
0544,0.43304798847971515,31,50,1,0544,2304,301.0,1472.0,531.0,1194.0,876.0,1171.0,23.0,977,787.0,5320.426514596139,57.68115942028985,13.06423611111111,63.888888888888886,23.046875,194,67,67,104,23,461110,"Comercio al por menor en tiendas de abarrotes, ultramarinos y misceláneas",10.0,447.9873020102652,154.7172640963287,154.7172640963287,240.15814128385352,84.2013888888889,4,0,4,2,1,0,0,0,0,0,1,0,9.236851587840519,1.736111111111111,0.020618556701030927
0559,0.3654613670275517,31,50,1,0559,471,138.0,310.0,23.0,229.0,126.0,229.0,0.0,116,104.0,1288.7819137514796,64.50704225352113,29.29936305732484,65.81740976645435,4.8832271762208075,22,12,11,10,0,461130,Comercio al por menor de frutas y verduras frescas,3.0,60.19788132172516,32.83520799366827,30.09894066086258,27.362673328056893,46.709129511677276,0,0,0,0,0,0,0,0,0,0,0,0,0.0,0.0,0.0
0563,0.5310208266629691,31,50,1,0563,3001,401.0,1950.0,650.0,1407.0,1290.0,1384.0,23.0,1180,962.0,5651.37909723584,52.169076751946605,13.362212595801399,64.97834055314895,21.659446851049648,130,37,30,83,10,461110,"Comercio al por menor en tiendas de abarrotes, ultramarinos y misceláneas",7.0,244.81149038342525,69.67711649374411,56.49495931925198,156.30272078326382,43.3188937020993,6,0,3,2,1,2,0,0,0,0,1,0,11.298991863850397,1.9993335554815062,0.046153846153846156
0597,0.5803007281592484,31,50,1,0597,2654,471.0,1795.0,388.0,1430.0,861.0,1414.0,16.0,981,803.0,4573.490728537702,62.4181580096028,17.746797287113793,67.63376036171816,14.619442351168049,199,72,56,111,16,722513,Restaurantes con servicio de preparación de antojitos,14.0,342.9256424186145,124.07359926703639,96.50168831880607,191.28013220334776,74.98116051243406,8,0,2,3,0,3,0,0,0,0,2,0,13.785955474115154,3.014318010550113,0.04020100502512563
060A,1.1784899576599905,31,50,1,060A,5888,980.0,3885.0,1023.0,3144.0,1966.0,3114.0,30.0,2285,1782.0,4996.224161036732,61.52641878669276,16.644021739130434,65.98165760869566,17.374320652173914,354,138,125,183,33,461110,"Comercio al por menor en tiendas de abarrotes, ultramarinos y misceláneas",39.0,300.38440098624375,117.09900377429841,106.06793820135725,155.28346152678702,60.122282608695656,8,0,2,5,1,1,0,0,0,0,1,0,6.788348044886864,1.358695652173913,0.022598870056497175
0614,0.6874479889114377,31,50,1,0614,2786,389.0,1837.0,560.0,1376.0,1110.0,1360.0,16.0,1380,940.0,4052.6702309677044,55.34995977473854,13.962670495333812,65.93682699210336,20.100502512562816,246,75,71,140,31,461110,"Comercio al por menor en tiendas de abarrotes, ultramarinos y misceláneas",28.0,357.8452537035374,109.09916271449312,103.28054070305349,203.65177040038716,88.2986360373295,8,0,6,2,1,4,0,0,0,0,1,0,11.637244022879266,2.871500358937545,0.032520325203252036
0629,0.4801998755887345,31,50,1,0629,1873,234.0,1291.0,348.0,1053.0,645.0,1028.0,25.0,1094,739.0,3900.459152980132,62.014134275618375,12.493326214628937,68.92685531233316,18.579818473037907,154,53,45,79,22,461110,"Comercio al por menor en tiendas de abarrotes, ultramarinos y misceláneas",15.0,320.6997915424134,110.37070747888254,93.7109780481078,164.51482812890038,82.2210357714896,17,0,20,9,0,2,0,0,0,0,6,0,35.401925040396286,9.076348104644953,0.11038961038961038
0633,0.6136596411699635,31,50,1,0633,3951,645.0,2621.0,685.0,1958.0,1471.0,1915.0,43.0,1586,1255.0,6438.422433105232,57.10119568387285,16.324981017463934,66.33763604150847,17.337382941027588,212,78,72,96,38,461110,"Comercio al por menor en tiendas de abarrotes, ultramarinos y misceláneas",27.0,345.4683765675295,127.1062894918269,117.32888260784021,156.43851014378694,53.65730194887371,5,0,3,2,0,1,0,0,0,0,1,1,8.147839069988903,1.2655024044545686,0.02358490566037736
0648,0.43295478331618237,31,50,1,0648,2955,497.0,1890.0,568.0,1425.0,1155.0,1417.0,8.0,1129,915.0,6825.193100689211,55.23255813953488,16.81895093062606,63.95939086294417,19.22165820642978,132,38,34,74,20,461110,"Comercio al por menor en tiendas de abarrotes, ultramarinos y misceláneas",9.0,304.8817222642896,87.76898065184095,78.53014058322611,170.9185412693745,44.670050761421315,2,0,3,1,0,0,0,0,0,0,1,0,4.619420034307418,0.676818950930626,0.015151515151515152
0652,0.4650394775480856,31,50,1,0652,3294,568.0,2194.0,510.0,1684.0,1131.0,1655.0,29.0,1144,980.0,7083.269612652179,59.822380106571934,17.2434729811779,66.6059502125076,15.482695810564662,211,87,80,107,17,461110,"Comercio al por menor en tiendas de abarrotes, ultramarinos y misceláneas",14.0,453.72492054329376,187.08089140884624,172.02840589319194,230.08799288214425,64.05585913782636,3,0,1,1,1,1,0,0,0,0,0,0,6.451065220994699,0.9107468123861566,0.014218009478672985
0667,0.5600404142494763,31,50,1,0667,3576,570.0,2400.0,597.0,1772.0,1329.0,1742.0,30.0,1324,1074.0,6385.253472809251,57.14285714285714,15.939597315436242,67.11409395973155,16.69463087248322,204,79,74,99,26,461110,"Comercio al por menor en tiendas de abarrotes, ultramarinos y misceláneas",22.0,364.2594263011989,141.06124842056232,132.13332130533686,176.77295688146418,57.04697986577181,3,0,1,0,0,2,1,0,0,0,0,0,5.356756269135278,0.8389261744966443,0.014705882352941176
0671,0.59082283585729,31,50,1,0671,3702,609.0,2443.0,650.0,1843.0,1395.0,1827.0,16.0,1499,1163.0,6265.837701801692,56.917850525015446,16.450567260940034,65.99135602377093,17.558076715289033,183,64,62,103,16,461110,"Comercio al por menor en tiendas de abarrotes, ultramarinos y misceláneas",14.0,309.73752010527,108.32350429911082,104.9383947897636,174.33313973138146,49.43273905996758,16,0,18,5,0,3,0,0,0,0,8,0,27.080876074777706,4.321988114532685,0.08743169398907104
0686,0.3534657389830076,31,50,1,0686,2710,484.0,1787.0,436.0,1318.0,1003.0,1296.0,22.0,971,810.0,7666.938266201466,56.78586816027574,17.859778597785976,65.94095940959409,16.088560885608857,123,46,45,57,20,461110,"Comercio al por menor en tiendas de abarrotes, ultramarinos y misceláneas",17.0,347.9828069161551,130.13991152961898,127.31078301810551,161.260325156267,45.38745387453875,0,0,0,0,0,0,0,0,0,0,0,0,0.0,0.0,0.0
0718,0.7164603441402472,31,50,1,0718,4702,899.0,3160.0,631.0,2477.0,1483.0,2456.0,21.0,1609,1373.0,6562.8196151489765,62.550505050505045,19.119523606975754,67.20544449170566,13.419821352615907,200,88,80,93,19,461110,"Comercio al por menor en tiendas de abarrotes, ultramarinos y misceláneas",20.0,279.1501325031466,122.82605830138449,111.66005300125863,129.80481161396315,42.53509145044662,12,0,16,1,3,5,0,0,0,0,2,1,16.749007950188794,2.552105487026797,0.06
0737,0.41458283637899385,31,50,1,0737,3039,521.0,2003.0,489.0,1641.0,961.0,1622.0,19.0,1100,919.0,7330.260042945619,63.06687163720215,17.143797301743994,65.90983876275091,16.090819348469893,167,54,52,87,26,461110,"Comercio al por menor en tiendas de abarrotes, ultramarinos y misceláneas",19.0,402.8145531990518,130.25141241166943,125.42728602605206,209.8494977743563,54.95228693649227,1,0,1,1,0,0,0,0,0,0,0,0,2.4120631928086933,0.3290556103981573,0.005988023952095809
0741,0.4299624312041174,31,50,1,0741,3125,555.0,2097.0,473.0,1554.0,1143.0,1533.0,21.0,1049,909.0,7268.076867200658,57.61957730812013,17.76,67.104,15.136,166,55,54,88,23,461110,"Comercio al por menor en tiendas de abarrotes, ultramarinos y misceláneas",20.0,386.0802431856989,127.91815286273157,125.59236826522736,204.66904458037052,53.12,1,0,0,1,0,0,0,0,0,0,0,0,2.3257845975042106,0.32,0.006024096385542169
0756,0.51541361915393,31,50,1,0756,2350,417.0,1540.0,375.0,1292.0,710.0,1278.0,14.0,815,683.0,4559.444905351181,64.53546453546454,17.74468085106383,65.53191489361701,15.957446808510639,160,55,52,89,16,461110,"Comercio al por menor en tiendas de abarrotes, ultramarinos y misceláneas",16.0,310.4302914281655,106.7104126784319,100.88984471415378,172.67684960691705,68.08510638297872,7,0,3,1,1,1,0,0,1,0,2,1,13.58132524998224,2.9787234042553195,0.04375
0760,0.4164712129420529,31,50,1,0760,3389,652.0,2232.0,499.0,1592.0,1257.0,1581.0,11.0,1101,964.0,8137.41717238819,55.879255879255886,19.238713484803778,65.86013573325464,14.724107406314547,176,66,63,88,22,461110,"Comercio al por menor en tiendas de abarrotes, ultramarinos y misceláneas",22.0,422.5982361582536,158.47433855934509,151.27095953392032,211.2991180791268,51.93272351726173,5,0,3,2,0,0,0,0,0,0,3,0,12.005631709041296,1.475361463558572,0.028409090909090908
078A,6.549685398173639,31,50,1,078A,1455,391.0,1004.0,60.0,732.0,404.0,727.0,5.0,523,431.0,222.14807453281995,64.43661971830986,26.872852233676976,69.00343642611683,4.123711340206185,128,51,46,71,6,461110,"Comercio al por menor en tiendas de abarrotes, ultramarinos y misceláneas",7.0,19.542923395327115,7.7866335403256475,7.023238095195682,10.840215320845509,87.97250859106529,11,0,10,1,1,5,0,0,0,0,4,0,1.679469979285924,7.560137457044673,0.0859375
0807,0.5718523595199663,31,50,1,0807,4299,781.0,2889.0,629.0,2164.0,1516.0,2141.0,23.0,1417,1252.0,7517.67467324737,58.80434782608695,18.167015585019772,67.20167480809491,14.631309606885324,227,86,78,112,29,461110,"Comercio al por menor en tiendas de abarrotes, ultramarinos y misceláneas",18.0,396.9556061472791,150.38846752716302,136.3988426409153,195.85474840746812,52.80297743661316,5,0,5,0,0,2,0,0,0,0,3,0,8.743515553904826,1.1630611770179111,0.022026431718061675
0826,0.5302449174429743,31,50,1,0826,3855,774.0,2585.0,496.0,2022.0,1212.0,1992.0,30.0,1203,1071.0,7270.225273615357,62.52319109461967,20.07782101167315,67.05577172503241,12.866407263294422,187,75,66,97,15,461110,"Comercio al por menor en tiendas de abarrotes, ultramarinos y misceláneas",19.0,352.6672182013156,141.44407147111588,124.47078289458197,182.93433243597656,48.50843060959792,10,0,13,6,1,0,0,0,0,0,3,0,18.85920952948212,2.594033722438392,0.053475935828877004
0845,0.2758917482902944,31,50,1,0845,571,150.0,394.0,27.0,304.0,135.0,301.0,3.0,195,171.0,2069.652331171542,69.24829157175398,26.26970227670753,69.00175131348512,4.728546409807356,28,13,13,9,6,461110,"Comercio al por menor en tiendas de abarrotes, ultramarinos y misceláneas",7.0,101.48908103818418,47.119930482014084,47.119930482014084,32.621490333702056,49.036777583187394,0,0,0,0,0,0,0,0,0,0,0,0,0.0,0.0,0.0
085A,0.09603604762066231,31,50,1,085A,0,0.0,0.0,0.0,0.0,0.0,0.0,0.0,3,,0.0,,,,,12,8,3,3,1,431199,Comercio al por mayor de otros alimentos,2.0,124.95308061197409,83.30205374131606,31.238270152993522,31.238270152993522,,3,0,1,0,0,1,1,0,1,0,0,0,31.238270152993522,,0.25
0864,0.04888756428990976,31,50,1,0864,8,0.0,8.0,0.0,5.0,3.0,5.0,0.0,16,3.0,163.64079733158593,62.5,0.0,100.0,0.0,0,0,0,0,0,,,,0.0,0.0,0.0,0.0,0.0,1,0,1,0,0,0,0,0,0,0,1,0,20.45509966644824,125.0,
0879,0.012237949502028804,31,50,1,0879,7,,,,,,,,14,2.0,571.9912472951079,,,,,2,1,1,1,0,461121,Comercio al por menor de carnes rojas,1.0,163.42607065574512,81.71303532787256,81.71303532787256,81.71303532787256,285.7142857142857,1,0,1,0,0,1,0,0,0,0,0,0,81.71303532787256,142.85714285714286,0.5
1218,0.335954272182515,31,50,1,1218,2200,377.0,1352.0,471.0,978.0,929.0,961.0,17.0,729,645.0,6548.510265125602,51.284740429994756,17.136363636363637,61.45454545454545,21.409090909090907,141,59,58,75,7,812110,Salones y clínicas de belleza y peluquerías,16.0,419.69997608304993,175.61913892836841,172.64254335331134,223.24466812928188,64.0909090909091,0,0,0,0,0,0,0,0,0,0,0,0,0.0,0.0,0.0
1241,0.19728329706877135,31,50,1,1241,2639,513.0,1737.0,389.0,1247.0,995.0,1221.0,26.0,861,797.0,13376.702636311204,55.6199821587868,19.439181508147023,65.82038651004169,14.740431981811291,100,48,47,46,6,461110,"Comercio al por menor en tiendas de abarrotes, ultramarinos y misceláneas",12.0,506.88528367984856,243.3049361663273,238.2360833295288,233.16723049273034,37.893141341417206,0,0,0,0,0,0,0,0,0,0,0,0,0.0,0.0,0.0
1345,0.5486585188220557,31,50,1,1345,2213,382.0,1444.0,387.0,1086.0,830.0,1081.0,5.0,748,677.0,4033.4742359440766,56.68058455114823,17.261635788522366,65.25079078174424,17.487573429733395,77,34,34,40,3,461110,"Comercio al por menor en tiendas de abarrotes, ultramarinos y misceláneas",9.0,140.34230283221595,61.96932852331613,61.96932852331613,72.90509238037193,34.794396746497966,6,0,2,1,0,4,0,0,0,0,1,0,10.935763857055788,2.7112516945323093,0.07792207792207792
1453,0.43477330838295014,31,50,1,1453,777,70.0,527.0,178.0,460.0,259.0,451.0,9.0,306,268.0,1787.1382281720366,63.97774687065368,9.00900900900901,67.82496782496783,22.90862290862291,106,18,13,80,8,722511,Restaurantes con servicio de preparación de alimentos a la carta o de comida corrida,6.0,243.80521516890076,41.40088559471899,29.90063959618594,184.00393597652888,136.42213642213642,2,0,1,0,0,2,0,0,0,0,0,0,4.600098399413222,2.574002574002574,0.018867924528301886
1468,0.5330054745163709,31,50,1,1468,1512,188.0,935.0,377.0,739.0,601.0,730.0,9.0,648,530.0,2836.7438465279024,55.149253731343286,12.433862433862434,61.838624338624335,24.933862433862434,81,17,12,56,8,531210,Inmobiliarias y corredores de bienes raíces,3.0,151.96842034970908,31.894606740062397,22.51384005180875,105.06458690844083,53.57142857142857,7,0,4,5,0,1,0,0,0,0,1,0,13.133073363555104,4.62962962962963,0.08641975308641975
1472,0.5915860986877877,31,50,1,1472,1660,158.0,1024.0,476.0,825.0,700.0,817.0,8.0,723,612.0,2806.015901458957,54.09836065573771,9.518072289156626,61.686746987951814,28.674698795180724,279,65,51,189,25,812110,Salones y clínicas de belleza y peluquerías,19.0,471.6135159681018,109.8741166233929,86.20892227373903,319.480123720327,168.0722891566265,4,0,1,3,0,0,0,0,0,0,1,0,6.761484099901101,2.4096385542168677,0.014336917562724014
1487,0.3835660055571479,31,50,1,1487,2081,343.0,1382.0,356.0,1049.0,754.0,1036.0,13.0,759,633.0,5425.402590037269,58.1808097615086,16.48246035559827,66.4103796251802,17.107160019221528,124,31,28,71,22,332320,Fabricación de productos de herrería,7.0,323.2820380416249,80.82050951040623,72.9991698803669,185.10503791093038,59.586737145603074,1,0,2,0,0,0,0,0,0,0,1,0,2.607113210013104,0.4805382027871216,0.008064516129032258
1504,0.5020562729954106,31,50,1,1504,1541,171.0,921.0,449.0,732.0,640.0,722.0,10.0,657,517.0,3069.377045736239,53.352769679300295,11.09669046073978,59.76638546398443,29.136924075275793,193,59,51,127,7,461110,"Comercio al por menor en tiendas de abarrotes, ultramarinos y misceláneas",8.0,384.4190589403596,117.51670713720837,101.58223837284113,252.9596916343299,125.24334847501622,5,0,2,2,0,3,0,0,0,0,0,0,9.959042977729522,3.244646333549643,0.025906735751295335
1523,0.47719555692261195,31,50,1,1523,1795,266.0,1319.0,210.0,980.0,598.0,968.0,12.0,726,571.0,3761.5605886521275,62.10392902408112,14.818941504178273,73.48189415041783,11.699164345403899,76,20,15,48,8,321910,Fabricación de productos de madera para la construcción,3.0,159.2638466504522,41.91153859222426,31.433653944168196,100.58769262133822,42.33983286908078,4,0,6,3,0,0,0,0,0,0,1,0,8.382307718444853,2.2284122562674096,0.05263157894736842
1542,0.52822484830051,31,50,1,1542,1715,257.0,1302.0,156.0,918.0,586.0,901.0,17.0,592,558.0,3246.7234464977823,61.03723404255319,14.98542274052478,75.91836734693878,9.096209912536443,61,17,15,37,7,812110,Salones y clínicas de belleza y peluquerías,9.0,115.48112550225348,32.18326448423458,28.396998074324628,70.04592858333407,35.56851311953353,1,0,2,0,0,0,0,0,0,0,1,0,1.8931332049549752,0.5830903790087464,0.01639344262295082
1557,0.4633446069923001,31,50,1,1557,1307,193.0,953.0,150.0,661.0,483.0,651.0,10.0,442,412.0,2820.794674797455,57.77972027972028,14.76664116296863,72.9150726855394,11.476664116296863,17,1,0,16,0,531210,Inmobiliarias y corredores de bienes raíces,3.0,36.68975476018113,2.158220868245949,0.0,34.53153389193518,13.006885998469778,3,0,3,3,0,0,0,0,0,0,0,0,6.474662604737847,2.295332823259373,0.17647058823529413
1561,0.49068399733972956,31,50,1,1561,1582,131.0,1208.0,243.0,920.0,554.0,912.0,8.0,793,681.0,3224.0709062796027,62.41519674355496,8.280657395701644,76.35903919089759,15.360303413400759,122,38,35,78,6,468111,Comercio al por menor de automóviles y camionetas nuevos,8.0,248.63252248173927,77.44291683857452,71.32900235131864,158.96177666865296,77.11757269279393,9,0,11,4,1,0,0,0,0,0,4,0,18.34174346176765,5.689001264222504,0.07377049180327869
1576,0.5018036820198484,31,50,1,1576,1474,190.0,1089.0,195.0,861.0,483.0,845.0,16.0,536,492.0,2937.4037154667535,64.0625,12.890094979647218,73.88059701492537,13.22930800542741,156,43,40,106,7,812110,Salones y clínicas de belleza y peluquerías,19.0,310.8785479055723,85.69088179448467,79.71244818091597,211.23798767942733,105.83446404341927,6,0,4,3,0,3,0,0,0,0,0,0,11.956867227137396,4.07055630936228,0.038461538461538464
1608,0.40978906072604365,31,50,1,1608,1635,230.0,1030.0,375.0,737.0,704.0,724.0,13.0,601,536.0,3989.857604063879,51.14503816793893,14.067278287461773,62.99694189602446,22.93577981651376,129,43,33,70,16,812110,Salones y clínicas de belleza y peluquerías,9.0,314.79610454081984,104.93203484693994,80.529236045326,170.81959161129757,78.89908256880734,1,0,0,1,0,0,0,0,0,0,0,0,2.440279880161394,0.6116207951070336,0.007751937984496124
1631,0.3371886359222041,31,50,1,1631,2663,542.0,1845.0,262.0,1314.0,901.0,1278.0,36.0,834,732.0,7897.656434110683,59.322799097065456,20.352985354862938,69.28276380022531,9.838527975966954,108,38,35,63,7,461110,"Comercio al por menor en tiendas de abarrotes, ultramarinos y misceláneas",11.0,320.2954918828216,112.69656195877054,103.79946496202551,186.83903693164592,40.55576417574164,1,0,0,0,0,1,0,0,0,0,0,0,2.9656989989150144,0.3755163349605708,0.009259259259259259
1650,0.19139467068197732,31,50,1,1650,1448,334.0,998.0,111.0,817.0,379.0,813.0,4.0,418,372.0,7565.518908339964,68.31103678929766,23.066298342541437,68.92265193370166,7.665745856353591,39,15,14,18,6,461110,"Comercio al por menor en tiendas de abarrotes, ultramarinos y misceláneas",8.0,203.76742916109018,78.37208813888084,73.14728226295546,94.046505766657,26.933701657458563,0,0,0,0,0,0,0,0,0,0,0,0,0.0,0.0,0.0
1665,0.21585805650597498,31,50,1,1665,1199,270.0,828.0,89.0,638.0,336.0,634.0,4.0,356,319.0,5554.5760923072685,65.50308008213553,22.51876563803169,69.05754795663053,7.422852376980818,30,12,11,14,4,465311,Comercio al por menor de artículos de papelería,4.0,138.9802191569792,55.59208766279168,50.95941369089237,64.85743560659029,25.020850708924105,3,0,2,0,0,1,0,0,0,0,2,0,13.89802191569792,2.5020850708924103,0.1
1684,0.8354371262810364,31,50,1,1684,971,378.0,581.0,12.0,323.0,329.0,319.0,4.0,264,239.0,1162.265800087703,49.5398773006135,38.92893923789907,59.835221421215245,1.235839340885685,4,2,2,2,0,461110,"Comercio al por menor en tiendas de abarrotes, ultramarinos y misceláneas",2.0,4.787912667714533,2.3939563338572665,2.3939563338572665,2.3939563338572665,4.11946446961895,1,0,0,0,0,0,0,0,1,0,0,0,1.1969781669286332,1.0298661174047374,0.25
1699,0.661693164616635,31,50,1,1699,1655,154.0,1185.0,316.0,960.0,546.0,944.0,16.0,574,514.0,2501.159281218897,63.745019920318725,9.305135951661631,71.6012084592145,19.093655589123866,158,52,45,102,4,812110,Salones y clínicas de belleza y peluquerías,11.0,238.78136944567115,78.58627348844873,68.0073520573114,154.1499979965725,95.46827794561933,6,0,6,4,0,2,0,0,0,0,0,0,9.067646940974853,3.6253776435045317,0.0379746835443038
1716,0.4974825263762187,31,50,1,1716,2055,202.0,1201.0,652.0,1010.0,896.0,991.0,19.0,899,747.0,4130.798351791589,52.99055613850997,9.829683698296837,58.442822384428226,31.72749391727494,140,26,19,100,14,812110,Salones y clínicas de belleza y peluquerías,12.0,281.4169193434659,52.26314216378653,38.192296196613235,201.0120852453328,68.1265206812652,0,0,0,0,0,0,0,0,0,0,0,0,0.0,0.0,0.0
1773,0.5238902194475924,31,50,1,1773,2771,478.0,1965.0,327.0,1387.0,1013.0,1367.0,20.0,956,799.0,5289.2760680316505,57.791666666666664,17.250090220137135,70.91302778780224,11.800793937206784,303,127,113,143,33,461110,"Comercio al por menor en tiendas de abarrotes, ultramarinos y misceláneas",15.0,578.365445187149,242.41719979791398,215.69404391467936,272.95794937875354,109.34680620714543,8,0,6,2,0,3,0,0,0,0,3,0,15.270374790419778,2.88704438830747,0.026402640264026403
1805,0.6609133901083223,31,50,1,1805,3191,440.0,2319.0,429.0,1611.0,1216.0,1588.0,23.0,1193,1030.0,4828.166667158917,56.986204457021586,13.788780946411784,72.67314321529301,13.444061422751489,148,42,41,99,7,812110,Salones y clínicas de belleza y peluquerías,8.0,223.93251856456277,63.54841743048403,62.035359872615366,149.79269822899806,46.380445001566905,13,0,8,4,1,5,0,0,1,0,2,0,19.669748252292678,4.07395800689439,0.08783783783783784
181A,0.6019229356528137,31,50,1,181A,2761,526.0,1951.0,284.0,1434.0,887.0,1416.0,18.0,854,743.0,4586.965932782684,61.78371391641534,19.051068453458893,70.66280333212605,10.286128214415067,229,75,70,135,19,812110,Salones y clínicas de belleza y peluquerías,17.0,380.447373635362,124.60066822118843,116.29395700644254,224.2812027981392,82.94096341905106,5,0,7,3,0,1,0,0,0,0,1,0,8.306711214745896,1.8109380659181455,0.021834061135371178
1824,0.6537773041802695,31,50,1,1824,3535,712.0,2471.0,349.0,1851.0,1120.0,1803.0,48.0,1094,968.0,5407.03994677869,62.30225513295187,20.14144271570014,69.9009900990099,9.872701555869872,165,71,60,71,23,461110,"Comercio al por menor en tiendas de abarrotes, ultramarinos y misceláneas",17.0,252.37951661060367,108.59967078395673,91.77436967658315,108.59967078395673,46.67609618104668,7,0,4,2,0,2,1,0,0,0,1,1,10.707009795601367,1.9801980198019802,0.04242424242424243
1843,0.7642196452736344,31,50,1,1843,3111,691.0,2159.0,261.0,1551.0,1013.0,1403.0,148.0,943,823.0,4070.8191934611727,60.49141965678627,22.21150755384121,69.39890710382514,8.389585342333655,132,47,47,62,23,461110,"Comercio al por menor en tiendas de abarrotes, ultramarinos y misceláneas",23.0,172.7252116801269,61.50064355277246,61.50064355277246,81.12850851642325,42.43008678881389,5,0,4,1,1,2,0,0,0,0,1,0,6.542621654550262,1.6072002571520412,0.03787878787878788
1858,0.5379350638363412,31,50,1,1858,3389,759.0,2299.0,314.0,1739.0,1012.0,1717.0,22.0,1007,889.0,6300.016912507963,63.21337695383497,22.39598701681912,67.83712009442313,9.265269991147832,177,76,69,81,20,461110,"Comercio al por menor en tiendas de abarrotes, ultramarinos y misceláneas",17.0,329.0359969058452,141.28099302171884,128.26826998024475,150.57579519420037,52.22779580997344,7,0,8,3,0,0,0,0,0,0,4,0,13.012723041474105,2.0655060489820007,0.03954802259887006
1913,0.4453933165394322,31,50,1,1913,2091,277.0,1502.0,310.0,1193.0,672.0,1172.0,21.0,729,651.0,4694.726935389199,63.96782841823057,13.24725011956002,71.83165949306552,14.82544237207078,104,27,26,71,6,621113,Consultorios de medicina especializada del sector privado,7.0,233.5014831566125,60.6205773579667,58.37537078915312,159.4096663857643,49.73696795791487,5,0,4,2,0,0,0,0,0,0,1,2,11.226032844067907,2.391200382592061,0.04807692307692308
199A,1.8024254422134132,31,50,1,199A,1219,234.0,871.0,114.0,655.0,386.0,645.0,10.0,418,353.0,676.3109149763468,62.92026897214217,19.196062346185396,71.45200984413454,9.351927809680067,84,29,22,45,10,722513,Restaurantes con servicio de preparación de antojitos,5.0,46.60386944873924,16.089431119207596,12.205775331812658,24.966358633253165,68.90894175553733,5,0,3,1,1,2,0,0,0,0,1,0,2.7740398481392403,4.1017227235438884,0.05952380952380952
2080,0.29119367147836783,31,50,1,2080,1840,390.0,1335.0,115.0,1094.0,421.0,1087.0,7.0,579,503.0,6318.818642790077,72.2112211221122,21.195652173913043,72.55434782608695,6.25,132,53,51,59,20,461110,"Comercio al por menor en tiendas de abarrotes, ultramarinos y misceláneas",11.0,453.3065548088534,182.0094500368881,175.14116890342063,202.61429343729054,71.73913043478261,5,0,5,1,0,2,0,0,0,0,2,0,17.170702833668688,2.717391304347826,0.03787878787878788
2201,0.5194720627714989,31,50,1,2201,2288,383.0,1627.0,238.0,1156.0,785.0,1138.0,18.0,772,671.0,4404.471701120964,59.55692941782586,16.73951048951049,71.11013986013987,10.402097902097902,104,31,27,57,16,461212,Comercio al por menor de cerveza,7.0,200.203259141862,59.67597147497809,51.975846123368015,109.72678626044359,45.45454545454545,8,0,6,3,0,3,0,0,0,0,2,0,15.400250703220154,3.4965034965034967,0.07692307692307693
2216,0.7724322353380358,31,50,1,2216,4288,657.0,3104.0,525.0,2358.0,1415.0,2318.0,40.0,1645,1436.0,5551.29602808907,62.496686986482906,15.321828358208956,72.38805970149254,12.243470149253731,73,23,19,45,5,461110,"Comercio al por menor en tiendas de abarrotes, ultramarinos y misceláneas",7.0,94.50667211998649,29.776074777529992,24.59762699013347,58.25753760821085,17.024253731343283,6,0,3,2,0,2,0,0,0,0,1,1,7.767671681094781,1.3992537313432836,0.0821917808219178
2220,0.24078162243289208,31,50,1,2220,1875,233.0,1181.0,445.0,905.0,771.0,879.0,26.0,707,634.0,7787.139155616324,53.997613365155125,12.426666666666666,62.98666666666667,23.733333333333334,40,5,5,33,2,621211,Consultorios dentales del sector privado,3.0,166.12563531981493,20.765704414976867,20.765704414976867,137.0536491388473,21.333333333333332,1,0,2,1,0,0,0,0,0,0,0,0,4.153140882995373,0.5333333333333333,0.025
2235,0.3205988106401543,31,50,1,2235,2095,230.0,1343.0,514.0,966.0,937.0,946.0,20.0,865,743.0,6534.6468248488445,50.761954808197586,10.978520286396181,64.10501193317423,24.534606205250597,206,76,73,126,4,812110,Salones y clínicas de belleza y peluquerías,10.0,642.5476114171179,237.05640032864542,227.69891084198838,393.0145584395964,98.32935560859188,3,0,3,1,0,0,0,0,0,0,1,1,9.357489486657057,1.431980906921241,0.014563106796116505
224A,0.48761043235841084,31,50,1,224A,1957,427.0,1417.0,93.0,1107.0,504.0,1093.0,14.0,655,547.0,4013.4498159414607,68.71508379888269,21.819110884006133,72.40674501788452,4.7521716913643335,60,28,26,25,7,461110,"Comercio al por menor en tiendas de abarrotes, ultramarinos y misceláneas",9.0,123.0490490324413,57.42288954847261,53.32125458072456,51.27043709685054,30.659172202350536,8,0,8,4,0,0,1,0,1,0,2,0,16.406539870992173,4.087889626980072,0.13333333333333333
2254,0.3931091815094207,31,50,1,2254,2082,310.0,1590.0,177.0,1174.0,657.0,1152.0,22.0,795,660.0,5296.238546262765,64.11796832332058,14.8895292987512,76.36887608069163,8.501440922190202,130,43,34,78,9,461110,"Comercio al por menor en tiendas de abarrotes, ultramarinos y misceláneas",8.0,330.6969313228432,109.38436959140198,86.48996665366668,198.4181587937059,62.439961575408255,6,0,8,1,0,1,0,0,0,0,3,1,15.262935291823533,2.881844380403458,0.046153846153846156
2269,0.2752084586032933,31,50,1,2269,2954,541.0,2136.0,277.0,1567.0,945.0,1551.0,16.0,997,886.0,10733.681715277959,62.38057324840764,18.31415030467163,72.30873392010832,9.377115775220041,120,47,46,66,7,812110,Salones y clínicas de belleza y peluquerías,13.0,436.03310962537404,170.7796346032715,167.14602535639338,239.81821029395573,40.62288422477996,4,0,4,0,1,1,0,0,0,0,2,0,14.534436987512468,1.3540961408259986,0.03333333333333333
2273,0.2754302467959397,31,50,1,2273,2693,425.0,1966.0,292.0,1354.0,988.0,1312.0,42.0,976,869.0,9777.430152742758,57.8138343296328,15.78165614556257,73.00408466394356,10.84292610471593,101,31,30,63,7,812110,Salones y clínicas de belleza y peluquerías,9.0,366.69901426922337,112.5511825974844,108.92049928788812,228.73304850456506,37.50464166357222,3,0,3,0,0,1,0,0,0,0,2,0,10.892049928788813,1.1139992573338284,0.0297029702970297
2288,0.4078345592406036,31,50,1,2288,3564,466.0,2787.0,306.0,1972.0,1225.0,1928.0,44.0,1396,1195.0,8738.8376469033,61.682827650922746,13.07519640852974,78.1986531986532,8.585858585858585,186,51,45,124,11,812110,Salones y clínicas de belleza y peluquerías,18.0,456.0672846026974,125.05070706848154,110.33885917807194,304.04485640179826,52.18855218855219,7,0,6,3,0,2,0,0,0,0,1,1,17.163822538811193,1.964085297418631,0.03763440860215054
2292,0.4434950151257365,31,50,1,2292,1516,208.0,1136.0,142.0,848.0,482.0,833.0,15.0,589,501.0,3418.302231807937,63.75939849624061,13.720316622691293,74.93403693931398,9.366754617414248,132,31,26,82,19,811111,Reparación mecánica en general de automóviles y camiones,10.0,297.6358143790552,69.899320043566,58.62523616557148,184.89497559911007,87.07124010554091,7,0,12,2,0,0,0,0,0,0,4,1,15.783717429192322,4.617414248021109,0.05303030303030303
231A,0.3840281400806257,31,50,1,231A,3035,376.0,2419.0,240.0,1720.0,1020.0,1683.0,37.0,1236,1001.0,7903.066685068468,62.77372262773723,12.388797364085667,79.70345963756178,7.907742998352553,177,53,49,111,13,812110,Salones y clínicas de belleza y peluquerías,18.0,460.9037243021809,138.01071970630275,127.59481633224216,289.04131863018125,58.31960461285008,5,0,5,2,0,1,0,0,0,0,2,0,13.019879217575731,1.6474464579901154,0.02824858757062147
2324,0.17050481965641623,31,50,1,2324,1679,210.0,1144.0,325.0,896.0,604.0,878.0,18.0,685,578.0,9847.228972080367,59.73333333333334,12.507444907683144,68.13579511614056,19.356759976176296,105,39,35,58,8,461110,"Comercio al por menor en tiendas de abarrotes, ultramarinos y misceláneas",7.0,615.8183693081826,228.7325371716107,205.2727897693942,340.16633733213894,62.537224538415714,5,0,3,1,1,2,0,0,0,0,1,0,29.3246842527706,2.9779630732578917,0.047619047619047616
2339,0.19242729935818068,31,50,1,2339,1655,221.0,1105.0,305.0,866.0,585.0,845.0,21.0,556,491.0,8600.650767952697,59.682977257064096,13.353474320241693,66.76737160120845,18.429003021148034,128,45,45,77,6,461110,"Comercio al por menor en tiendas de abarrotes, ultramarinos y misceláneas",8.0,665.1862829594835,233.85455260294341,233.85455260294341,400.1511233428143,77.34138972809667,2,0,2,1,0,0,0,0,0,0,1,0,10.39353567124193,1.2084592145015105,0.015625
2343,0.2984439849145971,31,50,1,2343,229,17.0,157.0,49.0,126.0,83.0,124.0,,103,88.0,767.3131695568626,60.28708133971292,7.423580786026202,68.5589519650655,21.397379912663755,211,123,119,82,6,463211,"Comercio al por menor de ropa, excepto de bebé y lencería",21.0,707.0003440021748,412.13764129036724,398.73479116710325,274.7584275269115,921.3973799126638,4,0,3,1,1,2,0,0,0,0,0,0,13.402850123263976,17.46724890829694,0.018957345971563982
2358,0.22927093170315935,31,50,1,2358,210,14.0,124.0,72.0,125.0,72.0,124.0,,115,82.0,915.9469036916126,63.45177664974619,6.666666666666667,59.04761904761905,34.285714285714285,122,41,30,71,10,531210,Inmobiliarias y corredores de bienes raíces,5.0,532.1215345256036,178.82772881598152,130.84955767023038,309.6772864862119,580.952380952381,7,0,7,1,1,3,0,0,0,0,1,1,30.53156345638709,33.333333333333336,0.05737704918032787
2362,0.2304204540816552,31,50,1,2362,310,14.0,201.0,95.0,171.0,126.0,169.0,,146,116.0,1345.3666743063695,57.57575757575758,4.516129032258064,64.83870967741936,30.64516129032258,138,21,15,101,16,531210,Inmobiliarias y corredores de bienes raíces,11.0,598.9051646912226,91.13774245301214,65.09838746643723,438.32914227401074,445.16129032258067,10,0,14,1,1,4,0,0,0,0,4,0,43.39892497762482,32.25806451612903,0.07246376811594203
2377,0.211380255662608,31,50,1,2377,285,30.0,177.0,78.0,159.0,101.0,159.0,0.0,157,104.0,1348.2810828599775,61.15384615384616,10.526315789473683,62.10526315789474,27.368421052631582,105,28,25,70,7,722511,Restaurantes con servicio de preparación de alimentos a la carta o de comida corrida,7.0,496.735135790518,132.46270287747146,118.2702704263138,331.1567571936787,368.4210526315789,3,0,1,1,0,1,0,0,0,0,1,0,14.192432451157657,10.526315789473683,0.02857142857142857
2381,0.22132219329408861,31,50,1,2381,657,77.0,391.0,189.0,335.0,258.0,330.0,5.0,290,246.0,2968.522904194209,56.492411467116355,11.71993911719939,59.51293759512938,28.767123287671232,119,21,16,86,12,621211,Consultorios dentales del sector privado,13.0,537.6776645344153,94.8842937413674,72.29279523151803,388.57377436940936,181.1263318112633,7,0,9,3,0,1,0,0,0,0,3,0,31.628097913789137,10.6544901065449,0.058823529411764705
2396,0.5889791400623337,31,50,1,2396,1418,164.0,868.0,386.0,676.0,607.0,664.0,12.0,581,488.0,2407.555554259406,52.68901013250195,11.56558533145275,61.212976022567,27.221438645980257,173,50,43,108,15,812110,Salones y clínicas de belleza y peluquerías,10.0,293.72856903164825,84.89265000914689,73.00767900786633,183.3681240197573,122.00282087447108,9,0,5,6,0,2,0,0,0,0,1,0,15.280677001646442,6.346967559943582,0.05202312138728324
2409,0.41191358509943227,31,50,1,2409,774,65.0,491.0,218.0,391.0,330.0,390.0,,309,263.0,1879.0348946931754,54.23023578363384,8.397932816537468,63.43669250645995,28.165374677002585,139,41,30,89,9,531210,Inmobiliarias y corredores de bienes raíces,5.0,337.44941907280537,99.53544015816561,72.83080987182849,216.0647359530912,179.58656330749355,2,0,1,1,0,0,0,0,0,0,1,0,4.855387324788566,2.5839793281653747,0.014388489208633094
2413,0.7088372436516162,31,50,1,2413,2963,418.0,2081.0,464.0,1729.0,880.0,1704.0,25.0,1096,931.0,4180.0850992760115,66.27060176312763,14.107323658454268,70.23287208909889,15.659804252446843,212,65,51,127,20,811111,Reparación mecánica en general de automóviles y camiones,8.0,299.0813503363194,91.69947062198472,71.94881541109571,179.1666579844932,71.54910563617955,5,0,2,1,0,3,0,0,0,0,0,1,7.053805432460363,1.6874789065136686,0.02358490566037736
2428,0.41287998019916483,31,50,1,2428,1648,223.0,1146.0,278.0,953.0,516.0,942.0,11.0,624,546.0,3991.4747118643018,64.87406398910824,13.531553398058252,69.53883495145631,16.868932038834952,136,40,28,76,20,811111,Reparación mecánica en general de automóviles y camiones,6.0,329.39354418297637,96.88045417146363,67.81631792002455,184.0728629257809,82.5242718446602,7,0,4,2,0,4,0,0,0,0,0,1,16.954079480006136,4.247572815533981,0.051470588235294115
2432,0.3262640920543925,31,50,1,2432,1672,164.0,1004.0,504.0,908.0,634.0,896.0,12.0,684,597.0,5124.682858821177,58.884565499351496,9.808612440191387,60.04784688995215,30.14354066985646,107,30,29,72,5,722514,Restaurantes con servicio de preparación de tacos y tortas,5.0,327.9551829508768,91.95005129463836,88.88504958481708,220.68012310713206,63.995215311004785,2,0,2,0,0,2,0,0,0,0,0,0,6.130003419642557,1.1961722488038278,0.018691588785046728
2447,0.3635533298675163,31,50,1,2447,1664,225.0,1051.0,388.0,926.0,562.0,916.0,10.0,662,553.0,4577.045135596431,62.23118279569893,13.521634615384615,63.161057692307686,23.317307692307693,278,39,34,230,9,621113,Consultorios de medicina especializada del sector privado,129.0,764.674607990269,107.27449536554134,93.52135493406168,632.6444598480643,167.06730769230768,7,0,7,2,0,3,2,0,0,0,0,0,19.254396604071523,4.206730769230769,0.025179856115107913
2451,0.7740224818122406,31,50,1,2451,1563,304.0,1127.0,132.0,825.0,504.0,807.0,18.0,565,443.0,2019.3211912146326,62.07674943566591,19.44977607165707,72.10492642354447,8.445297504798464,181,77,61,83,21,461110,"Comercio al por menor en tiendas de abarrotes, ultramarinos y misceláneas",9.0,233.84333692248782,99.48031460238433,78.80908039929147,107.23202742854414,115.80294305822136,10,0,4,3,0,5,1,0,0,0,1,0,12.91952137693303,6.397952655150352,0.055248618784530384
2466,0.4535156011384591,31,50,1,2466,3049,541.0,2207.0,301.0,1704.0,936.0,1674.0,30.0,997,876.0,6723.032222807998,64.54545454545455,17.74352246638242,72.38438832404067,9.872089209576911,80,26,25,44,10,812110,Salones y clínicas de belleza y peluquerías,8.0,176.39966475061982,57.329891043951434,55.12489523456869,97.0198156128409,26.238110856018366,6,0,5,1,0,2,0,0,0,0,3,0,13.229974856296485,1.9678583142013775,0.075
2470,0.5187953634853557,31,50,1,2470,1731,277.0,1186.0,257.0,934.0,581.0,926.0,8.0,618,537.0,3336.5756940672077,61.650165016501646,16.002310803004043,68.51530906990179,14.846909300982091,77,29,28,37,11,461212,Comercio al por menor de cerveza,5.0,148.42075588860484,55.898726243760265,53.97118395949267,71.31906451790103,44.482957827845176,5,0,6,1,0,2,1,0,0,0,1,0,9.637711421337977,2.8885037550548818,0.06493506493506493
2485,0.2529796615105511,31,50,1,2485,918,128.0,582.0,208.0,479.0,342.0,472.0,7.0,348,297.0,3628.7502106635266,58.34348355663824,13.943355119825709,63.39869281045751,22.657952069716774,85,43,33,31,11,468211,"Comercio al por menor de partes y refacciones nuevas para automóviles, camionetas y camiones",4.0,335.99538987625243,169.97413840798654,130.44526901078035,122.53949513133912,92.59259259259258,0,0,0,0,0,0,0,0,0,0,0,0,0.0,0.0,0.0
249A,0.3873619557391183,31,50,1,249A,1208,130.0,898.0,180.0,687.0,411.0,670.0,17.0,517,453.0,3118.530310223773,62.568306010928964,10.76158940397351,74.33774834437085,14.90066225165563,110,41,31,51,18,236111,Edificación de vivienda unifamiliar,5.0,283.9721308978601,105.8441578801115,80.02850961666967,131.65980614355334,91.05960264900662,6,0,2,3,1,1,0,0,0,0,1,0,15.489388958065097,4.966887417218543,0.05454545454545454
2502,0.9546761339165862,31,50,1,2502,1695,196.0,1233.0,211.0,923.0,571.0,901.0,22.0,620,560.0,1775.471219801226,61.780455153949134,11.563421828908554,72.7433628318584,12.448377581120944,209,47,44,144,18,531210,Inmobiliarias y corredores de bienes raíces,17.0,218.92240999318952,49.23135535732013,46.088928419618846,150.8364930096617,123.30383480825958,6,0,4,0,0,4,0,0,0,0,1,1,6.28485387540257,3.5398230088495577,0.028708133971291867
2517,0.2876010556524556,31,50,1,2517,1108,117.0,803.0,188.0,589.0,420.0,579.0,10.0,396,364.0,3852.5588770401987,58.37462834489594,10.559566787003611,72.47292418772562,16.967509025270758,103,34,34,60,9,812110,Salones y clínicas de belleza y peluquerías,10.0,358.13498586204014,118.21931572145014,118.21931572145014,208.6223218613826,92.96028880866426,0,0,0,0,0,0,0,0,0,0,0,0,0.0,0.0,0.0
2521,0.47292982156670543,31,50,1,2521,3701,666.0,2730.0,298.0,2072.0,1065.0,2019.0,53.0,1287,1134.0,7825.685400297778,66.05036659228563,17.995136449608214,73.76384760875439,8.051877870845717,173,56,51,94,23,461110,"Comercio al por menor en tiendas de abarrotes, ultramarinos y misceláneas",16.0,365.80480255377347,118.41080313879372,107.83841000140143,198.7609909829752,46.744123209943254,10,0,4,7,0,3,0,0,0,0,0,0,21.144786274784593,2.7019724398811134,0.057803468208092484
2540,0.36917522996962693,31,50,1,2540,1452,167.0,1091.0,192.0,820.0,501.0,801.0,19.0,563,497.0,3933.0916110473067,62.074186222558666,11.501377410468319,75.13774104683195,13.223140495867769,120,34,29,81,5,812110,Salones y clínicas de belleza y peluquerías,10.0,325.048893474984,92.09718648457881,78.5534825897878,219.40800309561422,82.64462809917356,5,0,2,1,0,4,0,0,0,0,0,0,13.543703894791001,3.443526170798898,0.041666666666666664
2555,0.4461490237091806,31,50,1,2555,2355,391.0,1633.0,317.0,1263.0,768.0,1255.0,8.0,878,732.0,5278.505330844548,62.186115214180205,16.602972399150744,69.34182590233546,13.46072186836518,201,60,48,113,28,811111,Reparación mecánica en general de automóviles y camiones,15.0,450.52211104023525,134.48421225081648,107.58736980065319,253.27859973903773,85.35031847133757,2,0,1,1,0,0,0,0,0,0,1,0,4.482807075027217,0.8492569002123143,0.009950248756218905
2574,0.09056111551651334,31,50,1,2574,189,36.0,144.0,9.0,107.0,49.0,105.0,,58,52.0,2086.9884267882812,68.58974358974359,19.047619047619047,76.19047619047619,4.761904761904762,17,6,6,11,0,812110,Salones y clínicas de belleza y peluquerías,3.0,187.7185357428613,66.25360085042163,66.25360085042163,121.46493489243966,89.94708994708994,1,0,0,0,0,1,0,0,0,0,0,0,11.042266808403605,5.291005291005291,0.058823529411764705
2589,0.528840936379782,31,50,1,2589,1270,133.0,947.0,152.0,744.0,375.0,741.0,3.0,445,402.0,2401.478237849503,66.48793565683646,10.47244094488189,74.56692913385827,11.968503937007874,116,29,29,78,9,812110,Salones y clínicas de belleza y peluquerías,16.0,219.34761857523017,54.83690464380754,54.83690464380754,147.4923642143789,91.33858267716535,3,0,3,1,0,2,0,0,0,0,0,0,5.672783239014573,2.3622047244094486,0.02586206896551724
2593,1.0530270559952437,31,50,1,2593,2248,322.0,1637.0,289.0,1174.0,819.0,1143.0,31.0,876,748.0,2134.797949588632,58.90617160060211,14.323843416370108,72.8202846975089,12.855871886120996,208,76,72,119,13,812110,Salones y clínicas de belleza y peluquerías,10.0,197.52578892990903,72.17288441669753,68.37431155266081,113.00754270509218,92.52669039145907,17,0,11,3,1,9,0,0,0,0,3,1,16.143934672156025,7.562277580071174,0.08173076923076923
2606,0.3978858463261414,31,50,1,2606,1585,263.0,1110.0,212.0,868.0,508.0,849.0,19.0,555,494.0,3983.55461656909,63.08139534883721,16.593059936908517,70.03154574132492,13.375394321766562,428,242,235,165,21,463211,"Comercio al por menor de ropa, excepto de bebé y lencería",25.0,1075.6854106571423,608.2146480818421,590.6216623935244,414.6918055103469,270.0315457413249,2,0,3,0,0,0,1,0,0,0,1,0,5.026567339519357,1.2618296529968456,0.004672897196261682
2610,0.1494069764718622,31,50,1,2610,1790,376.0,1276.0,138.0,859.0,640.0,840.0,19.0,534,494.0,11980.698908910123,57.30486991327551,21.005586592178773,71.28491620111733,7.709497206703911,65,31,31,28,6,461110,"Comercio al por menor en tiendas de abarrotes, ultramarinos y misceláneas",9.0,435.05331233472515,207.48696434425352,207.48696434425352,187.40758069803545,36.312849162011176,3,0,3,0,0,2,0,0,0,0,1,0,20.079383646218083,1.675977653631285,0.046153846153846156
2625,1.2905263652105694,31,50,1,2625,1323,266.0,981.0,74.0,697.0,426.0,684.0,13.0,436,377.0,1025.1630928781,62.06589492430988,20.105820105820104,74.14965986394559,5.593348450491307,144,101,73,39,4,461130,Comercio al por menor de frutas y verduras frescas,40.0,111.58237745611974,78.26263974352844,56.56606634928293,30.220227227699098,108.84353741496598,11,0,9,4,0,2,0,0,0,0,4,1,8.523653833453592,8.314436885865456,0.0763888888888889
263A,0.5440560061765978,31,50,1,263A,3113,609.0,2092.0,412.0,1623.0,1004.0,1613.0,10.0,1032,891.0,5721.837392949461,61.78149980966883,19.563122389977515,67.20205589463541,13.234821715387085,238,90,83,126,22,461110,"Comercio al por menor en tiendas de abarrotes, ultramarinos y misceláneas",16.0,437.45496290458453,165.42414563618743,152.5578231978173,231.5938038906624,76.45358175393511,9,0,9,1,1,3,0,0,0,0,4,0,16.542414563618742,2.89110183103116,0.037815126050420166
2644,0.33907578100476454,31,50,1,2644,2153,359.0,1475.0,319.0,1157.0,712.0,1132.0,25.0,814,664.0,6349.613038183187,61.904761904761905,16.674407803065492,68.50905712958662,14.816535067347886,144,48,46,79,17,461110,"Comercio al por menor en tiendas de abarrotes, ultramarinos y misceláneas",12.0,424.68382605591216,141.56127535197072,135.66288887897196,232.98626568345182,66.88341848583372,5,0,3,4,0,0,0,0,0,0,1,0,14.745966182496952,2.3223409196470044,0.034722222222222224
2663,0.39126100986450074,31,50,1,2663,2777,543.0,2054.0,177.0,1386.0,940.0,1379.0,7.0,890,764.0,7097.563851204378,59.58727429062769,19.553474972992436,73.96471011883328,6.373784659704718,97,37,35,51,9,461110,"Comercio al por menor en tiendas de abarrotes, ultramarinos y misceláneas",9.0,247.91634626100995,94.56602898615844,89.4543517436634,130.3477696836238,34.92978033849478,4,0,2,2,0,0,0,0,0,0,2,0,10.223354484990102,1.44040331292762,0.041237113402061855
2678,0.3503572358806651,31,50,1,2678,2693,591.0,1894.0,199.0,1417.0,815.0,1400.0,17.0,832,713.0,7686.440364877352,63.48566308243727,21.94578536947642,70.33048644634236,7.3895284069810625,156,64,59,78,14,461110,"Comercio al por menor en tiendas de abarrotes, ultramarinos y misceláneas",13.0,445.2598206167349,182.67069563763482,168.3995475409446,222.62991030836744,57.927961381359076,6,0,4,2,0,1,1,0,1,0,1,0,17.125377716028265,2.227998514667657,0.038461538461538464
2682,0.2393824276435606,31,50,1,2682,2008,404.0,1312.0,276.0,975.0,694.0,975.0,0.0,621,553.0,8388.25146760523,58.41821449970042,20.119521912350596,65.33864541832669,13.745019920318724,78,40,38,27,11,461110,"Comercio al por menor en tiendas de abarrotes, ultramarinos y misceláneas",8.0,325.8384534229123,167.0966427809807,158.74181064193164,112.79023387716195,38.844621513944226,2,0,2,0,0,2,0,0,0,0,0,0,8.354832139049034,0.9960159362549801,0.02564102564102564
2697,0.3662569676762055,31,50,1,2697,1024,213.0,708.0,103.0,532.0,328.0,531.0,,360,283.0,2795.85124754618,61.86046511627907,20.80078125,69.140625,10.05859375,72,30,26,32,10,461110,"Comercio al por menor en tiendas de abarrotes, ultramarinos y misceláneas",8.0,196.58329084309077,81.90970451795448,70.98841058222722,87.37035148581812,70.3125,5,0,5,2,0,2,0,0,0,0,1,0,13.65161741965908,4.8828125,0.06944444444444445
270A,0.34595302490281876,31,50,1,270A,1501,306.0,1070.0,125.0,870.0,402.0,859.0,11.0,456,402.0,4338.739343070187,68.39622641509435,20.38640906062625,71.28580946035976,8.327781479013991,187,80,67,96,11,461110,"Comercio al por menor en tiendas de abarrotes, ultramarinos y misceláneas",12.0,540.535814226599,231.2452681183311,193.66791204910228,277.49432174199734,124.5836109260493,12,0,13,3,0,2,0,0,0,0,6,1,34.68679021774967,7.994670219853432,0.06417112299465241
2714,0.295624158495276,31,50,1,2714,1551,217.0,1036.0,298.0,813.0,563.0,807.0,6.0,618,508.0,5246.52656228968,59.0843023255814,13.99097356544165,66.79561573178594,19.213410702772403,119,32,27,76,11,811111,Reparación mecánica en general de automóviles y camiones,10.0,402.5381437217743,108.2455512529141,91.33218386964627,257.083184225671,76.72469374597034,1,0,1,1,0,0,0,0,0,0,0,0,3.3826734766535655,0.6447453255963894,0.008403361344537815
2729,0.23868209430587123,31,50,1,2729,1171,142.0,761.0,268.0,618.0,443.0,606.0,12.0,538,424.0,4906.107445577224,58.24693685202639,12.126387702818105,64.98719043552519,22.886421861656704,120,43,38,64,13,722513,Restaurantes con servicio de preparación de antojitos,6.0,502.7607971556506,180.15595231410813,159.20758576595603,268.139091816347,102.47651579846286,2,0,1,2,0,0,0,0,0,0,0,0,8.379346619260843,1.7079419299743808,0.016666666666666666
2733,0.6060298327447924,31,50,1,2733,2588,395.0,1878.0,314.0,1403.0,864.0,1382.0,21.0,1004,811.0,4270.4168345617445,61.887957653286286,15.262751159196291,72.56568778979907,12.13292117465224,206,88,71,93,25,461212,Comercio al por menor de cerveza,13.0,339.9172596289488,145.2073730453762,117.15594870706487,153.4577919684089,79.59814528593509,9,0,16,3,0,3,1,0,0,0,2,0,14.850754061458927,3.4775888717156107,0.043689320388349516
2748,0.6139122582909029,31,50,1,2748,1959,230.0,1485.0,244.0,1040.0,734.0,1014.0,26.0,789,666.0,3191.009746985254,58.62457722660653,11.740684022460439,75.80398162327718,12.455334354262378,63,22,17,35,6,931610,Actividades administrativas de instituciones de bienestar social,4.0,102.62052785098061,35.83573988446942,27.691253547090003,57.01140436165589,32.15926493108729,2,0,0,0,0,2,0,0,0,0,0,0,3.257794534951765,1.0209290454313427,0.031746031746031744
2771,0.29095865098466284,31,50,1,2771,3004,572.0,2271.0,161.0,1652.0,880.0,1611.0,41.0,982,874.0,10324.491091204394,65.24486571879937,19.04127829560586,75.59920106524633,5.359520639147803,129,56,55,66,7,812110,Salones y clínicas de belleza y peluquerías,14.0,443.3619676316134,192.46721075480895,189.0302962770445,226.83635553245338,42.94274300932091,1,0,1,0,0,0,0,0,0,0,1,0,3.4369144777644456,0.33288948069241014,0.007751937984496124
2786,0.3110766297884856,31,50,1,2786,3432,607.0,2650.0,172.0,1890.0,1043.0,1864.0,26.0,1108,990.0,11032.651351319977,64.43914081145584,17.686480186480185,77.21445221445221,5.011655011655012,111,42,39,58,11,812110,Salones y clínicas de belleza y peluquerías,11.0,356.8252622367475,135.01496408958013,125.37103808318156,186.4492361237059,32.34265734265735,2,0,2,0,0,0,0,0,0,0,2,0,6.429284004265721,0.5827505827505828,0.018018018018018018
2803,0.21377416894479523,31,50,1,2803,2301,408.0,1729.0,155.0,1189.0,785.0,1168.0,21.0,729,664.0,10763.695217985889,60.23302938196555,17.731421121251632,75.14124293785311,6.73620165145589,72,19,17,42,11,812110,Salones y clínicas de belleza y peluquerías,5.0,336.80402246631206,88.87883926194345,79.52317197121256,196.4690131053487,31.290743155149936,3,0,2,2,0,1,0,0,0,0,0,0,14.033500936096335,1.303780964797914,0.041666666666666664
2818,0.3125752155500821,31,50,1,2818,2254,466.0,1593.0,195.0,1207.0,683.0,1187.0,20.0,651,589.0,7211.06437064539,63.86243386243387,20.67435669920142,70.67435669920143,8.65128660159716,137,62,51,59,16,461110,"Comercio al por menor en tiendas de abarrotes, ultramarinos y misceláneas",15.0,438.29450700018566,198.35225864241977,163.1607288832808,188.75456870810913,60.78083407275954,10,0,5,2,0,4,0,0,0,0,4,0,31.99229978103545,4.436557231588288,0.072992700729927
2822,0.489703957101802,31,50,1,2822,1869,393.0,1339.0,137.0,996.0,570.0,974.0,22.0,560,479.0,3816.591581291763,63.601532567049816,21.02728731942215,71.64258962011772,7.3301230604601395,132,41,37,73,18,461110,"Comercio al por menor en tiendas de abarrotes, ultramarinos y misceláneas",12.0,269.55060927261246,83.72405288012963,75.55585259914137,149.0696551280357,70.62600321027287,3,0,0,2,0,1,0,0,0,0,0,0,6.1261502107411925,1.6051364365971108,0.022727272727272728
2837,0.28797517894705965,31,50,1,2837,1454,304.0,1027.0,123.0,838.0,380.0,837.0,,509,420.0,5049.0462591822825,68.80131362889983,20.907840440165064,70.63273727647868,8.45942228335626,108,43,36,46,19,461110,"Comercio al por menor en tiendas de abarrotes, ultramarinos y misceláneas",9.0,375.0323218649839,149.31842444624357,125.01077395499462,159.73598894249312,74.27785419532324,6,0,3,3,0,2,0,0,0,0,1,0,20.835128992499104,4.126547455295736,0.05555555555555555
2841,0.2165858890293126,31,50,1,2841,1529,326.0,1043.0,160.0,828.0,438.0,821.0,7.0,469,409.0,7059.555019270281,65.40284360189574,21.321124918247218,68.21451929365598,10.464355788096794,89,26,25,50,13,461110,"Comercio al por menor en tiendas de abarrotes, ultramarinos y misceláneas",7.0,410.9224308142937,120.04475506934422,115.42764910513867,230.85529821027734,58.20797907128843,2,0,2,0,0,1,0,0,0,0,1,0,9.234211928411094,1.3080444735120995,0.02247191011235955
2856,0.23567768054486185,31,50,1,2856,1173,216.0,823.0,134.0,655.0,348.0,642.0,13.0,381,329.0,4977.136559084204,65.30408773678963,18.414322250639387,70.16197783461212,11.423699914748509,115,44,36,58,13,461110,"Comercio al por menor en tiendas de abarrotes, ultramarinos y misceláneas",7.0,487.9545646160984,186.69565950528985,152.7509941406917,246.0988238933366,98.0392156862745,6,0,7,3,0,1,0,0,0,0,1,1,25.458499023448613,5.115089514066496,0.05217391304347826
2860,0.35693473508704704,31,50,1,2860,1871,307.0,1222.0,342.0,953.0,676.0,945.0,8.0,716,591.0,5241.8546475834355,58.50214855739717,16.408337787279528,65.31266702298237,18.278995189738108,111,41,35,59,11,461110,"Comercio al por menor en tiendas de abarrotes, ultramarinos y misceláneas",7.0,310.98122174332514,114.86693776104804,98.05714199113856,165.29632507077645,59.32656333511491,5,0,2,4,0,1,0,0,0,0,0,0,14.008163141591224,2.672367717797969,0.04504504504504504
2875,0.3860493688328254,31,50,1,2875,2313,396.0,1506.0,411.0,1195.0,817.0,1190.0,5.0,842,690.0,5991.461680129362,59.39363817097415,17.120622568093385,65.11024643320363,17.769130998702984,129,50,41,59,20,461110,"Comercio al por menor en tiendas de abarrotes, ultramarinos y misceláneas",14.0,334.1541533664884,129.51711370794123,106.20403324051182,152.83019417537068,55.77172503242542,8,0,9,3,2,2,0,0,0,0,1,0,20.7227381932706,3.4587116299178553,0.06201550387596899
288A,0.5607085457693671,31,50,1,288A,3279,650.0,2324.0,304.0,1716.0,1057.0,1701.0,15.0,992,868.0,5847.957953807844,61.882437793003966,19.82311680390363,70.8752668496493,9.271119243671851,133,59,57,54,20,461110,"Comercio al por menor en tiendas de abarrotes, ultramarinos y misceláneas",17.0,237.19988040757647,105.22400709809783,101.65709160324705,96.30671836097089,40.56114669106435,3,0,2,2,0,0,0,0,0,0,1,0,5.350373242276161,0.9149130832570906,0.022556390977443608
2894,0.4292539410606996,31,50,1,2894,3916,768.0,2837.0,310.0,2040.0,1246.0,2028.0,12.0,1267,1152.0,9122.80500051658,62.0815581253804,19.611848825331972,72.44637385086823,7.916241062308478,196,77,73,102,17,461110,"Comercio al por menor en tiendas de abarrotes, ultramarinos y misceláneas",15.0,456.60617469388404,179.38099720116873,170.06250384006907,237.6215807080417,50.051072522982636,1,0,1,0,0,0,0,0,0,0,1,0,2.3296233402749187,0.25536261491317674,0.00510204081632653
2907,0.33193575519722757,31,50,1,2907,5184,1108.0,3713.0,361.0,2897.0,1375.0,2872.0,25.0,1557,1439.0,15617.479945538866,67.81367041198502,21.373456790123456,71.62422839506173,6.963734567901235,119,60,59,50,9,461110,"Comercio al por menor en tiendas de abarrotes, ultramarinos y misceláneas",23.0,358.5031083177325,180.7578697400332,177.7452385776993,150.63155811669432,22.955246913580247,1,0,0,0,0,1,0,0,0,0,0,0,3.012631162333886,0.19290123456790123,0.008403361344537815
2911,0.40560873232760664,31,50,1,2911,2463,365.0,1758.0,312.0,1272.0,870.0,1253.0,19.0,884,743.0,6072.3544729077885,59.38375350140056,14.819326025172556,71.37637028014616,12.667478684531059,140,39,35,86,15,461110,"Comercio al por menor en tiendas de abarrotes, ultramarinos y misceláneas",11.0,345.1602217649575,96.15177606309531,86.29005544123937,212.02699336990247,56.84125050751117,5,0,2,2,0,1,0,0,0,0,2,0,12.327150777319911,2.0300446609825418,0.03571428571428571
2926,0.4757409892771621,31,50,1,2926,1676,248.0,1236.0,163.0,839.0,604.0,822.0,17.0,561,497.0,3522.9253685844983,58.14275814275815,14.797136038186157,73.74701670644392,9.725536992840096,135,38,37,89,8,722515,"Cafeterías, fuentes de sodas, neverías, refresquerías y similares",7.0,283.7678548680831,79.87539618509005,77.7734120749561,187.07658580192145,80.5489260143198,7,0,2,4,0,2,0,0,0,0,1,0,14.713888770937642,4.176610978520286,0.05185185185185185
2930,0.28452750780277775,31,50,1,2930,1840,287.0,1208.0,345.0,981.0,631.0,978.0,3.0,707,583.0,6466.861549553265,60.8560794044665,15.59782608695652,65.65217391304347,18.75,136,52,43,72,12,812110,Salones y clínicas de belleza y peluquerías,9.0,477.98541888002393,182.75913074824444,151.1277427341252,253.05110411295385,73.91304347826087,6,0,4,3,0,2,0,0,0,0,1,0,21.08759200941282,3.260869565217391,0.04411764705882353
2945,0.28339328781057127,31,50,1,2945,2337,434.0,1565.0,338.0,1222.0,774.0,1210.0,12.0,766,668.0,8246.49030347579,61.22244488977956,18.57081728712024,66.96619597774925,14.462986735130508,92,43,38,34,15,461110,"Comercio al por menor en tiendas de abarrotes, ultramarinos y misceláneas",13.0,324.6371878133388,151.7325986518866,134.08927322724864,119.97461288753824,39.366709456568245,1,0,1,0,0,0,0,0,0,0,1,0,3.5286650849275953,0.4278990158322636,0.010869565217391304
295A,0.6317725197691301,31,50,1,295A,4103,832.0,2768.0,503.0,2075.0,1362.0,2037.0,38.0,1268,1131.0,6494.42619235697,60.372417806226366,20.277845478917865,67.46283207409213,12.259322446990009,169,61,55,83,25,461110,"Comercio al por menor en tiendas de abarrotes, ultramarinos y misceláneas",20.0,267.5013469432922,96.5537406126676,87.05665137207734,131.37640116149853,41.189373629051914,4,0,2,2,0,0,0,0,1,0,1,0,6.331392827060171,0.9748964172556666,0.023668639053254437
2964,0.3657388601622146,31,50,1,2964,2056,436.0,1446.0,174.0,1140.0,571.0,1130.0,10.0,651,561.0,5621.4972592415015,66.62770309760374,21.20622568093385,70.3307392996109,8.463035019455253,101,52,45,43,6,461110,"Comercio al por menor en tiendas de abarrotes, ultramarinos y misceláneas",11.0,276.1533186689648,142.1779462454076,123.0386073277566,117.5702247798563,49.12451361867704,10,0,13,2,0,2,0,0,1,0,4,1,27.341912739501467,4.863813229571985,0.09900990099009901
2979,0.3545916811440106,31,50,1,2979,2600,546.0,1726.0,323.0,1359.0,806.0,1345.0,14.0,774,700.0,7332.37731807944,62.771362586605086,21.0,66.38461538461539,12.423076923076923,163,73,64,73,17,461110,"Comercio al por menor en tiendas de abarrotes, ultramarinos y misceláneas",16.0,459.6836549411341,205.87059393069197,180.48928782964774,205.87059393069197,62.692307692307686,6,0,4,2,0,1,0,0,0,0,3,0,16.920870734029474,2.307692307692308,0.03680981595092025
2983,0.24543029851613188,31,50,1,2983,1230,236.0,850.0,144.0,665.0,366.0,659.0,6.0,416,363.0,5011.606176729453,64.50048496605237,19.1869918699187,69.10569105691057,11.707317073170733,73,30,21,33,10,461110,"Comercio al por menor en tiendas de abarrotes, ultramarinos y misceláneas",5.0,297.4367893506098,122.23429699340129,85.5640078953809,134.45772669274143,59.34959349593496,7,0,7,3,0,0,1,0,1,0,2,0,28.52133596512697,5.691056910569106,0.0958904109589041
2998,0.38357814518129074,31,50,1,2998,2416,447.0,1691.0,278.0,1201.0,851.0,1193.0,8.0,797,692.0,6298.586169079379,58.528265107212476,18.501655629139073,69.99172185430463,11.506622516556291,106,32,29,64,10,461110,"Comercio al por menor en tiendas de abarrotes, ultramarinos y misceláneas",15.0,276.34525410695954,83.42498237191231,75.60389027454553,166.84996474382461,43.87417218543047,1,0,1,0,0,1,0,0,0,0,0,0,2.6070306991222596,0.4139072847682119,0.009433962264150943
3002,0.537004595708263,31,50,1,3002,1304,217.0,927.0,149.0,614.0,513.0,609.0,5.0,460,400.0,2428.284618831122,54.48092280390418,16.641104294478527,71.08895705521472,11.42638036809816,69,23,21,44,2,461110,"Comercio al por menor en tiendas de abarrotes, ultramarinos y misceláneas",4.0,128.49052047495965,42.83017349165322,39.10581057933555,81.93598407098877,52.91411042944785,6,0,8,1,0,1,0,0,0,0,4,0,11.173088736953014,4.601226993865031,0.08695652173913043
3017,0.4038025179118442,31,50,1,3017,2716,420.0,1919.0,377.0,1418.0,962.0,1387.0,31.0,1035,919.0,6726.060090078342,59.57983193277311,15.463917525773196,70.65537555228278,13.880706921944036,86,28,26,50,8,812110,Salones y clínicas de belleza y peluquerías,7.0,212.97539313208298,69.34082567091075,64.38790955155997,123.82290298376918,31.66421207658321,0,0,0,0,0,0,0,0,0,0,0,0,0.0,0.0,0.0
3021,0.3121870681965522,31,50,1,3021,2058,248.0,1453.0,357.0,1103.0,757.0,1081.0,22.0,829,712.0,6592.201310223038,59.30107526881721,12.050534499514091,70.6025267249757,17.346938775510203,58,19,17,34,5,464111,Farmacias sin minisúper,4.0,185.78604275652876,60.86094504093183,54.454529773465325,108.90905954693065,28.182701652089406,9,0,7,5,0,0,0,0,0,0,4,0,28.82886870359929,4.373177842565598,0.15517241379310345
3036,0.43190183898382617,31,50,1,3036,1489,182.0,1088.0,216.0,844.0,503.0,827.0,17.0,533,470.0,3447.5426256653654,62.657757980697845,12.222968435191403,73.06917394224311,14.5063801208865,87,33,30,43,11,812110,Salones y clínicas de belleza y peluquerías,7.0,201.43465979374534,76.40625026659306,69.4602275150846,99.55965943828792,58.42847548690396,4,0,2,2,0,1,0,0,0,0,1,0,9.261363668677946,2.686366689053056,0.04597701149425287
3040,0.3635149016276177,31,50,1,3040,1952,271.0,1292.0,387.0,997.0,731.0,985.0,12.0,699,616.0,5369.7936212794275,57.69675925925925,13.883196721311474,66.18852459016394,19.825819672131146,104,40,36,50,14,461110,"Comercio al por menor en tiendas de abarrotes, ultramarinos y misceláneas",7.0,286.0955617894777,110.0367545344145,99.03307908097305,137.5459431680181,53.27868852459016,2,0,0,1,0,1,0,0,0,0,0,0,5.501837726720725,1.0245901639344264,0.019230769230769232
3055,0.5803867093565052,31,50,1,3055,2046,429.0,1372.0,241.0,1008.0,694.0,994.0,14.0,627,542.0,3525.2357902345334,59.22444183313749,20.967741935483872,67.0576735092864,11.779081133919844,128,49,39,62,17,461110,"Comercio al por menor en tiendas de abarrotes, ultramarinos y misceláneas",16.0,220.54261053275675,84.42646809457094,67.19657664669931,106.82532697680405,62.56109481915934,0,0,0,0,0,0,0,0,0,0,0,0,0.0,0.0,0.0
306A,0.5026408395896106,31,50,1,306A,3000,604.0,1939.0,448.0,1528.0,994.0,1513.0,15.0,925,835.0,5968.47642234841,60.5868358445678,20.133333333333333,64.63333333333333,14.933333333333335,144,68,62,62,14,461110,"Comercio al por menor en tiendas de abarrotes, ultramarinos y misceláneas",17.0,286.48686827272365,135.28546557323062,123.3485127285338,123.3485127285338,48.0,7,0,9,2,2,0,0,0,0,0,3,0,13.926444985479623,2.3333333333333335,0.04861111111111111
3074,1.0436195184743942,31,50,1,3074,5926,1772.0,3925.0,229.0,3073.0,1430.0,3037.0,36.0,1954,1613.0,5678.314649253465,68.24339329335997,29.902126223422208,66.2335470806615,3.8643266959163007,200,94,84,83,23,461110,"Comercio al por menor en tiendas de abarrotes, ultramarinos y misceláneas",37.0,191.64072390325566,90.07114023453016,80.48910403936738,79.53090041985111,33.74957813027337,13,0,12,3,1,1,0,0,0,0,7,1,12.456647053711619,2.1937225784677694,0.065
3089,0.7378031894693473,31,50,1,3089,2500,612.0,1764.0,124.0,1522.0,482.0,1502.0,20.0,881,677.0,3388.4375070241745,75.94810379241517,24.48,70.56,4.96,123,50,44,56,17,461110,"Comercio al por menor en tiendas de abarrotes, ultramarinos y misceláneas",16.0,166.71112534558938,67.76875014048349,59.636500123625474,75.90100015734151,49.2,10,0,10,3,1,1,0,0,0,0,4,1,13.5537500280967,4.0,0.08130081300813008
3093,0.24212676478999157,31,50,1,3093,2806,552.0,1940.0,313.0,1466.0,911.0,1457.0,9.0,992,858.0,11588.97077088434,61.67437946992007,19.672131147540984,69.13756236635781,11.154668567355666,101,31,31,66,4,461110,"Comercio al por menor en tiendas de abarrotes, ultramarinos y misceláneas",15.0,417.1368666640479,128.0321075899553,128.0321075899553,272.5844871270016,35.994297933000716,4,0,7,1,0,0,0,0,0,0,3,0,16.520271947091008,1.4255167498218104,0.039603960396039604
3106,0.22566233486972126,31,50,1,3106,1818,378.0,1295.0,141.0,907.0,606.0,900.0,7.0,646,539.0,8056.284630084868,59.94712491738269,20.792079207920793,71.23212321232123,7.755775577557755,85,38,38,42,5,461110,"Comercio al por menor en tiendas de abarrotes, ultramarinos y misceláneas",10.0,376.668973353803,168.3931880875825,168.3931880875825,186.1187868336438,46.754675467546754,3,0,0,1,0,2,0,0,0,0,0,0,13.294199059545987,1.6501650165016502,0.03529411764705882
3110,0.5524537365668113,31,50,1,3110,3132,836.0,2116.0,175.0,1577.0,889.0,1572.0,5.0,924,795.0,5669.252993859025,63.949716139497156,26.69220945083014,67.56066411238825,5.587484035759898,147,46,45,75,26,461110,"Comercio al por menor en tiendas de abarrotes, ultramarinos y misceláneas",24.0,266.085629022119,83.26489071440459,81.45478439452621,135.75797399087705,46.934865900383144,1,0,0,1,0,0,0,0,0,0,0,0,1.8101063198783605,0.31928480204342274,0.006802721088435374
3125,0.4797572834764595,31,50,1,3125,2755,728.0,1834.0,193.0,1333.0,842.0,1319.0,14.0,789,708.0,5742.487076040777,61.287356321839084,26.424682395644282,66.56987295825772,7.005444646098004,176,69,67,84,23,461110,"Comercio al por menor en tiendas de abarrotes, ultramarinos y misceláneas",19.0,366.85216892311314,143.82272531644776,139.6539506695942,175.08853516784944,63.88384754990925,5,0,3,1,0,0,0,0,0,0,4,0,10.421936617133897,1.8148820326678765,0.028409090909090908
313A,0.2957425501038886,31,50,1,313A,2793,575.0,1921.0,285.0,1482.0,848.0,1466.0,16.0,856,773.0,9444.02487575384,63.60515021459228,20.58718224131758,68.77909058360187,10.204081632653061,101,45,41,46,10,461110,"Comercio al por menor en tiendas de abarrotes, ultramarinos y misceláneas",9.0,341.5132518622047,152.15936964157635,138.63409234010288,155.5406889669447,36.16183315431436,2,0,2,0,0,1,0,0,0,0,1,0,6.762638650736727,0.7160759040458289,0.019801980198019802
3144,0.36854729972604144,31,50,1,3144,2931,573.0,1970.0,344.0,1547.0,899.0,1532.0,15.0,866,774.0,7952.846221309314,63.246116107931314,19.549641760491298,67.21255544182873,11.736608665984306,191,90,80,85,16,461110,"Comercio al por menor en tiendas de abarrotes, ultramarinos y misceláneas",23.0,518.2509820095801,244.2020334076555,217.06847414013822,230.63525377389686,65.165472534971,9,0,11,1,0,3,0,0,0,0,5,0,24.42020334076555,3.0706243602865912,0.04712041884816754
3159,0.46850220008742804,31,50,1,3159,3460,706.0,2269.0,455.0,1642.0,1240.0,1607.0,35.0,1102,949.0,7385.2374638887995,56.97432338653713,20.404624277456648,65.57803468208093,13.150289017341041,203,79,78,106,18,461110,"Comercio al por menor en tiendas de abarrotes, ultramarinos y misceláneas",19.0,433.29572403740644,168.62247388647836,166.4880121917128,226.2529396451482,58.67052023121387,1,0,1,0,0,0,0,0,0,0,1,0,2.134461694765549,0.28901734104046245,0.0049261083743842365
3163,0.26811536194511393,31,50,1,3163,2418,531.0,1572.0,310.0,1210.0,760.0,1197.0,13.0,792,664.0,9018.505998529807,61.42131979695431,21.960297766749378,65.01240694789082,12.82051282051282,105,45,43,44,16,461110,"Comercio al por menor en tiendas de abarrotes, ultramarinos y misceláneas",18.0,391.6224689187881,167.8382009651949,160.3787253667418,164.10846316596835,43.424317617866,3,0,2,0,0,2,0,0,0,0,1,0,11.18921339767966,1.2406947890818858,0.02857142857142857
3178,0.2011026741734009,31,50,1,3178,1742,326.0,1193.0,223.0,850.0,645.0,848.0,,610,533.0,8662.241848151454,56.85618729096989,18.714121699196326,68.4845005740528,12.801377726750863,53,21,21,29,3,461110,"Comercio al por menor en tiendas de abarrotes, ultramarinos y misceláneas",7.0,263.5469678255035,104.42427027048251,104.42427027048251,144.20494465923775,30.4247990815155,1,0,0,1,0,0,0,0,0,0,0,0,4.9725842985944055,0.5740528128587831,0.018867924528301886
3182,0.25742410070982075,31,50,1,3182,2495,425.0,1771.0,295.0,1291.0,865.0,1282.0,9.0,845,743.0,9692.177201436429,59.87940630797773,17.034068136272545,70.9819639278557,11.823647294589177,104,48,47,50,6,461110,"Comercio al por menor en tiendas de abarrotes, ultramarinos y misceláneas",9.0,404.00257673322193,186.4627277230255,182.57808756212913,194.23200804481823,41.68336673346693,2,0,0,0,0,2,0,0,0,0,0,0,7.769280321792729,0.8016032064128257,0.019230769230769232
3197,0.1621644405988359,31,50,1,3197,1389,221.0,950.0,218.0,698.0,511.0,690.0,8.0,509,442.0,8565.37965333672,57.73366418527709,15.910727141828653,68.39452843772497,15.694744420446364,69,27,25,36,6,461110,"Comercio al por menor en tiendas de abarrotes, ultramarinos y misceláneas",6.0,425.4940216560357,166.49766064801398,154.16450060001296,221.99688086401864,49.676025917926566,5,0,5,0,0,3,0,0,0,0,1,1,30.83290012000259,3.599712023038157,0.07246376811594203
320A,0.16850189394056125,31,50,1,320A,1498,376.0,1024.0,98.0,753.0,445.0,744.0,9.0,374,349.0,8890.107790292357,62.85475792988314,25.100133511348467,68.35781041388518,6.5420560747663545,39,22,22,14,3,461110,"Comercio al por menor en tiendas de abarrotes, ultramarinos y misceláneas",12.0,231.45140442016148,130.56233069855264,130.56233069855264,83.08511953544259,26.034712950600802,0,0,0,0,0,0,0,0,0,0,0,0,0.0,0.0,0.0
3214,0.28114831831932113,31,50,1,3214,1585,334.0,1176.0,75.0,853.0,477.0,838.0,15.0,446,393.0,5637.593742246031,64.13533834586465,21.07255520504732,74.1955835962145,4.73186119873817,47,22,20,19,6,461110,"Comercio al por menor en tiendas de abarrotes, ultramarinos y misceláneas",10.0,167.17154945461417,78.25051251067046,71.13682955515496,67.57998807739722,29.652996845425868,7,0,7,0,0,1,0,0,0,0,6,0,24.897890344304237,4.416403785488959,0.14893617021276595
3233,0.42158838183226793,31,50,1,3233,2062,396.0,1426.0,232.0,1034.0,713.0,1030.0,4.0,661,552.0,4891.026624211817,59.18717801946194,19.204655674102813,69.15615906886518,11.251212415130942,118,46,40,58,14,461110,"Comercio al por menor en tiendas de abarrotes, ultramarinos y misceláneas",10.0,279.893861133363,109.11116620453133,94.87927496046201,137.57494869266992,57.22599418040737,5,0,2,1,0,1,1,0,0,0,2,0,11.859909370057752,2.4248302618816684,0.0423728813559322
3248,0.11703718005868366,31,50,1,3248,308,74.0,211.0,19.0,160.0,84.0,159.0,,112,87.0,2631.642353699616,65.57377049180327,24.025974025974026,68.5064935064935,6.1688311688311686,17,8,7,5,4,811191,Reparación menor de llantas,2.0,145.25298705484892,68.35434684934067,59.810053493173086,42.721466780837915,55.19480519480519,5,0,4,0,0,1,0,0,2,0,1,1,42.721466780837915,16.233766233766232,0.29411764705882354
3267,0.8781040190306769,31,50,1,3267,4900,1004.0,3580.0,316.0,2636.0,1465.0,2598.0,38.0,1618,1402.0,5580.204501750283,64.2770056083882,20.489795918367346,73.06122448979592,6.448979591836734,224,99,90,111,14,461110,"Comercio al por menor en tiendas de abarrotes, ultramarinos y misceláneas",16.0,255.09506293715583,112.74290728026084,102.49355207296439,126.40871422332275,45.714285714285715,9,0,6,4,1,0,0,0,0,0,3,1,10.24935520729644,1.8367346938775508,0.04017857142857143
3271,0.49526418077225803,31,50,1,3271,2881,609.0,2039.0,229.0,1587.0,825.0,1570.0,17.0,1040,869.0,5817.097443848453,65.79601990049751,21.138493578618537,70.77403679278028,7.948628948281847,116,57,49,52,7,461110,"Comercio al por menor en tiendas de abarrotes, ultramarinos y misceláneas",11.0,234.21843231045486,115.09009173875799,98.93709640700249,104.9944696564108,40.26379729260673,5,0,3,1,0,2,1,0,0,0,1,0,10.095622082347193,1.7355085039916696,0.04310344827586207
3286,0.39719497081150407,31,50,1,3286,2629,620.0,1731.0,278.0,1331.0,803.0,1270.0,61.0,766,676.0,6618.915628837704,62.371134020618555,23.583111449220237,65.84252567516165,10.574362875618105,91,48,47,30,13,461110,"Comercio al por menor en tiendas de abarrotes, ultramarinos y misceláneas",24.0,229.10662693960862,120.84745157254082,118.32979633144622,75.529657232838,34.61392164321035,1,0,1,0,0,0,0,0,0,0,1,0,2.5176552410946003,0.3803727653100038,0.01098901098901099
3290,0.4620784537018333,31,50,1,3290,2696,661.0,1877.0,151.0,1333.0,819.0,1322.0,11.0,751,677.0,5834.507059140342,61.94237918215614,24.51780415430267,69.62166172106825,5.600890207715134,123,53,52,53,17,461110,"Comercio al por menor en tiendas de abarrotes, ultramarinos y misceláneas",18.0,266.1885638999488,114.69913729022186,112.5350026243686,114.69913729022186,45.62314540059347,5,0,11,1,0,2,0,0,0,0,2,0,10.820673329266212,1.8545994065281899,0.04065040650406504
3303,0.33335402850940554,31,50,1,3303,4376,797.0,3263.0,292.0,2389.0,1325.0,2347.0,42.0,1424,1283.0,13127.184991785787,64.32417878298331,18.212979890310784,74.56581352833638,6.6727605118829985,148,57,56,85,6,812110,Salones y clínicas de belleza y peluquerías,11.0,443.9724357368137,170.98938403377284,167.98957027879436,254.98416917317002,33.820840950639855,5,0,4,2,1,2,0,0,0,0,0,0,14.999068774892354,1.1425959780621573,0.033783783783783786
3341,0.332370786955044,31,50,1,3341,1304,203.0,892.0,121.0,637.0,425.0,630.0,7.0,414,372.0,3923.3291588179713,59.981167608286256,15.567484662576685,68.40490797546013,9.27914110429448,124,44,39,64,16,811111,Reparación mecánica en general de automóviles y camiones,8.0,373.07731264833467,132.38227223005424,117.33883220391172,192.55603233462435,95.0920245398773,2,0,1,1,0,1,0,0,0,0,0,0,6.017376010457011,1.5337423312883436,0.016129032258064516
3356,0.4242882156061568,31,50,1,3356,1840,268.0,1461.0,111.0,978.0,676.0,972.0,6.0,691,579.0,4336.674770406467,59.12938331318017,14.565217391304348,79.40217391304348,6.032608695652174,65,24,23,36,5,461110,"Comercio al por menor en tiendas de abarrotes, ultramarinos y misceláneas",5.0,153.19775004153283,56.565323092258275,54.208434630080845,84.84798463838742,35.326086956521735,2,0,1,1,0,0,0,0,0,0,1,0,4.713776924354856,1.0869565217391304,0.03076923076923077
3360,0.39428241904674594,31,50,1,3360,2281,367.0,1738.0,176.0,1277.0,696.0,1259.0,18.0,790,668.0,5785.193277231988,64.72377090724784,16.089434458570803,76.1946514686541,7.7159140727750986,150,53,49,91,6,812110,Salones y clínicas de belleza y peluquerías,12.0,380.4379621152118,134.42141328070818,124.27640095763586,230.79903034989516,65.7606313020605,2,0,1,1,0,1,0,0,0,0,0,0,5.0725061615361575,0.8768084173608067,0.013333333333333334
338A,0.48947049799273384,31,50,1,338A,3076,472.0,2353.0,251.0,1661.0,1062.0,1623.0,38.0,1137,974.0,6284.341983049739,60.998898273962546,15.344603381014304,76.49544863459037,8.159947984395318,75,24,19,41,10,461110,"Comercio al por menor en tiendas de abarrotes, ultramarinos y misceláneas",7.0,153.22680387800077,49.03257724096025,38.81745698242686,83.76398611997375,24.382314694408322,2,0,5,2,0,0,0,0,0,0,0,0,4.086048103413354,0.6501950585175553,0.02666666666666667
3394,0.25576911062839,31,50,1,3394,1658,364.0,1176.0,118.0,934.0,441.0,928.0,6.0,514,447.0,6482.409059978037,67.92727272727272,21.95416164053076,70.92882991556093,7.117008443908324,72,23,22,37,12,461110,"Comercio al por menor en tiendas de abarrotes, ultramarinos y misceláneas",7.0,281.5038916275143,89.9248542699004,86.01507799729603,144.6617220863615,43.42581423401689,2,0,2,1,0,1,0,0,0,0,0,0,7.8195525452087296,1.2062726176115801,0.027777777777777776
3407,0.23740300800444186,31,50,1,3407,1051,231.0,727.0,79.0,571.0,279.0,566.0,5.0,322,280.0,4427.071117735524,67.17647058823529,21.9790675547098,69.17221693625119,7.516650808753568,57,28,26,21,8,461110,"Comercio al por menor en tiendas de abarrotes, ultramarinos y misceláneas",7.0,240.09805300754033,117.9429032317742,109.51841014379032,88.45717742383064,54.23406279733587,1,0,1,0,0,0,0,0,0,0,1,0,4.212246543991935,0.9514747859181732,0.017543859649122806
3411,0.5068350695131519,31,50,1,3411,3610,500.0,2827.0,280.0,2103.0,1143.0,2072.0,31.0,1353,1174.0,7122.632621826347,64.78743068391867,13.850415512465375,78.31024930747922,7.756232686980609,68,16,11,46,6,236111,Edificación de vivienda unifamiliar,4.0,134.16593304271234,31.568454833579377,21.70331269808582,90.7593076465407,18.836565096952906,4,0,4,1,0,2,0,0,0,0,1,0,7.892113708394844,1.10803324099723,0.058823529411764705
3426,0.2501606673964782,31,50,1,3426,1739,211.0,1391.0,137.0,961.0,611.0,943.0,18.0,641,565.0,6951.532461511501,61.1323155216285,12.13341000575043,79.98849913743531,7.878090856814262,57,14,13,42,1,812110,Salones y clínicas de belleza y peluquerías,6.0,227.8535654434477,55.96403361768891,51.96660264499685,167.89210085306675,32.7774583093732,2,0,1,0,0,1,0,0,0,0,0,1,7.99486194538413,1.1500862564692351,0.03508771929824561
3430,0.2131172957298498,31,50,1,3430,2021,266.0,1555.0,200.0,1139.0,666.0,1116.0,23.0,796,681.0,9483.04075030046,63.10249307479224,13.161801088570016,76.94210786739238,9.896091044037606,52,8,6,35,9,812110,Salones y clínicas de belleza y peluquerías,4.0,243.9970900621593,37.53801385571681,28.153510391787613,164.22881061876106,25.72983671449777,0,0,0,0,0,0,0,0,0,0,0,0,0.0,0.0,0.0
3445,1.4412254992012101,31,50,1,3445,1780,409.0,1247.0,123.0,1045.0,415.0,1041.0,4.0,637,523.0,1235.0600242547425,71.57534246575342,22.97752808988764,70.0561797752809,6.910112359550562,325,80,63,232,13,621113,Consultorios de medicina especializada del sector privado,157.0,225.5025325184221,55.50831569684236,43.71279861126336,160.97411552084284,182.58426966292134,33,0,24,10,1,10,5,0,2,0,4,1,22.897180224947473,18.53932584269663,0.10153846153846154
345A,1.1488103763181685,31,50,1,345A,1081,210.0,808.0,63.0,596.0,315.0,594.0,,392,330.0,940.9733949866518,65.42261251372119,19.42645698427382,74.74560592044404,5.827937095282146,75,28,19,38,9,434211,"Comercio al por mayor de cemento, tabique y grava",4.0,65.28492564662245,24.373038908072385,16.53884783047769,33.07769566095538,69.38020351526364,4,0,3,2,0,1,0,0,1,0,0,0,3.4818627011531977,3.700277520814061,0.05333333333333334
3483,1.2578919256849097,31,50,1,3483,4738,1350.0,3174.0,191.0,2566.0,1054.0,2546.0,20.0,1886,1245.0,3766.6192963439253,70.88397790055248,28.493035035880116,66.99029126213593,4.0312368087800765,185,64,60,93,28,461110,"Comercio al por menor en tiendas de abarrotes, ultramarinos y misceláneas",38.0,147.07145838404944,50.8787747923198,47.69885136779982,73.93321962008972,39.04601097509497,1,0,1,0,0,0,0,0,0,0,1,0,0.7949808561299969,0.21105951878429716,0.005405405405405406
3500,1.6941713875358912,31,50,1,3500,2429,729.0,1597.0,97.0,1226.0,614.0,1219.0,7.0,745,619.0,1433.739241419305,66.63043478260869,30.0123507616303,65.74722107863317,3.993412927130506,131,58,53,54,19,461110,"Comercio al por menor en tiendas de abarrotes, ultramarinos y misceláneas",27.0,77.3239360337295,34.23502511417031,31.283729845707352,31.873988899399944,53.931659118979006,11,0,13,2,1,0,1,0,1,0,4,2,6.4928495906185075,4.528612597776863,0.08396946564885496
3515,0.5437797288902358,31,50,1,3515,3701,1036.0,2557.0,108.0,1908.0,988.0,1904.0,4.0,1167,1038.0,6806.06466804698,65.88397790055248,27.99243447716833,69.08943528776007,2.9181302350716023,84,39,39,40,5,461110,"Comercio al por menor en tiendas de abarrotes, ultramarinos y misceláneas",12.0,154.47431291973692,71.720216712735,71.720216712735,73.55919662844616,22.69656849500135,4,0,4,1,1,0,0,0,0,0,2,0,7.355919662844616,1.0807889759524452,0.047619047619047616
3549,0.36572012583035424,31,50,1,3549,0,0.0,0.0,0.0,0.0,0.0,0.0,0.0,0,0.0,0.0,,,,,13,8,5,4,1,434221,Comercio al por mayor de materiales metálicos para la construcción y la manufactura,2.0,35.54630735862286,21.874650682229454,13.67165667639341,10.937325341114727,,2,0,0,0,0,2,0,0,0,0,0,0,5.4686626705573635,,0.15384615384615385
3572,0.46215039986786977,31,50,1,3572,2101,349.0,1617.0,135.0,1193.0,639.0,1167.0,26.0,714,597.0,4546.1390936818025,65.12008733624454,16.61113755354593,76.96335078534031,6.425511661113756,108,40,39,54,14,461110,"Comercio al por menor en tiendas de abarrotes, ultramarinos y misceláneas",8.0,233.69015807598032,86.55191039851123,84.38811263854845,116.84507903799016,51.40409328891004,6,0,2,5,0,1,0,0,0,0,0,0,12.982786559776684,2.8557829604950022,0.05555555555555555
3587,0.046525910077602164,31,50,1,3587,78,9.0,51.0,18.0,38.0,33.0,38.0,0.0,26,16.0,1676.4852072727028,53.52112676056338,11.538461538461538,65.38461538461539,23.076923076923077,3,1,0,2,0,434211,"Comercio al por mayor de cemento, tabique y grava",1.0,64.48020027971934,21.49340009323978,0.0,42.98680018647956,38.46153846153847,0,0,0,0,0,0,0,0,0,0,0,0,0.0,0.0,0.0
3591,0.8763779018180806,31,50,1,3591,289,48.0,232.0,9.0,143.0,108.0,142.0,,95,78.0,329.76641629194216,56.97211155378486,16.608996539792386,80.27681660899654,3.1141868512110724,48,23,20,16,9,462112,Comercio al por menor en minisupers,4.0,54.77089267132604,26.24438607167706,22.82120527971918,18.256964223775345,166.08996539792386,4,0,5,0,0,2,0,0,0,0,2,0,4.564241055943836,13.84083044982699,0.08333333333333333
3604,0.37853644225314953,31,50,1,3604,708,195.0,452.0,44.0,488.0,57.0,486.0,,223,175.0,1870.3615318667755,89.54128440366974,27.54237288135593,63.84180790960452,6.214689265536723,50,21,19,26,3,461110,"Comercio al por menor en tiendas de abarrotes, ultramarinos y misceláneas",6.0,132.0876788041508,55.476825097743344,50.19331794557731,68.68559297815843,70.62146892655367,1,0,1,0,0,0,0,0,0,0,1,0,2.6417535760830164,1.4124293785310735,0.02
3619,0.4802439993673475,31,50,1,3619,2853,796.0,1937.0,120.0,1436.0,769.0,1423.0,13.0,874,772.0,5940.730136677226,65.12471655328798,27.90045566070803,67.89344549596915,4.206098843322819,120,46,40,55,19,461110,"Comercio al por menor en tiendas de abarrotes, ultramarinos y misceláneas",13.0,249.87298156371088,95.78464293275583,83.29099385457029,114.52511655003414,42.06098843322818,2,0,4,1,0,0,0,0,0,0,1,0,4.164549692728515,0.7010164738871364,0.016666666666666666
3657,0.396733791609018,31,50,1,3657,1251,264.0,884.0,103.0,624.0,410.0,622.0,,398,334.0,3153.247911972326,60.34816247582205,21.103117505995204,70.6634692246203,8.233413269384492,87,37,30,37,13,461110,"Comercio al por menor en tiendas de abarrotes, ultramarinos y misceláneas",8.0,219.29062217553349,93.26152897120389,75.61745592259776,93.26152897120389,69.54436450839329,7,0,4,4,1,1,0,0,0,0,1,0,17.644073048606142,5.595523581135092,0.08045977011494253
3676,0.3538471192480627,31,50,1,3676,924,161.0,666.0,97.0,492.0,299.0,482.0,10.0,313,277.0,2611.297223398432,62.19974715549937,17.424242424242426,72.07792207792207,10.497835497835498,81,21,19,53,7,812110,Salones y clínicas de belleza y peluquerías,5.0,228.91241893427812,59.34766416814618,53.69550567594178,149.78220004341654,87.66233766233766,2,0,3,0,0,1,0,0,0,0,1,0,5.652158492204398,2.1645021645021645,0.024691358024691357
3695,0.46548969500456455,31,50,1,3695,1586,285.0,1189.0,101.0,895.0,460.0,880.0,15.0,559,489.0,3407.164577476732,66.05166051660517,17.969735182849934,74.96847414880202,6.368221941992434,97,48,33,41,8,461212,Comercio al por menor de cerveza,5.0,208.3827011445416,103.11721293750513,70.89308389453477,88.07928605078563,61.160151324085746,12,0,12,5,0,2,1,0,2,0,2,0,25.779303234376282,7.566204287515763,0.12371134020618557
3708,0.4296987970815036,31,50,1,3708,1462,165.0,1052.0,245.0,802.0,533.0,795.0,7.0,546,485.0,3402.383273888229,60.0749063670412,11.2859097127223,71.9562243502052,16.757865937072502,184,75,73,105,4,812110,Salones y clínicas de belleza y peluquerías,13.0,428.20692366308765,174.54086562354115,169.88644254024672,244.35721187295763,125.85499316005472,8,0,7,2,0,3,0,0,0,0,3,0,18.617692333177725,5.471956224350205,0.043478260869565216
3712,0.3114189858936466,31,50,1,3712,2771,413.0,2184.0,174.0,1616.0,843.0,1582.0,34.0,1071,910.0,8897.980295094567,65.71777145180968,14.904366654637316,78.81631180079394,6.279321544568747,229,72,69,148,9,621111,Consultorios de medicina general del sector privado,23.0,735.3437342391395,231.19977670400894,221.56645267467525,475.2439854471295,82.64164561530134,7,0,3,3,0,3,0,0,0,0,1,0,22.477756068445313,2.5261638397690365,0.03056768558951965
3727,0.25955352755786715,31,50,1,3727,2484,414.0,1912.0,158.0,1305.0,846.0,1281.0,24.0,881,780.0,9570.28025537505,60.66945606694561,16.666666666666664,76.97262479871175,6.360708534621579,75,22,21,47,6,812110,Salones y clínicas de belleza y peluquerías,9.0,288.9577371791984,84.76093623923153,80.90816641017555,181.080181965631,30.193236714975843,1,0,1,0,0,0,0,0,0,0,1,0,3.8527698290559784,0.4025764895330113,0.013333333333333334
3746,0.6678183068707527,31,50,1,3746,3682,504.0,2887.0,275.0,2096.0,1191.0,2057.0,39.0,1534,1304.0,5513.475689597412,63.76635229692729,13.688212927756654,78.40847365562195,7.468766974470396,60,18,15,38,4,461110,"Comercio al por menor en tiendas de abarrotes, ultramarinos y misceláneas",6.0,89.84479668002302,26.953439004006906,22.461199170005756,56.90170456401458,16.295491580662684,3,0,3,1,0,1,0,0,0,0,1,0,4.492239834001151,0.8147745790331341,0.05
3765,0.250312667243386,31,50,1,3765,2219,325.0,1761.0,133.0,1188.0,782.0,1161.0,27.0,798,683.0,8864.912928447222,60.304568527918775,14.646237043713384,79.3600721045516,5.993690851735016,63,27,24,30,6,461110,"Comercio al por menor en tiendas de abarrotes, ultramarinos y misceláneas",7.0,251.68522509787064,107.86509647051598,95.88008575156977,119.85010718946221,28.391167192429023,3,0,2,1,0,1,0,0,0,0,0,1,11.98501071894622,1.3519603424966202,0.047619047619047616
377A,0.7797130057765642,31,50,1,377A,4555,854.0,3478.0,223.0,2856.0,986.0,2829.0,27.0,1424,1303.0,5841.893063542521,74.33628318584071,18.748627881448957,76.3556531284303,4.895718990120746,176,72,67,93,11,461110,"Comercio al por menor en tiendas de abarrotes, ultramarinos y misceláneas",18.0,225.7240788547714,92.34166862240647,85.92905274585047,119.2746553039417,38.63885839736553,12,0,7,2,0,5,0,0,0,0,5,0,15.390278103734413,2.6344676180021955,0.06818181818181818
3784,0.322045716429096,31,50,1,3784,3838,728.0,2961.0,145.0,2123.0,1141.0,2103.0,20.0,1211,1078.0,11917.562644696758,65.04289215686273,18.96821261073476,77.14955706096926,3.778009379885357,151,71,67,69,11,461110,"Comercio al por menor en tiendas de abarrotes, ultramarinos y misceláneas",15.0,468.87752979395793,220.46559347927823,208.04499666354425,214.25529507141124,39.34340802501303,8,0,11,0,1,1,0,0,0,0,6,0,24.84119363146797,2.0844189682126104,0.052980132450331126
3799,0.18653216397388347,31,50,1,3799,1852,323.0,1433.0,96.0,1125.0,455.0,1122.0,3.0,569,518.0,9928.582613019491,71.20253164556962,17.44060475161987,77.37580993520518,5.183585313174946,110,42,40,63,5,722513,Restaurantes con servicio de preparación de antojitos,10.0,589.7106303629287,225.16224068402732,214.44022922288315,337.743361026041,59.395248380129594,8,0,6,3,0,1,0,0,0,0,3,1,42.88804584457663,4.319654427645789,0.07272727272727272
3801,0.24428576842731886,31,50,1,3801,2899,584.0,2199.0,116.0,1535.0,909.0,1504.0,31.0,874,772.0,11867.248831822657,62.80687397708674,20.144877543980684,75.85374266988617,4.00137978613315,121,43,42,69,9,812110,Salones y clínicas de belleza y peluquerías,13.0,495.32152764765146,176.02335280040506,171.9297864562096,282.4560777494872,41.73853052776819,5,0,3,2,0,0,0,0,0,0,3,0,20.467831720977333,1.7247326664367024,0.04132231404958678
384A,0.5854573444227071,31,50,1,384A,3154,688.0,2356.0,110.0,1713.0,941.0,1687.0,26.0,993,862.0,5387.241325172914,64.5440844009043,21.813570069752693,74.69879518072288,3.487634749524413,127,50,41,64,13,461110,"Comercio al por menor en tiendas de abarrotes, ultramarinos y misceláneas",9.0,216.92442875616996,85.40331840794093,70.03072109451156,109.31624756216439,40.26632847178187,4,0,3,2,0,0,1,0,1,0,0,0,6.8322654726352745,1.2682308180088777,0.031496062992125984
3854,0.3799704869381303,31,50,1,3854,2995,662.0,2209.0,124.0,1565.0,919.0,1540.0,25.0,1053,878.0,7882.191125248285,63.00322061191627,22.103505843071787,73.75626043405677,4.140233722871453,102,47,47,51,4,461110,"Comercio al por menor en tiendas de abarrotes, ultramarinos y misceláneas",12.0,268.4419014274875,123.69381732443051,123.69381732443051,134.22095071374375,34.0567612687813,4,0,3,1,0,3,0,0,0,0,0,0,10.527133389313235,1.335559265442404,0.0392156862745098
3869,0.11514940883588276,31,50,1,3869,663,191.0,444.0,28.0,355.0,151.0,352.0,3.0,194,166.0,5757.736897676513,70.15810276679841,28.808446455505276,66.9683257918552,4.223227752639517,18,9,8,5,4,461110,"Comercio al por menor en tiendas de abarrotes, ultramarinos y misceláneas",6.0,156.31864880569717,78.15932440284858,69.4749550247543,43.421846890471436,27.149321266968325,0,0,0,0,0,0,0,0,0,0,0,0,0.0,0.0,0.0
3873,0.8479636384641103,31,50,1,3873,2058,684.0,1302.0,70.0,977.0,526.0,974.0,3.0,698,578.0,2426.9908598057227,65.00332667997338,33.23615160349854,63.26530612244898,3.4013605442176873,86,32,31,41,13,461110,"Comercio al por menor en tiendas de abarrotes, ultramarinos y misceláneas",20.0,101.41944312113321,37.737467207863524,36.55817135761779,48.35112986007514,41.78814382896016,2,0,3,0,0,0,0,0,0,0,2,0,2.3585917004914703,0.9718172983479105,0.023255813953488372
3905,0.5852881028131225,31,50,1,3905,2930,477.0,2211.0,224.0,1528.0,1034.0,1508.0,20.0,1117,978.0,5006.081596255382,59.640905542544886,16.279863481228666,75.46075085324232,7.645051194539248,79,18,18,55,6,812110,Salones y clínicas de belleza y peluquerías,7.0,134.97626146900174,30.754084891671283,30.754084891671283,93.97081494677337,26.962457337883958,4,0,4,1,0,0,1,0,0,0,2,0,6.834241087038063,1.3651877133105803,0.05063291139240506
391A,0.5477915012223338,31,50,1,391A,4057,803.0,3101.0,153.0,2176.0,1280.0,2161.0,15.0,1315,1156.0,7406.102487802879,62.96296296296296,19.79295045600197,76.43578999260538,3.771259551392655,179,55,54,106,18,812110,Salones y clínicas de belleza y peluquerías,23.0,326.76666140416944,100.40316411859955,98.57765204371591,193.50427993766456,44.12127187577027,2,0,0,2,0,0,0,0,0,0,0,0,3.651024149767256,0.49297510475720974,0.0111731843575419
3939,0.6748292682106831,31,50,1,3939,2256,253.0,1657.0,339.0,1195.0,875.0,1177.0,18.0,830,743.0,3343.0678043674775,57.729468599033815,11.214539007092199,73.44858156028369,15.02659574468085,116,30,27,75,11,812110,Salones y clínicas de belleza y peluquerías,11.0,171.89533036641285,44.45568888786539,40.01011999907885,111.13922221966348,51.41843971631206,0,0,0,0,0,0,0,0,0,0,0,0,0.0,0.0,0.0
3943,0.6913764552983263,31,50,1,3943,3415,866.0,2373.0,124.0,1614.0,1085.0,1574.0,40.0,1145,917.0,4939.421893570907,59.79992589848092,25.358711566617863,69.48755490483163,3.63103953147877,75,34,32,36,5,461110,"Comercio al por menor en tiendas de abarrotes, ultramarinos y misceláneas",10.0,108.47925095690132,49.17726043379526,46.284480408277894,52.07004045931264,21.96193265007321,10,0,12,3,0,2,0,0,0,0,4,1,14.463900127586843,2.9282576866764276,0.13333333333333333
3958,0.07570373227626437,31,50,1,3958,1056,235.0,800.0,21.0,738.0,135.0,733.0,5.0,310,281.0,13949.114109015878,84.5360824742268,22.25378787878788,75.75757575757575,1.9886363636363635,29,9,9,17,3,812110,Salones y clínicas de belleza y peluquerías,5.0,383.0722624635042,118.88449524729441,118.88449524729441,224.55960213377833,27.46212121212121,2,0,1,1,0,0,0,0,0,0,1,0,26.41877672162098,1.893939393939394,0.06896551724137931
3962,0.5491007182702214,31,50,1,3962,1662,335.0,1211.0,116.0,854.0,559.0,845.0,9.0,551,473.0,3026.7671206762157,60.438782731776364,20.156438026474127,72.86401925391095,6.979542719614922,83,45,30,25,13,461110,"Comercio al por menor en tiendas de abarrotes, ultramarinos y misceláneas",5.0,151.15624008190488,81.95217835765926,54.634785571772845,45.52898797647737,49.93983152827918,3,0,2,3,0,0,0,0,0,0,0,0,5.463478557177284,1.8050541516245489,0.03614457831325301
3977,0.5024318734170787,31,50,1,3977,5162,887.0,4008.0,265.0,2868.0,1607.0,2814.0,54.0,1613,1469.0,10274.02972047301,64.08938547486034,17.18326230143355,77.644323905463,5.133669120495932,94,41,41,47,6,461110,"Comercio al por menor en tiendas de abarrotes, ultramarinos y misceláneas",12.0,187.0900414034217,81.60310316532224,81.60310316532224,93.54502070171085,18.20999612553274,4,0,4,2,0,1,0,0,0,0,1,0,7.9612783575924135,0.7748934521503293,0.0425531914893617
3981,0.4105643108801626,31,50,1,3981,1850,387.0,1309.0,154.0,1035.0,498.0,1024.0,11.0,676,589.0,4505.99321707723,67.5146771037182,20.91891891891892,70.75675675675676,8.324324324324325,115,38,33,63,14,722511,Restaurantes con servicio de preparación de alimentos a la carta o de comida corrida,10.0,280.10228106155756,92.55553635077554,80.37717630462086,153.44733658154894,62.16216216216217,2,0,1,1,0,1,0,0,0,0,0,0,4.871344018461871,1.0810810810810811,0.017391304347826087
3996,0.3676434086597446,31,50,1,3996,1772,315.0,1307.0,134.0,956.0,559.0,941.0,15.0,661,540.0,4819.887853993849,63.102310231023104,17.776523702031604,73.75846501128667,7.562076749435666,131,27,22,96,8,812110,Salones y clínicas de belleza y peluquerías,21.0,356.3235377388229,73.44072915227648,59.84059412407713,261.1225925414275,73.92776523702031,5,0,6,2,0,3,0,0,0,0,0,0,13.600135028199348,2.8216704288939054,0.03816793893129771
4000,0.6768019135634857,31,50,1,4000,2592,653.0,1788.0,151.0,1375.0,663.0,1357.0,18.0,739,645.0,3829.7764058506373,67.46810598626104,25.1929012345679,68.98148148148148,5.825617283950617,140,45,38,76,19,532110,Alquiler de automóviles sin chofer,21.0,206.85520710613008,66.48917371268467,56.146413357378165,112.29282671475633,54.01234567901234,2,0,1,1,0,1,0,0,0,0,0,0,2.9550743872304297,0.7716049382716049,0.014285714285714285
4015,0.672227066557535,31,50,1,4015,2323,679.0,1551.0,93.0,1258.0,492.0,1243.0,15.0,825,683.0,3455.6775761738504,71.88571428571429,29.229444683598793,66.76711149375807,4.003443822643134,57,23,22,29,5,461110,"Comercio al por menor en tiendas de abarrotes, ultramarinos y misceláneas",10.0,84.79277737490722,34.21462946706782,32.727036881543135,43.140184980215956,24.537236332328884,2,0,1,0,0,1,0,0,0,0,1,0,2.975185171049376,0.8609556607834696,0.03508771929824561
402A,0.5159424457195453,31,50,1,402A,1573,375.0,1103.0,95.0,823.0,459.0,815.0,8.0,510,435.0,3048.789672278771,64.1965678627145,23.839796567069293,70.12078830260648,6.039415130324221,106,42,30,47,17,461110,"Comercio al por menor en tiendas de abarrotes, ultramarinos y misceláneas",13.0,205.44927225781927,81.40442863045669,58.14602045032621,91.0954320388444,67.38715829624921,6,0,6,1,0,3,0,0,0,0,2,0,11.629204090065242,3.814367450731087,0.05660377358490566
4034,0.45030986457102395,31,50,1,4034,4213,910.0,3126.0,176.0,2209.0,1271.0,2198.0,11.0,1240,1136.0,9355.779945023869,63.47701149425288,21.59981011155946,74.19890814146689,4.177545691906006,99,47,44,45,7,461110,"Comercio al por menor en tiendas de abarrotes, ultramarinos y misceláneas",11.0,219.84861489612223,104.37257474866409,97.71049550938766,99.93118858914647,23.49869451697128,4,0,3,0,0,1,0,0,0,0,2,1,8.882772319035242,0.9494422027059103,0.04040404040404041
4049,0.4844279241913572,31,50,1,4049,3797,898.0,2732.0,154.0,2049.0,1030.0,2015.0,34.0,1141,1017.0,7838.111327579293,66.54758038324131,23.65025019752436,71.95154069001843,4.055833552804846,100,41,38,54,5,461110,"Comercio al por menor en tiendas de abarrotes, ultramarinos y misceláneas",16.0,206.42905787672618,84.63591372945773,78.44304199315594,111.47169125343214,26.33658151171978,4,0,1,1,0,2,0,0,0,0,1,0,8.257162315069047,1.0534632604687912,0.04
4068,0.36826603679138137,31,50,1,4068,1191,126.0,772.0,262.0,625.0,438.0,615.0,10.0,447,387.0,3234.075046335832,58.7958607714017,10.579345088161208,64.81947942905121,21.998320738874895,87,27,22,49,11,722515,"Cafeterías, fuentes de sodas, neverías, refresquerías y similares",6.0,236.2422577927938,73.31656276328083,59.739421510821415,133.05598427410226,73.04785894206549,2,0,2,1,0,1,0,0,0,0,0,0,5.430856500983765,1.6792611251049538,0.022988505747126436
4072,0.244539672414362,31,50,1,4072,1247,120.0,732.0,391.0,608.0,531.0,604.0,4.0,547,476.0,5099.377077298983,53.380158033362605,9.623095429029672,58.700882117081,31.355252606255014,95,31,30,59,5,621211,Consultorios dentales del sector privado,8.0,388.4850219273483,126.76879662892419,122.67948060863631,241.26964519698475,76.18283881315156,2,0,1,2,0,0,0,0,0,0,0,0,8.178632040575755,1.6038492381716118,0.021052631578947368
4087,0.31279257147486644,31,50,1,4087,1031,120.0,587.0,324.0,471.0,464.0,463.0,8.0,450,356.0,3296.1140833321965,50.37433155080214,11.639185257032008,56.93501454898156,31.42580019398642,152,52,38,88,12,541110,Bufetes jurídicos,10.0,485.94504429339855,166.2443572582679,121.48626107334964,281.33660459091493,147.42967992240543,3,0,1,1,0,1,0,0,0,0,1,0,9.591020611053919,2.909796314258002,0.019736842105263157
4091,0.3325646875766585,31,50,1,4091,585,59.0,350.0,176.0,258.0,279.0,257.0,,274,212.0,1759.0562734209516,48.04469273743017,10.085470085470085,59.82905982905983,30.085470085470085,123,38,32,76,9,541110,Bufetes jurídicos,7.0,369.85285748850777,114.26348442734387,96.22188162302642,228.52696885468774,210.25641025641025,7,0,5,5,1,1,0,0,0,0,0,0,21.04853660503703,11.965811965811966,0.056910569105691054
4104,0.40712709196937324,31,50,1,4104,1673,195.0,1059.0,419.0,822.0,706.0,814.0,8.0,767,587.0,4109.281924490188,53.79581151832461,11.655708308427974,63.299462044231916,25.044829647340105,167,52,45,92,23,236111,Edificación de vivienda unifamiliar,6.0,410.1913218110349,127.72424391720848,110.53059569758426,225.97366231506118,99.82068141063957,4,0,8,1,0,2,0,0,0,0,1,0,9.824941839785268,2.390914524805738,0.023952095808383235
4119,0.3968446586631809,31,50,1,4119,1797,210.0,1135.0,451.0,901.0,747.0,886.0,15.0,818,613.0,4528.220200955737,54.672330097087375,11.686143572621036,63.160823594880355,25.097384529771844,148,39,29,96,13,811111,Reparación mecánica en general de automóviles y camiones,9.0,372.9418974632438,98.27522973693587,73.07645288131128,241.908257813996,82.3594880356149,3,0,3,0,0,1,0,0,0,0,2,0,7.559633056687375,1.669449081803005,0.02027027027027027
4123,0.3076191786994549,31,50,1,4123,2368,469.0,1573.0,326.0,1235.0,765.0,1220.0,15.0,823,709.0,7697.829537193925,61.75000000000001,19.805743243243242,66.42736486486487,13.766891891891891,91,38,36,39,14,461110,"Comercio al por menor en tiendas de abarrotes, ultramarinos y misceláneas",11.0,295.82030738371924,123.52935912726737,117.02781391004278,126.78013173587968,38.429054054054056,2,0,0,1,0,0,0,0,0,0,1,0,6.501545217224598,0.8445945945945946,0.02197802197802198
4138,0.3394153596637861,31,50,1,4138,2740,564.0,1825.0,326.0,1442.0,836.0,1423.0,19.0,867,745.0,8072.7047907147025,63.30114135206322,20.583941605839414,66.6058394160584,11.897810218978103,159,65,60,78,16,461110,"Comercio al por menor en tiendas de abarrotes, ultramarinos y misceláneas",20.0,468.4525772714006,191.50577058264807,176.7745574609059,229.80692469917767,58.02919708029197,6,0,6,3,0,2,0,0,0,0,1,0,17.67745574609059,2.18978102189781,0.03773584905660377
4142,0.09553657646055089,31,50,1,4142,1609,339.0,1088.0,178.0,772.0,582.0,766.0,6.0,520,476.0,16841.71716854843,57.01624815361891,21.068986948415162,67.61963952765693,11.062771908017401,59,30,29,24,5,461110,"Comercio al por menor en tiendas de abarrotes, ultramarinos y misceláneas",8.0,617.5645201642993,314.01585771066067,303.54866245363866,251.21268616852853,36.66873834679925,0,0,0,0,0,0,0,0,0,0,0,0,0.0,0.0,0.0
4157,0.09141124891543136,31,50,1,4157,1519,286.0,1091.0,142.0,842.0,438.0,834.0,8.0,500,464.0,16617.21087965109,65.78125,18.828176431863067,71.8235681369322,9.34825543120474,64,29,29,33,2,461110,"Comercio al por menor en tiendas de abarrotes, ultramarinos y misceláneas",10.0,700.1326506238775,317.24760731394446,317.24760731394446,361.0058979779368,42.13298222514812,2,0,0,1,0,1,0,0,0,0,0,0,21.87914533199617,1.3166556945358787,0.03125
4161,0.32056093343022146,31,50,1,4161,1795,414.0,1246.0,135.0,944.0,502.0,938.0,6.0,538,482.0,5599.559437241061,65.283540802213,23.064066852367688,69.4150417827298,7.520891364902507,174,74,68,84,16,461110,"Comercio al por menor en tiendas de abarrotes, ultramarinos y misceláneas",10.0,542.7985192645931,230.84534727344763,212.1281569539789,262.0406644725622,96.93593314763231,10,0,7,2,0,2,1,0,0,0,4,1,31.195317199114545,5.571030640668524,0.05747126436781609
4176,0.2516043675084263,31,50,1,4176,2003,422.0,1331.0,244.0,1063.0,599.0,1057.0,6.0,587,531.0,7960.911091628483,63.959085439229845,21.06839740389416,66.45032451323016,12.181727408886669,84,30,26,48,6,461110,"Comercio al por menor en tiendas de abarrotes, ultramarinos y misceláneas",10.0,333.85747962895283,119.23481415319745,103.33683893277112,190.77570264511593,41.93709435846231,5,0,4,4,1,0,0,0,0,0,0,0,19.872469025532908,2.4962556165751373,0.05952380952380952
4180,0.4424377973459739,31,50,1,4180,2124,224.0,1354.0,544.0,1219.0,732.0,1197.0,22.0,870,789.0,4800.674835516125,62.48077908764736,10.546139359698682,63.74764595103578,25.6120527306968,125,46,44,74,5,812110,Salones y clínicas de belleza y peluquerías,11.0,282.5255906024085,103.96941734168634,99.4490078920478,167.25514963662584,58.85122410546139,4,0,2,1,0,3,0,0,0,0,0,0,9.040818899277072,1.8832391713747645,0.032
4195,0.4642936260838482,31,50,1,4195,2076,269.0,1613.0,186.0,1223.0,636.0,1199.0,24.0,772,682.0,4471.308420730051,65.7880580957504,12.95761078998073,77.69749518304432,8.959537572254336,95,20,19,73,2,812110,Salones y clínicas de belleza y peluquerías,10.0,204.61189786577785,43.07618902437428,40.92237957315557,157.22808993896612,45.761078998073216,2,0,0,2,0,0,0,0,0,0,0,0,4.3076189024374285,0.9633911368015414,0.021052631578947368
4208,0.442380350310405,31,50,1,4208,3205,663.0,2261.0,275.0,1805.0,854.0,1794.0,11.0,993,877.0,7244.896835384184,67.8826626551335,20.686427457098283,70.54602184087364,8.580343213728549,164,73,72,78,13,461110,"Comercio al por menor en tiendas de abarrotes, ultramarinos y misceláneas",21.0,370.7217101413436,165.0163709775493,162.7558727449801,176.3188621403951,51.170046801872076,6,0,7,2,0,1,0,0,0,0,2,1,13.56298939541501,1.87207488299532,0.036585365853658534
4212,0.3565810489916704,31,50,1,4212,2442,456.0,1592.0,387.0,1229.0,842.0,1211.0,18.0,849,728.0,6848.372920842027,59.34331240946402,18.67321867321867,65.19246519246519,15.847665847665848,155,81,79,65,9,461110,"Comercio al por menor en tiendas de abarrotes, ultramarinos y misceláneas",16.0,434.6837849019305,227.1573327552024,221.54850972420974,182.28674850726117,63.47256347256347,5,0,5,2,0,3,0,0,0,0,0,0,14.022057577481629,2.0475020475020473,0.03225806451612903
4227,0.15350939813941458,31,50,1,4227,1197,149.0,879.0,169.0,633.0,432.0,624.0,9.0,481,420.0,7797.568191316243,59.436619718309856,12.447786131996658,73.43358395989975,14.11862990810359,67,16,13,48,3,812110,Salones y clínicas de belleza y peluquerías,7.0,436.45536242120994,104.22814624984117,84.68536882799596,312.6844387495235,55.97326649958229,2,0,4,2,0,0,0,0,0,0,0,0,13.028518281230147,1.670843776106934,0.029850746268656716
4231,0.2035786685840955,31,50,1,4231,1761,173.0,1349.0,239.0,966.0,648.0,943.0,23.0,749,633.0,8650.218670982984,59.85130111524164,9.82396365701306,76.60420215786485,13.57183418512209,68,18,16,45,5,812110,Salones y clínicas de belleza y peluquerías,6.0,334.02320819241504,88.41790805093339,78.59369604527413,221.0447701273335,38.614423622941516,3,0,5,1,1,0,0,0,0,0,1,0,14.7363180084889,1.7035775127768313,0.04411764705882353
4250,0.6409011275871287,31,50,1,4250,3116,647.0,2292.0,177.0,1779.0,824.0,1754.0,25.0,1012,891.0,4861.904380994225,68.34421820975797,20.76379974326059,73.55584082156611,5.680359435173299,107,44,39,55,8,461110,"Comercio al por menor en tiendas de abarrotes, ultramarinos y misceláneas",16.0,166.95242900076448,68.653335290034,60.85181991616649,85.81666911254248,34.33889602053915,3,0,2,0,0,1,0,0,1,0,1,0,4.6809092243205,0.962772785622593,0.028037383177570093
4265,0.08782810702164594,31,50,1,4265,425,82.0,332.0,11.0,271.0,85.0,268.0,3.0,142,124.0,4838.99761035787,76.12359550561798,19.294117647058822,78.11764705882352,2.588235294117647,17,7,7,10,0,461110,"Comercio al por menor en tiendas de abarrotes, ultramarinos y misceláneas",3.0,193.55990441431481,79.70113711177669,79.70113711177669,113.85876730253813,40.0,1,0,0,1,0,0,0,0,0,0,0,0,11.385876730253813,2.352941176470588,0.058823529411764705
427A,1.5199400498564457,31,50,1,427A,809,207.0,551.0,51.0,425.0,219.0,421.0,4.0,284,263.0,532.2578348247406,65.99378881987577,25.58714462299135,68.1087762669963,6.30407911001236,59,22,18,31,6,531210,Inmobiliarias y corredores de bienes raíces,3.0,38.81732046311458,14.474255087941028,11.842572344679024,20.39554126028054,72.92954264524104,1,0,1,0,0,1,0,0,0,0,0,0,0.6579206858155013,1.2360939431396785,0.01694915254237288
4284,1.5457675942004743,31,50,1,4284,1289,253.0,953.0,83.0,706.0,365.0,699.0,7.0,496,441.0,833.8899099943394,65.91970121381885,19.627618308766486,73.933281613654,6.4391000775795195,63,20,17,31,12,722511,Restaurantes con servicio de preparación de alimentos a la carta o de comida corrida,5.0,40.75645021694599,12.938555624427298,10.997772280763204,20.054761217862314,48.87509697439876,3,0,0,1,0,2,0,0,0,0,0,0,1.9407833436640947,2.3273855702094646,0.047619047619047616
4299,0.35485771788098747,31,50,1,4299,231,59.0,149.0,23.0,116.0,73.0,114.0,,81,69.0,650.9651287265309,61.37566137566137,25.541125541125542,64.5021645021645,9.956709956709958,2,2,2,0,0,461110,"Comercio al por menor en tiendas de abarrotes, ultramarinos y misceláneas",1.0,5.636061720576025,5.636061720576025,5.636061720576025,0.0,8.658008658008658,1,0,1,0,0,0,0,0,0,0,1,0,2.8180308602880126,4.329004329004329,0.5
4301,0.03218508082075774,31,50,1,4301,455,86.0,360.0,9.0,252.0,140.0,249.0,3.0,130,116.0,14136.984851271469,64.28571428571429,18.9010989010989,79.12087912087912,1.9780219780219779,8,3,3,5,0,461110,"Comercio al por menor en tiendas de abarrotes, ultramarinos y misceláneas",3.0,248.56237101136648,93.21088912926243,93.21088912926243,155.35148188210405,17.582417582417584,0,0,0,0,0,0,0,0,0,0,0,0,0.0,0.0,0.0
4316,0.15094627478799585,31,50,1,4316,1716,425.0,1238.0,53.0,988.0,411.0,983.0,5.0,561,498.0,11368.283201490882,70.62187276626162,24.766899766899765,72.14452214452216,3.0885780885780885,51,21,21,26,4,812110,Salones y clínicas de belleza y peluquerías,10.0,337.8685566876661,139.12234687139193,139.12234687139193,172.24671517410428,29.72027972027972,0,0,0,0,0,0,0,0,0,0,0,0,0.0,0.0,0.0
4320,0.21949073035655722,31,50,1,4320,446,109.0,325.0,12.0,236.0,137.0,231.0,5.0,144,128.0,2031.9764724254374,63.27077747989276,24.43946188340807,72.86995515695067,2.690582959641256,22,12,9,6,4,461130,Comercio al por menor de frutas y verduras frescas,3.0,100.2320233034969,54.67201271099832,41.004009533248734,27.33600635549916,49.327354260089685,0,0,0,0,0,0,0,0,0,0,0,0,0.0,0.0,0.0
4335,0.1318549492988468,31,50,1,4335,613,126.0,474.0,13.0,332.0,191.0,323.0,9.0,192,178.0,4649.048088522235,63.47992351816444,20.554649265905383,77.32463295269169,2.1207177814029365,7,1,1,5,1,314991,"Confección, bordado y deshilado de productos textiles",1.0,53.08864048883466,7.584091498404952,7.584091498404952,37.92045749202476,11.419249592169658,2,0,2,0,0,0,0,0,1,0,1,0,15.168182996809904,3.2626427406199023,0.2857142857142857
4354,0.13778477898294855,31,50,1,4354,860,284.0,557.0,19.0,416.0,204.0,411.0,5.0,288,230.0,6241.618314795342,67.0967741935484,33.02325581395349,64.76744186046511,2.2093023255813953,17,7,7,9,1,461110,"Comercio al por menor en tiendas de abarrotes, ultramarinos y misceláneas",4.0,123.38082715293118,50.80387000414813,50.80387000414813,65.31926143390474,19.767441860465116,1,0,1,0,0,0,0,0,0,0,1,0,7.257695714878305,1.1627906976744187,0.058823529411764705
4462,0.35894663286461903,31,50,1,4462,1263,262.0,940.0,58.0,755.0,279.0,747.0,8.0,890,501.0,3518.6289112686995,73.0174081237911,20.74425969912906,74.42596991290577,4.592240696753761,19,8,8,9,2,461110,"Comercio al por menor en tiendas de abarrotes, ultramarinos y misceláneas",3.0,52.9326597894737,22.287435700831033,22.287435700831033,25.07336516343491,15.043547110055425,0,0,0,0,0,0,0,0,0,0,0,0,0.0,0.0,0.0
4477,2.891747967377189,31,50,1,4477,725,137.0,524.0,64.0,360.0,254.0,355.0,5.0,302,233.0,250.7134121572752,58.63192182410424,18.89655172413793,72.27586206896551,8.827586206896552,160,51,39,92,17,713943,Centros de acondicionamiento físico del sector privado,10.0,55.32985647608832,17.636391751753152,13.486652516046528,31.814667473750784,220.68965517241378,8,0,8,2,0,1,2,0,3,0,0,0,2.766492823804416,11.034482758620689,0.05
4481,0.4175340622601098,31,50,1,4481,2970,518.0,2245.0,168.0,1602.0,939.0,1581.0,21.0,1009,864.0,7113.192116406994,63.04604486422668,17.44107744107744,75.58922558922558,5.656565656565657,84,24,19,51,9,461110,"Comercio al por menor en tiendas de abarrotes, ultramarinos y misceláneas",7.0,201.1811911711069,57.48034033460197,45.505269431559896,122.14572321102919,28.282828282828284,3,0,2,1,0,1,0,0,0,0,1,0,7.185042541825246,1.0101010101010102,0.03571428571428571
4496,0.42828664205769595,31,50,1,4496,3023,416.0,2365.0,242.0,1701.0,1018.0,1676.0,25.0,1149,1018.0,7058.356958031769,62.55976461934535,13.761164406218986,78.23354283824015,8.005292755540854,162,60,55,90,12,812110,Salones y clínicas de belleza y peluquerías,13.0,378.25134872680997,140.09309212104074,128.41866777762067,210.1396381815611,53.58914985114125,4,0,5,1,1,1,0,0,0,0,1,0,9.33953947473605,1.3231888852133642,0.024691358024691357
4509,0.22461100542922321,31,50,1,4509,1211,230.0,916.0,65.0,643.0,385.0,637.0,6.0,421,364.0,5391.543471727151,62.54863813229572,18.9925681255161,75.63996696944673,5.367464905037159,77,33,30,35,9,461110,"Comercio al por menor en tiendas de abarrotes, ultramarinos y misceláneas",4.0,342.81490282658183,146.92067263996364,133.5642478545124,155.82495583026446,63.58381502890173,1,0,0,1,0,0,0,0,0,0,0,0,4.4521415951504135,0.8257638315441783,0.012987012987012988
4513,0.3129008395661948,31,50,1,4513,2978,489.0,2328.0,161.0,1700.0,912.0,1685.0,15.0,1079,941.0,9517.39216848601,65.08422664624808,16.420416386836802,78.17327065144393,5.406312961719275,104,41,34,54,9,461110,"Comercio al por menor en tiendas de abarrotes, ultramarinos y misceláneas",8.0,332.3736687449782,131.03192710138563,108.6606224743198,172.5786356945079,34.922766957689724,2,0,2,0,0,1,0,0,0,0,1,0,6.391801322018812,0.671591672263264,0.019230769230769232
4528,0.04095338153759563,31,50,1,4528,535,126.0,397.0,12.0,423.0,18.0,422.0,,169,152.0,13063.63430596969,95.91836734693877,23.551401869158877,74.20560747663552,2.2429906542056073,16,5,5,10,1,461212,Comercio al por menor de cerveza,2.0,390.68812877666363,122.09004024270737,122.09004024270737,244.18008048541475,29.906542056074766,0,0,0,0,0,0,0,0,0,0,0,0,0.0,0.0,0.0
4532,0.03492234310598897,31,50,1,4532,258,56.0,193.0,9.0,164.0,54.0,164.0,0.0,82,71.0,7387.820433954633,75.22935779816514,21.705426356589147,74.8062015503876,3.488372093023256,12,3,3,7,2,311812,Panificación tradicional,2.0,343.61955506765736,85.90488876691434,85.90488876691434,200.44474045613345,46.51162790697674,1,0,1,0,0,0,0,0,0,0,1,0,28.634962922304776,3.875968992248062,0.08333333333333333
4547,0.039531369142975094,31,50,1,4547,459,96.0,349.0,10.0,255.0,128.0,255.0,0.0,148,127.0,11611.0321992621,66.57963446475196,20.915032679738562,76.03485838779956,2.178649237472767,17,9,9,6,2,461212,Comercio al por menor de cerveza,5.0,430.03822960229996,227.66729802474705,227.66729802474705,151.7781986831647,37.03703703703704,0,0,0,0,0,0,0,0,0,0,0,0,0.0,0.0,0.0
4566,1.867731434362742,31,50,1,4566,5074,916.0,3792.0,366.0,2708.0,1671.0,2656.0,52.0,2029,1602.0,2716.664669581479,61.840602877369264,18.052818289318093,74.73393772171858,7.213243988963343,443,174,159,243,26,722511,Restaurantes con servicio de preparación de alimentos a la carta o de comida corrida,31.0,237.18613492798485,93.16114554733491,85.13001231049569,130.1043584367953,87.30784391013007,17,0,18,10,2,2,1,0,0,0,2,0,9.101951001751111,3.3504138746551044,0.03837471783295711
4570,0.49364293552326066,31,50,1,4570,2900,445.0,2243.0,209.0,1551.0,1020.0,1528.0,23.0,1155,1008.0,5874.6915863912955,60.3267211201867,15.344827586206897,77.3448275862069,7.206896551724137,101,29,28,68,4,812110,Salones y clínicas de belleza y peluquerías,9.0,204.60132766397268,58.74691586391295,56.721160144467675,137.75138892227864,34.82758620689655,4,0,1,2,0,2,0,0,0,0,0,0,8.103022877781097,1.379310344827586,0.039603960396039604
4585,0.22424494435703565,31,50,1,4585,438,80.0,314.0,44.0,265.0,110.0,262.0,3.0,162,142.0,1953.2212922607985,70.66666666666667,18.2648401826484,71.68949771689498,10.045662100456621,0,0,0,0,0,,,,0.0,0.0,0.0,0.0,0.0,0,0,0,0,0,0,0,0,0,0,0,0,0.0,0.0,
4602,0.6288698946638349,31,50,1,4602,1469,232.0,1130.0,107.0,811.0,453.0,805.0,6.0,547,474.0,2335.9362762710407,64.16139240506328,15.793056501021102,76.92307692307693,7.283866575901975,55,14,12,30,11,462112,Comercio al por menor en minisupers,3.0,87.45847188216966,22.26215647909773,19.081848410655198,47.704621026637994,37.44043567052417,13,0,16,10,0,1,0,0,0,0,2,0,20.672002444876465,8.849557522123893,0.23636363636363636
4617,0.2651039997156106,31,50,1,4617,1014,119.0,712.0,183.0,536.0,387.0,534.0,,378,328.0,3824.9140001198207,58.0715059588299,11.735700197238659,70.21696252465483,18.04733727810651,82,25,20,47,10,812110,Salones y clínicas de belleza y peluquerías,7.0,309.3125720018001,94.30261341518296,75.44209073214637,177.28891322054398,80.86785009861933,2,0,3,0,0,0,0,0,0,0,1,1,7.5442090732146365,1.9723865877712032,0.024390243902439025
4621,0.3910993864702063,31,50,1,4621,1451,246.0,1064.0,140.0,763.0,480.0,761.0,,544,449.0,3710.0544009944033,61.38374899436846,16.95382494831151,73.32873880082703,9.648518263266713,60,8,7,47,5,531210,Inmobiliarias y corredores de bienes raíces,6.0,153.4136899101752,20.455158654690027,17.898263822853774,120.1740570963039,41.35079255685734,0,0,0,0,0,0,0,0,0,0,0,0,0.0,0.0,0.0
4636,0.2725286720616515,31,50,1,4636,2225,333.0,1760.0,127.0,1228.0,745.0,1198.0,30.0,808,722.0,8164.27858092179,62.24024328433857,14.96629213483146,79.10112359550561,5.707865168539326,51,6,5,41,4,812110,Salones y clínicas de belleza y peluquerías,5.0,187.1362730907916,22.016032128328423,18.346693440273686,150.44288621024424,22.921348314606742,1,0,1,0,0,1,0,0,0,0,0,0,3.6693386880547374,0.44943820224719105,0.0196078431372549
4640,0.3723226649312865,31,50,1,4640,1713,277.0,1344.0,89.0,946.0,553.0,926.0,20.0,631,544.0,4600.848031414204,63.10873915943963,16.170461179217746,78.45884413309983,5.195563339171045,152,56,48,89,7,812110,Salones y clínicas de belleza y peluquerías,13.0,408.248044819007,150.4071744070026,128.92043520600222,239.0399736111291,88.733216579101,5,0,5,1,0,1,1,0,0,0,2,0,13.429212000625231,2.918855808523059,0.03289473684210526
466A,0.593915681741919,31,50,1,466A,3325,612.0,2495.0,218.0,1729.0,1154.0,1709.0,20.0,1186,1051.0,5598.437795493082,59.97225112729795,18.406015037593985,75.0375939849624,6.556390977443609,62,22,20,33,7,461110,"Comercio al por menor en tiendas de abarrotes, ultramarinos y misceláneas",6.0,104.39192280317927,37.042295188224905,33.674813807477186,55.563442782337354,18.646616541353385,8,0,3,4,1,1,0,0,0,0,2,0,13.469925522990874,2.406015037593985,0.12903225806451613
4674,0.1222913867698813,31,50,1,4674,148,45.0,98.0,5.0,64.0,45.0,64.0,0.0,54,37.0,1210.2242349945318,58.71559633027523,30.405405405405407,66.21621621621621,3.3783783783783785,4,2,2,0,2,311812,Panificación tradicional,1.0,32.708763107960316,16.354381553980158,16.354381553980158,0.0,27.027027027027028,0,0,0,0,0,0,0,0,0,0,0,0,0.0,0.0,0.0
4689,0.6330642032569048,31,50,1,4689,3959,1025.0,2746.0,188.0,1991.0,1169.0,1972.0,19.0,1277,1070.0,6253.710097067978,63.00632911392405,25.890376357666078,69.36094973478151,4.748673907552412,126,43,39,67,16,722513,Restaurantes con servicio de preparación de antojitos,11.0,199.0319454990061,67.92360044807351,61.6051259877876,105.83444720978896,31.826218742106594,2,0,5,1,0,0,0,0,0,0,1,0,3.159237230142954,0.5051780752715332,0.015873015873015872
4693,0.35515338467530966,31,50,1,4693,2173,507.0,1512.0,134.0,1076.0,678.0,1069.0,7.0,649,566.0,6118.483150559335,61.345496009122,23.33179935572941,69.58122411412793,6.166589967786471,95,36,29,46,13,461110,"Comercio al por menor en tiendas de abarrotes, ultramarinos y misceláneas",11.0,267.4900595044348,101.36465412799635,81.65486026977483,129.5215024968842,43.71836171191901,6,0,6,1,0,2,0,0,0,0,3,0,16.894109021332724,2.761159687068569,0.06315789473684211
4706,0.315531509258861,31,50,1,4706,3222,825.0,2297.0,100.0,1647.0,970.0,1624.0,23.0,1040,904.0,10211.341515679444,62.93465800534964,25.605214152700185,71.2911235257604,3.1036623215394163,124,44,43,70,10,461110,"Comercio al por menor en tiendas de abarrotes, ultramarinos y misceláneas",9.0,392.98769334086006,139.44724602417614,136.2779904327176,221.8478914020984,38.48541278708876,5,0,4,1,0,2,0,0,0,0,2,0,15.846277957292743,1.5518311607697084,0.04032258064516129
4710,0.05720007500997827,31,50,1,4710,399,116.0,263.0,20.0,198.0,117.0,191.0,7.0,113,98.0,6975.515328089979,62.857142857142854,29.07268170426065,65.91478696741855,5.012531328320802,12,6,6,5,1,461110,"Comercio al por menor en tiendas de abarrotes, ultramarinos y misceláneas",2.0,209.78993467939787,104.89496733969894,104.89496733969894,87.41247278308245,30.075187969924812,2,0,6,1,0,0,0,0,0,0,1,0,34.96498911323298,5.012531328320802,0.16666666666666666
4725,1.0002633397571772,31,50,1,4725,2538,619.0,1778.0,141.0,1287.0,761.0,1283.0,4.0,712,628.0,2537.3318196547343,62.841796875,24.3892828999212,70.05516154452324,5.555555555555555,107,43,42,50,14,461110,"Comercio al por menor en tiendas de abarrotes, ultramarinos y misceláneas",18.0,106.97183006424608,42.98867937161291,41.98894264204052,49.986836478619665,42.1591804570528,5,0,3,1,1,1,2,0,0,0,0,0,4.9986836478619665,1.970055161544523,0.04672897196261682
473A,0.710544773634207,31,50,1,473A,3410,988.0,2316.0,106.0,1799.0,811.0,1793.0,6.0,1104,932.0,4799.134588745128,68.92720306513411,28.973607038123166,67.91788856304986,3.1085043988269794,97,43,42,45,9,461110,"Comercio al por menor en tiendas de abarrotes, ultramarinos y misceláneas",16.0,136.51497217251537,60.51694642699135,59.10957557985201,63.33168812127002,28.44574780058651,6,0,5,3,1,0,1,0,0,0,1,0,8.444225082836002,1.7595307917888563,0.061855670103092786
4744,0.048021334717421184,31,50,1,4744,541,165.0,371.0,5.0,301.0,93.0,300.0,,261,174.0,11265.825974714859,76.39593908629442,30.499075785582253,68.57670979667283,0.9242144177449169,5,2,2,3,0,461110,"Comercio al por menor en tiendas de abarrotes, ultramarinos y misceláneas",2.0,104.12038793636653,41.648155174546616,41.648155174546616,62.47223276181992,9.24214417744917,0,0,0,0,0,0,0,0,0,0,0,0,0.0,0.0,0.0
4759,0.22536417686689678,31,50,1,4759,789,267.0,489.0,33.0,422.0,157.0,417.0,5.0,273,202.0,3501.0000744971744,72.88428324697755,33.840304182509506,61.97718631178707,4.182509505703422,39,20,19,17,2,461110,"Comercio al por menor en tiendas de abarrotes, ultramarinos y misceláneas",7.0,173.05323562153333,88.74524903668376,84.30798658484957,75.4334616811812,49.42965779467681,1,0,1,0,1,0,0,0,0,0,0,0,4.437262451834188,1.2674271229404308,0.02564102564102564
4763,0.08053954953561449,31,50,1,4763,404,126.0,248.0,30.0,185.0,125.0,184.0,,116,109.0,5016.169103619728,59.67741935483871,31.18811881188119,61.386138613861384,7.425742574257425,11,5,4,2,4,461110,"Comercio al por menor en tiendas de abarrotes, ultramarinos y misceláneas",3.0,136.57886173222033,62.081300787372875,49.6650406298983,24.83252031494915,27.22772277227723,1,0,1,0,0,0,1,0,0,0,0,0,12.416260157474575,2.4752475247524752,0.09090909090909091
4778,0.40572086929489964,31,50,1,4778,2170,430.0,1612.0,128.0,1071.0,731.0,1025.0,46.0,1056,784.0,5348.504758385322,59.43396226415094,19.81566820276498,74.28571428571429,5.8986175115207375,0,0,0,0,0,,,,0.0,0.0,0.0,0.0,0.0,1,0,0,0,0,1,0,0,0,0,0,0,2.464748736583098,0.4608294930875576,
4814,0.5457003537235869,31,50,1,4814,3370,775.0,2493.0,102.0,1807.0,951.0,1784.0,23.0,1220,1005.0,6175.550330881777,65.51849166062365,22.997032640949556,73.97626112759644,3.0267062314540056,90,36,33,48,6,461110,"Comercio al por menor en tiendas de abarrotes, ultramarinos y misceláneas",7.0,164.92567649239166,65.97027059695667,60.47274804721028,87.96036079594222,26.706231454005934,1,0,0,0,0,1,0,0,0,0,0,0,1.8325075165821296,0.29673590504451036,0.011111111111111112
4829,0.29092425743947126,31,50,1,4829,2612,513.0,1990.0,105.0,1498.0,717.0,1475.0,23.0,758,706.0,8978.281917737451,67.62979683972912,19.64012251148545,76.18683001531393,4.019908116385911,49,24,24,22,3,461110,"Comercio al por menor en tiendas de abarrotes, ultramarinos y misceláneas",9.0,168.4287189774637,82.49569909100262,82.49569909100262,75.62105750008573,18.759571209800917,0,0,0,0,0,0,0,0,0,0,0,0,0.0,0.0,0.0
4833,0.29180104345422164,31,50,1,4833,1144,148.0,850.0,146.0,649.0,370.0,645.0,4.0,415,356.0,3920.479469359653,63.68989205103042,12.937062937062937,74.3006993006993,12.762237762237763,177,44,40,112,21,541610,Servicios de consultoría en administración,8.0,606.5776801369394,150.7876718984482,137.079701725862,383.8231648324136,154.7202797202797,5,0,1,3,0,2,0,0,0,0,0,0,17.13496271573275,4.370629370629371,0.02824858757062147
4848,0.30341034806926764,31,50,1,4848,797,104.0,549.0,140.0,414.0,299.0,408.0,6.0,307,250.0,2626.8055953650182,58.06451612903226,13.048933500627353,68.88331242158094,17.565872020075282,178,45,39,115,18,812110,Salones y clínicas de belleza y peluquerías,20.0,586.6642358531659,148.31399221007004,128.53879324872736,379.0246467590679,223.3375156838143,7,0,6,6,0,0,1,0,0,0,0,0,23.071065454899784,8.782936010037641,0.03932584269662921
4852,0.24795868043755104,31,50,1,4852,812,85.0,484.0,240.0,386.0,352.0,380.0,6.0,376,310.0,3274.7391564075697,52.30352303523035,10.467980295566502,59.60591133004927,29.55665024630542,153,62,60,78,13,621211,Consultorios dentales del sector privado,9.0,617.0382893231011,250.04165972570112,241.97579973454947,314.56853965491433,188.42364532019704,4,0,2,4,0,0,0,0,0,0,0,0,16.1317199823033,4.926108374384237,0.026143790849673203
4867,0.24843845574469903,31,50,1,4867,1134,117.0,710.0,306.0,540.0,517.0,534.0,6.0,537,438.0,4564.5107421104085,51.087984862819305,10.317460317460316,62.61022927689594,26.984126984126984,65,13,12,45,7,461110,"Comercio al por menor en tiendas de abarrotes, ultramarinos y misceláneas",4.0,261.63421361303045,52.326842722606095,48.30170097471331,181.13137865517493,57.31922398589065,3,0,1,2,0,1,0,0,0,0,0,0,12.075425243678328,2.6455026455026456,0.046153846153846156
4871,2.2710222580215884,31,50,1,4871,613,144.0,439.0,30.0,340.0,156.0,338.0,,282,180.0,269.9224976042365,68.54838709677419,23.491027732463294,71.61500815660685,4.893964110929853,97,34,21,45,18,813210,Asociaciones y organizaciones religiosas,7.0,42.712042850915076,14.971231514753738,9.246937112053779,19.814865240115243,158.23817292006527,8,0,8,2,0,3,0,0,2,0,0,1,3.522642709353821,13.05057096247961,0.08247422680412371
4886,0.3796516399289835,31,50,1,4886,3474,929.0,2435.0,110.0,1730.0,1065.0,1715.0,15.0,1261,1014.0,9150.493859712646,61.89624329159212,26.74150834772596,70.09211283822683,3.166378814047208,76,34,34,36,6,461110,"Comercio al por menor en tiendas de abarrotes, ultramarinos y misceláneas",11.0,200.18351564138203,89.55578331324985,89.55578331324985,94.82377056697042,21.876799078871617,3,0,1,1,0,1,0,0,0,0,1,0,7.90198088058087,0.8635578583765112,0.039473684210526314
4890,0.3869198864115695,31,50,1,4890,2755,731.0,1938.0,86.0,1430.0,766.0,1414.0,16.0,1062,840.0,7120.3370432852,65.1183970856102,26.533575317604356,70.34482758620689,3.121597096188748,75,33,32,41,1,461110,"Comercio al por menor en tiendas de abarrotes, ultramarinos y misceláneas",9.0,193.83857649596732,85.28897365822561,82.70445930494606,105.96508848446214,27.22323049001815,6,0,6,0,1,2,0,0,0,0,2,1,15.507086119677385,2.177858439201452,0.08
4903,0.6557149861495563,31,50,1,4903,2115,511.0,1493.0,100.0,1111.0,597.0,1082.0,29.0,916,732.0,3225.4867506072346,65.04683840749415,24.160756501182032,70.59101654846336,4.7281323877068555,209,73,59,125,11,812110,Salones y clínicas de belleza y peluquerías,14.0,318.7360429678071,111.3288571131575,89.97811739282592,190.63160464581765,98.81796690307328,7,0,3,3,0,3,0,0,0,0,1,0,10.675369860165787,3.309692671394799,0.03349282296650718
4937,1.370390774406541,31,50,1,4937,22,5.0,14.0,3.0,15.0,3.0,15.0,0.0,12,5.0,16.053815021870154,83.33333333333334,22.727272727272727,63.63636363636363,13.636363636363635,27,15,11,10,2,466312,Comercio al por menor de plantas y flores naturales,2.0,19.702409345022463,10.945782969456923,8.026907510935077,7.297188646304615,1227.2727272727273,8,0,12,1,0,1,1,0,1,0,4,0,5.837750917043692,363.6363636363636,0.2962962962962963
4960,1.0225107984410118,31,50,1,4960,450,109.0,326.0,15.0,229.0,126.0,226.0,3.0,148,127.0,440.0931517653408,64.50704225352113,24.22222222222222,72.44444444444444,3.3333333333333335,40,17,16,20,3,464111,Farmacias sin minisúper,3.0,39.11939126803029,16.625741288912874,15.647756507212117,19.559695634015146,88.88888888888889,1,0,0,0,0,1,0,0,0,0,0,0,0.9779847817007573,2.2222222222222223,0.025
4975,1.2781288628604186,31,50,1,4975,313,54.0,239.0,20.0,138.0,129.0,138.0,0.0,96,86.0,244.88923542459895,51.68539325842697,17.252396166134183,76.35782747603834,6.3897763578274756,52,24,18,18,10,434211,"Comercio al por mayor de cemento, tabique y grava",4.0,40.68447361686628,18.77744936163059,14.083087021222942,14.083087021222942,166.13418530351436,6,0,4,1,1,0,0,0,4,0,0,0,4.694362340407648,19.169329073482427,0.11538461538461539
498A,0.719803615715854,31,50,1,498A,220,38.0,166.0,16.0,127.0,52.0,125.0,,122,71.0,305.6389203897054,70.94972067039106,17.272727272727273,75.45454545454545,7.2727272727272725,9,2,2,7,0,813210,Asociaciones y organizaciones religiosas,2.0,12.503410379578856,2.7785356399064125,2.7785356399064125,9.724874739672444,40.90909090909091,1,0,0,1,0,0,0,0,0,0,0,0,1.3892678199532063,4.545454545454545,0.1111111111111111
4994,0.31688717615142364,31,50,1,4994,1253,209.0,925.0,119.0,671.0,417.0,663.0,8.0,501,421.0,3954.0886924413044,61.67279411764706,16.679968076616124,73.82282521947326,9.497206703910614,35,11,10,20,4,461212,Comercio al por menor de cerveza,4.0,110.44940481679622,34.71267008527881,31.556972804798917,63.113945609597835,27.932960893854748,2,0,1,2,0,0,0,0,0,0,0,0,6.3113945609597835,1.5961691939345573,0.05714285714285714
5009,0.5628735378319824,31,50,1,5009,1613,258.0,1248.0,107.0,876.0,522.0,866.0,10.0,530,492.0,2865.6525695146115,62.66094420600859,15.995040297582145,77.3713577185369,6.6336019838809674,60,14,11,43,3,722511,Restaurantes con servicio de preparación de alimentos a la carta o de comida corrida,6.0,106.59587983315355,24.872371961069163,19.542577969411486,76.39371388042672,37.197768133911964,4,0,2,2,0,1,0,0,0,0,1,0,7.106391988876903,2.4798512089274642,0.06666666666666667
5013,0.392834899506125,31,50,1,5013,1755,282.0,1260.0,174.0,935.0,582.0,923.0,12.0,557,495.0,4467.525676070021,61.63480553724456,16.068376068376068,71.7948717948718,9.914529914529915,111,28,23,73,10,461110,"Comercio al por menor en tiendas de abarrotes, ultramarinos y misceláneas",6.0,282.5614530163945,71.27676292305448,58.5487695439376,185.8287033351063,63.24786324786324,6,0,4,2,1,3,0,0,0,0,0,0,15.273592054940245,3.4188034188034186,0.05405405405405406
5028,0.4570234524950757,31,50,1,5028,2425,338.0,1843.0,244.0,1322.0,847.0,1278.0,44.0,830,758.0,5306.073434002008,60.949746426924854,13.938144329896907,76.0,10.061855670103093,111,26,25,80,5,812110,Salones y clínicas de belleza y peluquerías,8.0,242.87593862854553,56.88985949857823,54.70178797940215,175.04572153408688,45.77319587628866,3,0,5,1,0,0,0,0,0,0,2,0,6.564214557528258,1.2371134020618555,0.02702702702702703
5032,0.2075473918070296,31,50,1,5032,1711,344.0,1208.0,150.0,822.0,611.0,800.0,22.0,544,470.0,8243.900273104027,57.36217725052338,20.1052016364699,70.60198714202221,8.766803039158386,57,21,20,26,10,461110,"Comercio al por menor en tiendas de abarrotes, ultramarinos y misceláneas",6.0,274.63606988131477,101.18170995627386,96.3635332916894,125.27259327919622,33.31385154880187,0,0,0,0,0,0,0,0,0,0,0,0,0.0,0.0,0.0
5047,0.670788351536249,31,50,1,5047,1482,342.0,1074.0,66.0,802.0,400.0,792.0,10.0,462,412.0,2209.3406908541306,66.72212978369384,23.076923076923077,72.46963562753037,4.4534412955465585,60,22,19,33,5,722513,Restaurantes con servicio de preparación de antojitos,4.0,89.4469915325559,32.79723022860383,28.324880651976034,49.19584534290575,40.48582995951417,14,0,14,6,2,3,0,0,0,0,3,0,20.87096469092971,9.446693657219974,0.23333333333333334
5051,0.46456472028371365,31,50,1,5051,1138,200.0,783.0,155.0,633.0,350.0,625.0,8.0,438,364.0,2449.6048673369205,64.39471007121058,17.57469244288225,68.804920913884,13.620386643233742,34,6,5,26,2,813230,Asociaciones y organizaciones civiles,4.0,73.18678865505738,12.915315645010127,10.762763037508439,55.96636779504388,29.876977152899823,0,0,0,0,0,0,0,0,0,0,0,0,0.0,0.0,0.0
5066,0.36321713379729853,31,50,1,5066,1223,181.0,922.0,120.0,612.0,457.0,604.0,8.0,466,398.0,3367.1319059593775,57.24976613657624,14.799672935404743,75.38838920686835,9.811937857726901,46,13,12,29,4,812110,Salones y clínicas de belleza y peluquerías,3.0,126.64600791016464,35.79126310504653,33.03808902004295,79.8420484651038,37.61242845461979,2,0,2,2,0,0,0,0,0,0,0,0,5.506348170007159,1.635322976287817,0.043478260869565216
5070,0.3048322205434808,31,50,1,5070,1962,378.0,1274.0,308.0,1029.0,640.0,1017.0,12.0,656,569.0,6436.327486976211,61.65368484122229,19.26605504587156,64.93374108053007,15.698267074413863,114,34,29,66,14,812110,Salones y clínicas de belleza y peluquerías,8.0,373.97621483959637,111.5367658293533,95.13430026621312,216.51254543345053,58.103975535168196,5,0,4,2,1,1,0,0,0,0,1,0,16.402465563140193,2.5484199796126403,0.043859649122807015
5085,0.29879336522096095,31,50,1,5085,1836,286.0,1228.0,319.0,988.0,614.0,981.0,7.0,682,568.0,6144.714755102604,61.67290886392009,15.577342047930284,66.88453159041394,17.374727668845317,94,39,34,46,9,461110,"Comercio al por menor en tiendas de abarrotes, ultramarinos y misceláneas",12.0,314.59868571876075,130.5249866279965,113.79101398338156,153.9525483304574,51.19825708061002,2,0,3,1,0,0,0,0,0,0,1,0,6.693589057845974,1.0893246187363836,0.02127659574468085
509A,0.25214416526618844,31,50,1,509A,1590,222.0,1198.0,170.0,839.0,572.0,833.0,6.0,596,507.0,6305.916293250086,59.461374911410346,13.962264150943396,75.34591194968554,10.69182389937107,107,43,36,59,5,467111,Comercio al por menor en ferreterías y tlapalerías,5.0,424.3604046401001,170.53735887405892,142.77546324339818,233.99312031556923,67.29559748427673,7,0,8,5,0,1,0,0,0,0,1,0,27.761895630660756,4.40251572327044,0.06542056074766354
5102,0.37094018021099134,31,50,1,5102,2531,319.0,1821.0,391.0,1305.0,962.0,1279.0,26.0,956,832.0,6823.202594446262,57.56506396118218,12.6037139470565,71.94784670090874,15.448439352034768,70,23,20,46,1,461110,"Comercio al por menor en tiendas de abarrotes, ultramarinos y misceláneas",6.0,188.7096727029784,62.00460674526433,53.917049343708115,124.00921349052867,27.65705254839984,1,0,0,0,0,1,0,0,0,0,0,0,2.695852467185406,0.3951007506914263,0.014285714285714285
5117,0.37937713122910505,31,50,1,5117,1576,353.0,1086.0,130.0,829.0,468.0,823.0,6.0,479,425.0,4154.177651388947,63.91673091750193,22.398477157360404,68.90862944162437,8.248730964467004,111,50,47,49,12,461110,"Comercio al por menor en tiendas de abarrotes, ultramarinos y misceláneas",11.0,292.58484727422154,131.79497624964935,123.88727767467037,129.15907672465636,70.43147208121827,5,0,6,0,0,1,1,0,0,0,3,0,13.179497624964934,3.1725888324873095,0.04504504504504504
5121,0.409039770610186,31,50,1,5121,1822,411.0,1264.0,147.0,962.0,541.0,953.0,9.0,552,477.0,4454.33459265349,64.00532268795742,22.5576289791438,69.37431394072448,8.068057080131723,138,65,62,66,7,461110,"Comercio al por menor en tiendas de abarrotes, ultramarinos y misceláneas",17.0,337.37550701766287,158.9087533054209,151.574503152863,161.35350335627354,75.74094401756312,3,0,3,1,1,0,0,0,0,0,1,0,7.334250152557888,1.646542261251372,0.021739130434782608
5136,0.5166824226745956,31,50,1,5136,4841,1245.0,3454.0,142.0,2555.0,1340.0,2543.0,12.0,1662,1424.0,9369.391695077735,65.59691912708601,25.717826895269575,71.34889485643463,2.9332782482958066,102,41,41,55,6,812110,Salones y clínicas de belleza y peluquerías,13.0,197.41333462051827,79.35241881805146,79.35241881805146,106.4483667071422,21.070026853955795,6,0,8,3,0,0,0,0,0,0,2,1,11.612549095324603,1.2394133443503408,0.058823529411764705
5140,0.36414417785167236,31,50,1,5140,3044,594.0,2192.0,258.0,1591.0,973.0,1575.0,16.0,962,879.0,8359.326292015903,62.05148205928237,19.513797634691198,72.01051248357425,8.475689881734558,133,53,53,67,13,461110,"Comercio al por menor en tiendas de abarrotes, ultramarinos y misceláneas",12.0,365.2399463988552,145.54674555743853,145.54674555743853,183.99305570468644,43.69250985545335,7,0,3,3,0,0,2,0,1,0,1,0,19.223155073623957,2.299605781865966,0.05263157894736842
5155,0.47317127748641946,31,50,1,5155,2773,727.0,1899.0,147.0,1406.0,792.0,1383.0,23.0,771,678.0,5860.457157777478,63.967242948134675,26.217093400649116,68.48178867652362,5.301117922827263,125,56,56,58,11,461110,"Comercio al por menor en tiendas de abarrotes, ultramarinos y misceláneas",24.0,264.1749530191795,118.35037895259241,118.35037895259241,122.57717820089928,45.07753335737468,3,0,1,0,0,1,0,0,0,0,2,0,6.3401988724603076,1.0818608005769925,0.024
516A,0.7150039808512645,31,50,1,516A,2252,632.0,1528.0,92.0,1185.0,539.0,1173.0,12.0,660,557.0,3149.6328136786447,68.7354988399072,28.063943161634104,67.85079928952042,4.085257548845471,80,38,38,37,5,461110,"Comercio al por menor en tiendas de abarrotes, ultramarinos y misceláneas",22.0,111.88748894062681,53.146557246797734,53.146557246797734,51.7479636350399,35.52397868561279,6,0,5,1,0,3,1,0,1,0,0,0,8.391561670547011,2.664298401420959,0.075
5174,0.36350624098905765,31,50,1,5174,2044,311.0,1576.0,155.0,1081.0,741.0,1053.0,28.0,752,661.0,5623.012123364146,59.33040614709111,15.215264187866929,77.10371819960861,7.5831702544031305,37,13,11,24,0,812110,Salones y clínicas de belleza y peluquerías,7.0,101.78642297674824,35.76279726210073,30.260828452546775,66.02362571464751,18.101761252446185,3,0,0,2,0,1,0,0,0,0,0,0,8.252953214330939,1.467710371819961,0.08108108108108109
5189,0.3818553748502453,31,50,1,5189,1767,318.0,1315.0,134.0,986.0,542.0,976.0,10.0,654,568.0,4627.406385710758,64.52879581151832,17.996604414261462,74.4199207696661,7.583474816072439,44,10,8,28,6,812110,Salones y clínicas de belleza y peluquerías,5.0,115.22687095148463,26.187925216246505,20.950340172997205,73.32619060549021,24.90096208262592,4,0,2,2,0,2,0,0,0,0,0,0,10.475170086498602,2.2637238256932655,0.09090909090909091
5210,0.5635871821250902,31,50,1,5210,751,79.0,428.0,242.0,355.0,339.0,351.0,4.0,383,287.0,1332.535628592974,51.15273775216138,10.51930758988016,56.99067909454061,32.2237017310253,406,37,28,353,16,621113,Consultorios de medicina especializada del sector privado,193.0,720.3854396920739,65.65088982415452,49.68175446152234,626.3449758899066,540.6125166444741,8,0,15,7,0,1,0,0,0,0,0,0,14.194786989006381,10.652463382157125,0.019704433497536946
5225,0.47173182974075084,31,50,1,5225,1042,104.0,655.0,283.0,530.0,426.0,516.0,14.0,707,397.0,2208.8821112042638,55.43933054393305,9.980806142034549,62.85988483685221,27.15930902111324,212,70,51,117,25,722511,Restaurantes con servicio de preparación de alimentos a la carta o de comida corrida,9.0,449.4078767517312,148.38939326708106,108.11227223744477,248.02227160354977,203.4548944337812,6,0,2,3,0,3,0,0,0,0,0,0,12.71909085146409,5.758157389635317,0.02830188679245283
523A,0.28229423976927304,31,50,1,523A,1272,108.0,807.0,357.0,617.0,566.0,605.0,12.0,554,455.0,4505.936787940275,52.15553677092139,8.49056603773585,63.443396226415096,28.066037735849058,182,53,42,103,26,812110,Salones y clínicas de belleza y peluquerías,11.0,644.7173706015174,187.74736616417812,148.78093167727323,364.8675229228367,143.0817610062893,4,0,2,2,1,1,0,0,0,0,0,0,14.16961254069269,3.1446540880503147,0.02197802197802198
5244,0.22495288284392234,31,50,1,5244,849,98.0,547.0,202.0,479.0,293.0,472.0,7.0,337,284.0,3774.1236709958343,62.04663212435233,11.54299175500589,64.42873969375736,23.792697290930505,166,57,46,92,17,812110,Salones y clínicas de belleza y peluquerías,12.0,737.9323078743328,253.38639487251183,204.4872660374657,408.9745320749314,195.5241460541814,3,0,2,1,0,1,0,0,0,0,1,0,13.336126045921675,3.5335689045936394,0.018072289156626505
5259,0.4488985057311715,31,50,1,5259,1021,132.0,697.0,182.0,549.0,357.0,533.0,16.0,356,319.0,2274.4562233215333,60.59602649006622,12.928501469147893,68.2664054848188,17.8256611165524,336,141,132,175,20,812110,Salones y clínicas de belleza y peluquerías,16.0,748.4988159020912,314.102181673199,294.0531062472501,389.8431332823392,329.08912830558273,8,0,5,2,0,4,0,0,0,0,2,0,17.82140037862122,7.835455435847209,0.023809523809523808
5263,0.3476130264766579,31,50,1,5263,1450,139.0,925.0,382.0,770.0,561.0,763.0,7.0,639,508.0,4171.305128282835,57.85123966942148,9.586206896551724,63.793103448275865,26.344827586206897,135,47,35,74,14,621211,Consultorios dentales del sector privado,8.0,388.3628912539191,135.20782139951257,100.68667551027532,212.8803996502964,93.10344827586208,6,0,5,0,0,4,0,0,0,0,1,1,17.260572944618627,4.137931034482759,0.044444444444444446
5278,0.24871764334457283,31,50,1,5278,1427,201.0,961.0,265.0,744.0,525.0,736.0,8.0,559,462.0,5737.42972477042,58.62884160756501,14.085494043447794,67.34407848633496,18.570427470217236,75,30,28,34,11,461212,Comercio al por menor de cerveza,5.0,301.54676198863456,120.61870479545382,112.57745780909023,136.701198768181,52.557813594954446,0,0,0,0,0,0,0,0,0,0,0,0,0.0,0.0,0.0
5282,0.22489442941119125,31,50,1,5282,1520,228.0,1018.0,274.0,749.0,584.0,731.0,18.0,573,487.0,6758.726767842127,56.18904726181545,15.0,66.97368421052632,18.026315789473685,50,22,18,21,7,461110,"Comercio al por menor en tiendas de abarrotes, ultramarinos y misceláneas",4.0,222.32653841585943,97.82367690297815,80.0375538297094,93.37714613466096,32.89473684210526,4,0,2,2,0,1,0,0,0,0,1,0,17.786123073268755,2.631578947368421,0.08
5297,0.5483900129362866,31,50,1,5297,1529,217.0,1022.0,287.0,813.0,539.0,800.0,13.0,540,483.0,2788.1616439605787,60.133136094674555,14.19228253760628,66.84107259646828,18.770438194898624,165,87,82,66,12,722511,Restaurantes con servicio de preparación de alimentos a la carta o de comida corrida,9.0,300.8807529453862,158.64621518938546,149.52861661528283,120.35230117815448,107.91366906474819,7,0,7,4,0,0,0,0,0,0,3,0,12.764638003743658,4.578155657292347,0.04242424242424243
530A,0.36032909333880453,31,50,1,530A,2275,358.0,1531.0,386.0,1257.0,737.0,1240.0,17.0,774,679.0,6313.672812039352,63.039117352056174,15.736263736263737,67.2967032967033,16.967032967032967,119,42,41,66,11,461110,"Comercio al por menor en tiendas de abarrotes, ultramarinos y misceláneas",12.0,330.25365478359686,116.56011345303419,113.78487265653337,183.1658925690537,52.30769230769231,5,0,5,1,0,1,0,0,0,0,3,0,13.87620398250407,2.197802197802198,0.04201680672268908
5314,0.30488601282342687,31,50,1,5314,2103,385.0,1363.0,355.0,1170.0,633.0,1152.0,18.0,736,608.0,6897.659818910556,64.891846921797,18.307180218735137,64.81217308606753,16.88064669519734,139,53,52,72,14,461110,"Comercio al por menor en tiendas de abarrotes, ultramarinos y misceláneas",11.0,455.90809074111615,173.83545905956228,170.55554473768373,236.15383117525442,66.09605325725154,3,0,3,2,0,0,0,0,0,0,1,0,9.839742965635601,1.4265335235378032,0.02158273381294964
5329,0.3367760558444105,31,50,1,5329,2199,347.0,1510.0,335.0,1150.0,763.0,1137.0,13.0,737,650.0,6529.561593939241,60.115002613695765,15.779899954524785,68.6675761709868,15.23419736243747,150,63,57,71,16,461110,"Comercio al por menor en tiendas de abarrotes, ultramarinos y misceláneas",11.0,445.39983587580093,187.06793106783638,169.25193763280436,210.82258898121242,68.21282401091405,8,0,9,4,0,2,0,0,0,0,2,0,23.754657913376047,3.6380172805820825,0.05333333333333334
5333,0.273999988543133,31,50,1,5333,2316,498.0,1545.0,273.0,1174.0,747.0,1166.0,8.0,710,633.0,8452.555097955472,61.11400312337324,21.502590673575128,66.70984455958549,11.78756476683938,101,47,44,41,13,461110,"Comercio al por menor en tiendas de abarrotes, ultramarinos y misceláneas",14.0,368.61315409909446,171.5328538876974,160.58394832039758,149.63504275309774,43.60967184801382,4,0,12,3,1,0,0,0,0,0,0,0,14.59854075639978,1.7271157167530224,0.039603960396039604
5348,0.3002985595185238,31,50,1,5348,2061,391.0,1384.0,275.0,1080.0,675.0,1071.0,9.0,700,598.0,6863.169784445363,61.53846153846154,18.971373119844735,67.15186802523047,13.343037360504608,86,42,34,39,5,461110,"Comercio al por menor en tiendas de abarrotes, ultramarinos y misceláneas",9.0,286.38166009815683,139.86081074561147,113.22065631787595,129.87075283521065,41.72731683648714,7,0,5,3,1,2,0,0,0,0,1,0,23.31013512426858,3.396409509946628,0.08139534883720931
5386,0.8951963603015797,31,50,1,5386,3,,,,,,,,2,2.0,3.351220059685386,,,,,80,24,8,29,27,722518,Restaurantes que preparan otro tipo de alimentos para llevar,4.0,89.36586825827696,26.80976047748309,8.936586825827696,32.395127243625396,26666.666666666668,21,0,22,5,5,2,2,0,1,0,5,1,23.4585404177977,7000.0,0.2625
5390,1.3302298453013492,31,50,1,5390,33,12.0,20.0,,15.0,9.0,15.0,0.0,9,6.0,24.807742899892766,62.5,36.36363636363637,60.60606060606061,,113,49,23,36,28,468213,"Comercio al por menor de llantas y cámaras para automóviles, camionetas y camiones",5.0,84.94772568751159,36.83573945741653,17.29024505144041,27.062992254428472,3424.2424242424245,12,0,5,4,1,4,0,0,1,0,2,0,9.020997418142825,363.6363636363636,0.10619469026548672
5418,0.4530587580735694,31,50,1,5418,2829,539.0,2078.0,209.0,1561.0,874.0,1540.0,21.0,1057,948.0,6244.2231820637635,64.10677618069815,19.05266878755744,73.45351714386709,7.387769529869212,208,43,34,152,13,812110,Salones y clínicas de belleza y peluquerías,15.0,459.1015983984669,94.91042659199074,75.04545358436478,335.4973219065719,73.5242135030046,5,0,4,3,0,2,0,0,0,0,0,0,11.03609611534776,1.7674089784376106,0.02403846153846154
5422,0.27636257083760657,31,50,1,5422,1330,336.0,954.0,40.0,729.0,345.0,725.0,4.0,508,402.0,4812.5185547702895,67.87709497206704,25.263157894736842,71.72932330827068,3.007518796992481,29,18,15,10,1,461110,"Comercio al por menor en tiendas de abarrotes, ultramarinos y misceláneas",10.0,104.93461510401382,65.1318300645603,54.27652505380025,36.184350035866835,21.80451127819549,1,0,1,1,0,0,0,0,0,0,0,0,3.6184350035866837,0.7518796992481204,0.034482758620689655
5437,0.2950452093110867,31,50,1,5437,1412,369.0,1019.0,24.0,774.0,358.0,756.0,18.0,544,441.0,4785.707259226264,68.37455830388693,26.133144475920677,72.16713881019831,1.69971671388102,47,21,18,20,6,461110,"Comercio al por menor en tiendas de abarrotes, ultramarinos y misceláneas",8.0,159.29762123486856,71.17553289217531,61.00759962186455,67.78622180207172,33.28611898016997,0,0,0,0,0,0,0,0,0,0,0,0,0.0,0.0,0.0
5441,0.4062551707021718,31,50,1,5441,879,259.0,557.0,50.0,417.0,240.0,412.0,5.0,358,234.0,2163.6647688218604,63.4703196347032,29.465301478953354,63.36746302616609,5.688282138794084,20,12,10,6,2,461110,"Comercio al por menor en tiendas de abarrotes, ultramarinos y misceláneas",7.0,49.230142635309676,29.538085581185808,24.615071317654838,14.769042790592904,22.753128555176335,0,0,0,0,0,0,0,0,0,0,0,0,0.0,0.0,0.0
5456,0.08233463331339136,31,50,1,5456,699,221.0,457.0,21.0,363.0,159.0,359.0,4.0,221,183.0,8489.74449596912,69.54022988505747,31.616595135908444,65.379113018598,3.004291845493562,10,5,5,4,1,461110,"Comercio al por menor en tiendas de abarrotes, ultramarinos y misceláneas",4.0,121.45557218839942,60.72778609419971,60.72778609419971,48.58222887535977,14.30615164520744,0,0,0,0,0,0,0,0,0,0,0,0,0.0,0.0,0.0
5460,0.39593995638352736,31,50,1,5460,2618,556.0,1890.0,169.0,1342.0,826.0,1321.0,21.0,1187,940.0,6612.113674791825,61.90036900369004,21.237585943468297,72.19251336898395,6.455309396485867,98,34,33,56,8,812110,Salones y clínicas de belleza y peluquerías,9.0,247.51227659648544,85.87160616612759,83.34597069065326,141.4355866265631,37.4331550802139,2,0,2,1,0,0,1,0,0,0,0,0,5.051270950948682,0.7639419404125286,0.02040816326530612
5475,0.310656396842941,31,50,1,5475,2061,423.0,1508.0,123.0,1182.0,532.0,1164.0,18.0,959,744.0,6634.339485505533,68.96149358226371,20.52401746724891,73.16836487142164,5.9679767103347885,138,44,43,89,5,812110,Salones y clínicas de belleza y peluquerías,13.0,444.2206933526267,141.63558338779401,138.41659285625323,286.4901573071288,66.95778748180494,7,0,2,4,0,3,0,0,0,0,0,0,22.53293372078541,3.396409509946628,0.050724637681159424
548A,0.3252484490685907,31,50,1,548A,2052,593.0,1409.0,50.0,1078.0,502.0,1063.0,15.0,810,622.0,6309.023166371071,68.22784810126582,28.898635477582847,68.66471734892787,2.4366471734892787,25,11,9,13,1,461110,"Comercio al por menor en tiendas de abarrotes, ultramarinos y misceláneas",5.0,76.86431732908225,33.82029962479619,27.671154238469608,39.96944501112277,12.183235867446394,2,0,2,0,0,1,0,0,0,0,1,0,6.1491453863265795,0.9746588693957114,0.08
5494,1.1270017987712033,31,50,1,5494,4794,1376.0,3297.0,121.0,2476.0,1203.0,2447.0,29.0,2211,1520.0,4253.764284340106,67.30089698287578,28.702544847726326,68.77346683354193,2.523988318731748,91,42,37,40,9,461110,"Comercio al por menor en tiendas de abarrotes, ultramarinos y misceláneas",12.0,80.74521273987268,37.267021264556625,32.830471114014166,35.49240120433964,18.98206090947017,18,0,22,3,0,11,0,0,0,0,4,0,15.97158054195284,3.7546933667083855,0.1978021978021978
5511,0.08340686544843602,31,50,1,5511,202,55.0,139.0,8.0,117.0,45.0,115.0,,122,60.0,2421.862983508005,72.22222222222221,27.22772277227723,68.8118811881188,3.9603960396039604,9,1,1,7,1,722514,Restaurantes con servicio de preparación de tacos y tortas,2.0,107.90478639392101,11.989420710435668,11.989420710435668,83.92594497304968,44.554455445544555,1,0,2,0,0,0,0,0,0,0,1,0,11.989420710435668,4.9504950495049505,0.1111111111111111
5526,1.0710873296632841,31,50,1,5526,1819,388.0,1344.0,80.0,914.0,603.0,906.0,8.0,688,573.0,1698.2742206201206,60.25049439683586,21.330401319406267,73.88675096206707,4.398020890599231,63,22,21,33,8,722514,Restaurantes con servicio de preparación de tacos y tortas,5.0,58.81873331449565,20.539875125696895,19.60624443816522,30.809812688545342,34.63441451346894,12,0,4,3,0,4,1,0,2,0,1,1,11.203568250380124,6.597031335898846,0.19047619047619047
5579,0.2809818119440235,31,50,1,5579,1361,385.0,931.0,45.0,713.0,340.0,705.0,8.0,502,417.0,4843.729886228846,67.71130104463438,28.288023512123438,68.40558412931668,3.306392358559882,59,15,14,35,9,812110,Salones y clínicas de belleza y peluquerías,7.0,209.97800388501244,53.38423827585062,49.82528905746058,124.56322264365144,43.350477590007344,13,0,7,5,0,5,0,0,1,0,2,0,46.26633983907054,9.551800146950772,0.22033898305084745
5583,0.9794353017242062,31,50,1,5583,3298,705.0,2332.0,261.0,1712.0,987.0,1672.0,40.0,1150,1062.0,3367.2464063671923,63.43090033345684,21.376591873862946,70.70952092177077,7.913887204366282,668,185,175,474,9,621113,Consultorios de medicina especializada del sector privado,229.0,682.0256517444768,188.88434965977277,178.67438481329856,483.9523337228772,202.54699818071558,13,0,9,3,0,8,0,0,0,0,2,0,13.272954300416464,3.9417828987265007,0.019461077844311378
5598,0.8084302671174788,31,50,1,5598,1917,267.0,1453.0,195.0,1071.0,636.0,1057.0,14.0,709,587.0,2371.262034553967,62.741652021089635,13.928012519561817,75.79551382368284,10.172143974960877,232,26,19,203,3,621113,Consultorios de medicina especializada del sector privado,47.0,286.97589567893607,32.16109175712214,23.5023362840508,251.10390871906904,121.0224308815858,5,0,1,1,0,3,0,0,0,0,1,0,6.184825337908104,2.6082420448617634,0.021551724137931036
5600,1.0748614868182393,31,50,1,5600,2568,528.0,1862.0,178.0,1384.0,765.0,1376.0,8.0,938,826.0,2389.1450493790485,64.40204746393673,20.5607476635514,72.50778816199377,6.931464174454828,54,15,13,31,8,621211,Consultorios dentales del sector privado,4.0,50.23903141217625,13.955286503382293,12.094581636264653,28.840925440323407,21.02803738317757,9,0,6,5,0,3,0,0,0,0,1,0,8.373171902029377,3.5046728971962615,0.16666666666666666
562A,0.5947535236341873,31,50,1,562A,612,173.0,404.0,35.0,300.0,182.0,296.0,4.0,254,166.0,1028.9976867399282,62.24066390041494,28.26797385620915,66.01307189542483,5.718954248366013,34,17,16,10,7,461110,"Comercio al por menor en tiendas de abarrotes, ultramarinos y misceláneas",8.0,57.16653815221824,28.58326907610912,26.90190030692623,16.813687691828893,55.55555555555555,1,0,1,0,0,1,0,0,0,0,0,0,1.6813687691828894,1.6339869281045751,0.029411764705882353
5634,0.32424281029010665,31,50,1,5634,1810,326.0,1404.0,77.0,1004.0,527.0,992.0,12.0,614,538.0,5582.236344363522,65.57805355976485,18.011049723756905,77.56906077348066,4.254143646408839,51,21,19,25,5,461110,"Comercio al por menor en tiendas de abarrotes, ultramarinos y misceláneas",6.0,157.28953235499426,64.76627802852705,58.598061073429236,77.10271193872268,28.1767955801105,7,0,5,0,0,3,0,1,0,0,3,0,21.58875934284235,3.8674033149171274,0.13725490196078433
5649,0.27857515390439475,31,50,1,5649,2837,623.0,2102.0,112.0,1729.0,628.0,1727.0,,1005,851.0,10183.966374020709,73.35596096733136,21.95981670778992,74.0923510750793,3.947832217130772,68,26,26,35,7,461110,"Comercio al por menor en tiendas de abarrotes, ultramarinos y misceláneas",8.0,244.0992997650364,93.33208520427861,93.33208520427861,125.63934546729814,23.96898131829397,2,0,0,1,0,1,0,0,0,0,0,0,7.179391169559894,0.7049700387733521,0.029411764705882353
5672,0.3152577701549792,31,50,1,5672,2680,702.0,1901.0,77.0,1539.0,560.0,1524.0,15.0,1252,932.0,8500.980003387465,73.3206288708909,26.19402985074627,70.93283582089552,2.873134328358209,78,33,30,39,6,461110,"Comercio al por menor en tiendas de abarrotes, ultramarinos y misceláneas",10.0,247.41658218814268,104.67624631036806,95.16022391851641,123.70829109407134,29.104477611940297,1,0,0,0,0,0,0,0,0,0,1,0,3.172007463950547,0.373134328358209,0.01282051282051282
5687,0.3550036346931621,31,50,1,5687,2830,813.0,1922.0,91.0,1533.0,660.0,1522.0,11.0,1177,920.0,7971.749366583344,69.90424076607387,28.727915194346288,67.91519434628975,3.2155477031802118,153,62,58,78,13,812110,Salones y clínicas de belleza y peluquerías,11.0,430.9815028576861,174.64609919723227,163.3786089264431,219.716060280389,54.063604240282686,4,0,3,1,0,0,0,0,0,0,3,0,11.26749027078918,1.4134275618374557,0.026143790849673203
5691,0.423433294263469,31,50,1,5691,3252,865.0,2300.0,87.0,1894.0,682.0,1870.0,24.0,1392,1096.0,7680.076281334028,73.5248447204969,26.599015990159902,70.72570725707257,2.6752767527675276,108,40,38,57,11,461110,"Comercio al por menor en tiendas de abarrotes, ultramarinos y misceláneas",17.0,255.05788388194188,94.46588291923773,89.74258877327584,134.61388315991377,33.210332103321036,6,0,5,1,0,3,0,0,0,0,2,0,14.16988243788566,1.8450184501845017,0.05555555555555555
5704,0.27321599300442806,31,50,1,5704,1637,448.0,1127.0,58.0,883.0,387.0,868.0,15.0,635,510.0,5991.596546009914,69.52755905511812,27.367135003054365,68.84544899205865,3.54306658521686,66,22,19,43,1,812110,Salones y clínicas de belleza y peluquerías,8.0,241.56711792098616,80.52237264032871,69.54204909846571,157.38463743336976,40.31765424557117,4,0,4,1,0,2,0,0,0,0,1,0,14.640431389150676,2.443494196701283,0.06060606060606061
5719,0.4121063448640857,31,50,1,5719,2950,788.0,2056.0,106.0,1590.0,746.0,1580.0,10.0,1187,936.0,7158.346472372129,68.06506849315068,26.71186440677966,69.69491525423729,3.593220338983051,78,26,25,44,8,461110,"Comercio al por menor en tiendas de abarrotes, ultramarinos y misceláneas",10.0,189.27153384577156,63.09051128192385,60.66395315569601,106.76855755402498,26.440677966101696,3,0,1,2,0,0,0,0,0,0,1,0,7.279674378683521,1.0169491525423728,0.038461538461538464
5723,0.27600735509955093,31,50,1,5723,1879,483.0,1301.0,86.0,1059.0,430.0,1047.0,12.0,779,615.0,6807.789594310913,71.12155809267965,25.705162320383184,69.23895689196381,4.576902607770091,97,44,42,48,5,461110,"Comercio al por menor en tiendas de abarrotes, ultramarinos y misceláneas",8.0,351.43990987129246,159.41604159110176,152.1698578824153,173.90840900847462,51.62320383182544,0,0,0,0,0,0,0,0,0,0,0,0,0.0,0.0,0.0
5738,0.2945191816041893,31,50,1,5738,1979,494.0,1415.0,70.0,1097.0,485.0,1083.0,14.0,842,664.0,6719.426521630164,69.34260429835652,24.96210207175341,71.50075795856493,3.5371399696816574,100,37,35,58,5,812110,Salones y clínicas de belleza y peluquerías,8.0,339.5364588999577,125.62848979298437,118.83776061498521,196.93114616197548,50.530570995452244,3,0,2,0,0,2,0,0,1,0,0,0,10.186093766998733,1.5159171298635674,0.03
5742,0.48094002682253156,31,50,1,5742,2208,541.0,1579.0,88.0,1246.0,539.0,1233.0,13.0,917,731.0,4591.00901746063,69.80392156862744,24.5018115942029,71.51268115942028,3.985507246376811,118,41,40,71,6,812110,Salones y clínicas de belleza y peluquerías,11.0,245.35283698385618,85.24971454523816,83.1704532148665,147.62755445638803,53.44202898550725,7,0,9,2,0,1,2,0,0,0,1,1,14.554829312601637,3.170289855072464,0.059322033898305086
5757,0.5963732538431029,31,50,1,5757,2791,725.0,1962.0,104.0,1537.0,662.0,1522.0,15.0,1230,912.0,4679.955014773804,69.89540700318327,25.976352561805804,70.29738445001792,3.7262629881762805,159,61,57,91,7,812110,Salones y clínicas de belleza y peluquerías,8.0,266.61155404838223,102.28493582988249,95.57772692300495,152.58900263146404,56.96882837692583,9,0,11,4,0,1,0,0,0,0,3,1,15.091220040474465,3.224650662844858,0.05660377358490566
5761,1.2037786084672442,31,50,1,5761,1204,230.0,944.0,30.0,741.0,267.0,732.0,9.0,957,492.0,1000.1839138286713,73.51190476190477,19.102990033222593,78.40531561461795,2.4916943521594686,87,24,20,52,11,722511,Restaurantes con servicio de preparación de alimentos a la carta o de comida corrida,10.0,72.27242566702193,19.93722087366122,16.61435072805102,43.197311892932646,72.25913621262458,17,0,11,3,0,6,3,0,0,0,5,0,14.122198118843366,14.119601328903656,0.19540229885057472
5776,0.6999374032965684,31,50,1,5776,2920,628.0,2150.0,139.0,1566.0,849.0,1546.0,20.0,1092,910.0,4171.801630042016,64.84472049689441,21.506849315068493,73.63013698630137,4.760273972602739,37,11,11,25,1,522110,Banca múltiple,4.0,52.861869969710476,15.715691072076087,15.715691072076087,35.717479709263834,12.67123287671233,8,0,6,2,1,3,0,0,0,0,2,0,11.429593506964428,2.73972602739726,0.21621621621621623
5780,0.32726070071804025,31,50,1,5780,2022,584.0,1377.0,60.0,1031.0,504.0,1021.0,10.0,843,682.0,6178.560381871533,67.16612377850163,28.882294757665676,68.10089020771514,2.967359050445104,96,37,32,46,13,812110,Salones y clínicas de belleza y peluquerías,10.0,293.34411308588875,113.05971025185296,97.7813710286296,140.56072085365503,47.47774480712167,4,0,5,0,1,1,0,0,0,0,2,0,12.2226713785787,1.9782393669634024,0.041666666666666664
5795,0.2952325596861235,31,50,1,5795,1487,394.0,1033.0,60.0,857.0,307.0,854.0,3.0,647,486.0,5036.707338719361,73.62542955326461,26.496301277740418,69.46872898453262,4.034969737726967,65,20,18,38,7,812110,Salones y clínicas de belleza y peluquerías,6.0,220.1654183031328,67.74320563173316,60.96888506855985,128.71209070029303,43.71217215870881,2,0,1,0,0,2,0,0,0,0,0,0,6.774320563173317,1.3449899125756557,0.03076923076923077
5808,0.30235044656542454,31,50,1,5808,2429,670.0,1664.0,93.0,1298.0,572.0,1285.0,13.0,1036,819.0,8033.723871065616,69.41176470588235,27.58336764100453,68.50555784273364,3.8287361053931654,82,30,30,48,4,812110,Salones y clínicas de belleza y peluquerías,10.0,271.20846332951027,99.2226085351867,99.2226085351867,158.7561736562987,33.7587484561548,0,0,0,0,0,0,0,0,0,0,0,0,0.0,0.0,0.0
5812,0.4260488551696007,31,50,1,5812,2402,612.0,1695.0,95.0,1327.0,579.0,1310.0,17.0,1041,810.0,5637.851084105874,69.62224554039874,25.47876769358868,70.5661948376353,3.95503746877602,78,34,33,38,6,812110,Salones y clínicas de belleza y peluquerías,8.0,183.07759557046552,79.80305447943368,77.45590581827388,89.19164912407295,32.472939217318896,11,0,2,3,0,7,0,0,0,0,1,0,25.81863527275796,4.579517069109076,0.14102564102564102
5827,0.2923674943679434,31,50,1,5827,2032,541.0,1427.0,64.0,1105.0,486.0,1092.0,13.0,908,703.0,6950.157042570319,69.4531741043369,26.6240157480315,70.2263779527559,3.149606299212598,44,13,13,27,4,461110,"Comercio al por menor en tiendas de abarrotes, ultramarinos y misceláneas",6.0,150.49552651234944,44.464587378648694,44.464587378648694,92.34952763257806,21.653543307086615,3,0,5,1,0,0,0,0,0,0,2,0,10.261058625842006,1.4763779527559056,0.06818181818181818
5831,0.38410238261844304,31,50,1,5831,2888,762.0,2016.0,110.0,1661.0,612.0,1653.0,8.0,1287,987.0,7518.828652695085,73.07523097228332,26.385041551246534,69.80609418282549,3.8088642659279777,66,28,28,36,2,461110,"Comercio al por menor en tiendas de abarrotes, ultramarinos y misceláneas",9.0,171.82918666131425,72.8972307048,72.8972307048,93.72501090617142,22.85318559556787,4,0,5,1,0,1,0,0,0,0,2,0,10.413890100685713,1.3850415512465375,0.06060606060606061
5846,0.4947306269973823,31,50,1,5846,2192,542.0,1550.0,93.0,1218.0,538.0,1210.0,8.0,911,712.0,4430.693958252959,69.3621867881549,24.72627737226277,70.71167883211679,4.242700729927007,179,51,46,119,9,722514,Restaurantes con servicio de preparación de tacos y tortas,14.0,361.8130558974816,103.08640140095845,92.979891459688,240.53493660223637,81.66058394160585,4,0,2,1,0,1,0,0,0,0,1,1,8.085207953016349,1.8248175182481752,0.0223463687150838
5850,0.30067549531556315,31,50,1,5850,1507,381.0,1076.0,45.0,808.0,396.0,798.0,10.0,632,498.0,5012.047950293995,67.109634551495,25.28201725282017,71.40013271400133,2.9860650298606504,41,17,15,23,1,461110,"Comercio al por menor en tiendas de abarrotes, ultramarinos y misceláneas",5.0,136.35963235703636,56.539359757795566,49.8876703745255,76.49442790760577,27.2063702720637,2,0,1,0,0,0,2,0,0,0,0,0,6.6516893832700665,1.3271400132714002,0.04878048780487805
5865,0.9188636885981012,31,50,1,5865,2335,568.0,1683.0,84.0,1429.0,430.0,1421.0,8.0,1097,796.0,2541.182145920338,76.86928456159225,24.325481798715202,72.07708779443254,3.5974304068522485,117,62,26,43,12,461110,"Comercio al por menor en tiendas de abarrotes, ultramarinos y misceláneas",6.0,127.33118247223963,67.4746437032381,28.295818327164362,46.796930310310294,50.107066381156315,8,0,4,1,0,3,0,0,2,0,2,0,8.706405639127496,3.426124197002141,0.06837606837606838
587A,0.6395272862599276,31,50,1,587A,976,237.0,706.0,33.0,532.0,249.0,526.0,6.0,419,317.0,1526.1272207911977,68.11779769526248,24.2827868852459,72.3360655737705,3.3811475409836067,52,15,12,34,3,461110,"Comercio al por menor en tiendas de abarrotes, ultramarinos y misceláneas",3.0,81.31005684543265,23.45482409002865,18.763859272022923,53.16426793739828,53.27868852459016,7,0,3,1,0,1,1,0,4,0,0,0,10.945584575346704,7.172131147540984,0.1346153846153846
5884,0.35638821210023885,31,50,1,5884,1772,463.0,1250.0,59.0,1029.0,372.0,1017.0,12.0,866,622.0,4972.106090595392,73.44753747323341,26.12866817155756,70.54176072234763,3.3295711060948077,39,13,11,22,4,461110,"Comercio al por menor en tiendas de abarrotes, ultramarinos y misceláneas",4.0,109.43122885621912,36.477076285406376,30.865218395343856,61.73043679068771,22.009029345372458,2,0,2,0,0,1,0,0,0,0,1,0,5.611857890062519,1.128668171557562,0.05128205128205128
5899,0.269123388723196,31,50,1,5899,229,66.0,148.0,15.0,105.0,74.0,104.0,,120,76.0,850.910807442067,58.659217877094974,28.82096069868996,64.62882096069869,6.550218340611353,10,6,6,3,1,461110,"Comercio al por menor en tiendas de abarrotes, ultramarinos y misceláneas",6.0,37.15767718087629,22.294606308525772,22.294606308525772,11.147303154262886,43.66812227074236,2,0,1,0,0,1,0,0,1,0,0,0,7.431535436175258,8.73362445414847,0.2
5916,1.1174641130248286,31,50,1,5916,2338,612.0,1589.0,137.0,1024.0,809.0,1013.0,11.0,759,658.0,2092.2372116911574,55.86470267321331,26.17621899059025,67.96407185628742,5.859709153122327,28,15,14,13,0,465111,Comercio al por menor de artículos de perfumería y cosméticos,3.0,25.0567330741456,13.42324986114943,12.5283665370728,11.633483212996172,11.976047904191617,0,0,0,0,0,0,0,0,0,0,0,0,0.0,0.0,0.0
5920,0.11439055334592048,31,50,1,5920,143,20.0,113.0,10.0,78.0,52.0,78.0,0.0,41,35.0,1250.1032280835611,60.0,13.986013986013987,79.02097902097903,6.993006993006993,0,0,0,0,0,,,,0.0,0.0,0.0,0.0,0.0,1,0,0,0,0,1,0,0,0,0,0,0,8.74198061596896,6.993006993006993,
5935,0.379455652121947,31,50,1,5935,1082,313.0,741.0,28.0,618.0,209.0,611.0,7.0,512,315.0,2851.453111712443,74.72793228536881,28.927911275415894,68.48428835489834,2.5878003696857674,39,18,16,13,8,332320,Fabricación de productos de herrería,5.0,102.77880901736162,47.43637339262844,42.16566523789195,34.259603005787206,36.04436229205175,10,0,14,8,0,1,1,0,0,0,0,0,26.353540773682468,9.24214417744917,0.2564102564102564
594A,0.1273823983663805,31,50,1,594A,902,195.0,654.0,53.0,486.0,252.0,484.0,,422,331.0,7081.0411137466945,65.85365853658537,21.61862527716186,72.50554323725056,5.875831485587583,11,4,4,7,0,461110,"Comercio al por menor en tiendas de abarrotes, ultramarinos y misceláneas",2.0,86.35415992374017,31.401512699541883,31.401512699541883,54.952647224198294,12.195121951219512,0,0,0,0,0,0,0,0,0,0,0,0,0.0,0.0,0.0
5969,0.2597583046076714,31,50,1,5969,290,72.0,190.0,28.0,178.0,54.0,176.0,,142,85.0,1116.4224390746792,76.72413793103449,24.82758620689655,65.51724137931035,9.655172413793103,11,4,4,4,3,461110,"Comercio al por menor en tiendas de abarrotes, ultramarinos y misceláneas",3.0,42.34705803386714,15.398930194133506,15.398930194133506,15.398930194133506,37.93103448275862,0,0,0,0,0,0,0,0,0,0,0,0,0.0,0.0,0.0
5973,0.4099506179616259,31,50,1,5973,1368,446.0,873.0,49.0,637.0,380.0,628.0,9.0,399,347.0,3336.9872859370926,62.635201573254676,32.60233918128655,63.81578947368421,3.5818713450292394,33,17,15,10,6,461110,"Comercio al por menor en tiendas de abarrotes, ultramarinos y misceláneas",8.0,80.49750031865794,41.46840925506621,36.589772872117244,24.39318191474483,24.12280701754386,0,0,0,0,0,0,0,0,0,0,0,0,0.0,0.0,0.0
5988,0.44295229959085713,31,50,1,5988,2135,611.0,1462.0,60.0,1229.0,406.0,1216.0,13.0,965,673.0,4819.932082917372,75.16819571865443,28.61826697892272,68.47775175644028,2.810304449648712,32,19,19,11,2,461110,"Comercio al por menor en tiendas de abarrotes, ultramarinos y misceláneas",7.0,72.24254175801214,42.89400916881971,42.89400916881971,24.833373729316673,14.988290398126464,6,0,3,0,0,3,0,0,0,0,3,0,13.545476579627277,2.810304449648712,0.1875
5992,0.8543170522485366,31,50,1,5992,24,,,,,,,,1,1.0,28.092614956979645,,,,,29,8,5,18,3,931411,Impartición de justicia,7.0,33.94524307301707,9.364204985659882,5.852628116037426,21.069461217734734,1208.3333333333333,4,0,4,1,0,2,0,0,0,1,0,0,4.682102492829941,166.66666666666666,0.13793103448275862
6007,0.19086546763969722,31,50,1,6007,322,105.0,199.0,18.0,159.0,75.0,157.0,,177,94.0,1687.0521628765744,67.94871794871796,32.608695652173914,61.80124223602485,5.590062111801243,6,4,4,1,1,461110,"Comercio al por menor en tiendas de abarrotes, ultramarinos y misceláneas",4.0,31.435754587762254,20.957169725174836,20.957169725174836,5.239292431293709,18.633540372670808,0,0,0,0,0,0,0,0,0,0,0,0,0.0,0.0,0.0
6030,0.47532551076977647,31,50,1,6030,1837,531.0,1221.0,85.0,918.0,494.0,903.0,15.0,544,472.0,3864.7199832069387,65.01416430594901,28.905824714207945,66.46706586826348,4.627109417528579,121,47,44,66,8,461110,"Comercio al por menor en tiendas de abarrotes, ultramarinos y misceláneas",18.0,254.56239410345103,98.87960762696032,92.56814331034583,138.85221496551875,65.8682634730539,13,0,18,2,2,3,2,0,1,0,3,0,27.34967870532945,7.076755579749592,0.10743801652892562
6045,0.8177780389430035,31,50,1,6045,5529,1976.0,3402.0,151.0,2656.0,1199.0,2628.0,28.0,1691,1459.0,6761.003275590962,68.89753566796368,35.738831615120276,61.530113944655454,2.731054440224272,231,124,120,82,25,461110,"Comercio al por menor en tiendas de abarrotes, ultramarinos y misceláneas",45.0,282.4727358765622,151.63038635798142,146.73908357224008,100.2717071076974,41.7797069994574,12,0,23,0,1,2,0,0,0,0,8,1,14.67390835722401,2.1703743895822027,0.05194805194805195
605A,0.6334936647040185,31,50,1,605A,2871,795.0,1951.0,125.0,1428.0,788.0,1406.0,22.0,854,736.0,4532.0105945201385,64.4404332129964,27.69070010449321,67.95541623127829,4.3538836642284915,167,77,72,70,20,461110,"Comercio al por menor en tiendas de abarrotes, ultramarinos y misceláneas",23.0,263.6174744983849,121.54817686452479,113.65543810708812,110.49834260411345,58.16788575409265,2,0,3,1,0,1,0,0,0,0,0,0,3.15709550297467,0.6966213862765587,0.011976047904191617
6064,1.065376300688735,31,50,1,6064,1601,485.0,1048.0,65.0,955.0,242.0,950.0,5.0,571,405.0,1502.755410426344,79.7827903091061,30.29356652092442,65.45908806995627,4.059962523422861,111,50,48,52,9,461110,"Comercio al por menor en tiendas de abarrotes, ultramarinos y misceláneas",18.0,104.18853876160162,46.93177421693767,45.05450324826016,48.809045185615176,69.3316677076827,2,0,1,0,0,2,0,0,0,0,0,0,1.8772709686775066,1.2492192379762648,0.018018018018018018
6079,0.4417792757116014,31,50,1,6079,1992,612.0,1347.0,33.0,1020.0,503.0,1012.0,8.0,776,584.0,4509.039037178377,66.973079448457,30.72289156626506,67.62048192771084,1.6566265060240966,78,36,36,37,5,461110,"Comercio al por menor en tiendas de abarrotes, ultramarinos y misceláneas",11.0,176.55875747987622,81.4886572984044,81.4886572984044,83.75223111224896,39.1566265060241,0,0,0,0,0,0,0,0,0,0,0,0,0.0,0.0,0.0
6083,2.377186747939461,31,50,1,6083,1151,250.0,836.0,65.0,566.0,384.0,550.0,16.0,444,343.0,484.1857716890285,59.578947368421055,21.720243266724587,72.63249348392702,5.647263249348393,19,6,5,12,1,466312,Comercio al por menor de plantas y flores naturales,2.0,7.992640888003077,2.5239918593693926,2.103326549474494,5.047983718738785,16.507384882710685,2,0,0,1,0,1,0,0,0,0,0,0,0.8413306197897975,1.737619461337967,0.10526315789473684
6098,2.2751446413156162,31,50,1,6098,380,61.0,298.0,21.0,217.0,114.0,216.0,,264,131.0,167.02234798586815,65.55891238670695,16.05263157894737,78.42105263157895,5.526315789473684,50,28,13,16,6,722515,"Cafeterías, fuentes de sodas, neverías, refresquerías y similares",3.0,21.97662473498265,12.306909851590284,5.713922431095489,7.032519915194448,131.57894736842104,1,0,0,1,0,0,0,0,0,0,0,0,0.439532494699653,2.631578947368421,0.02
6100,0.8857928214121209,31,50,1,6100,230,40.0,157.0,33.0,133.0,68.0,131.0,,210,104.0,259.65439597188947,66.16915422885572,17.391304347826086,68.26086956521739,14.347826086956522,20,7,5,11,2,461110,"Comercio al por menor en tiendas de abarrotes, ultramarinos y misceláneas",2.0,22.578643127990386,7.902525094796635,5.6446607819975965,12.418253720394713,86.95652173913044,0,0,0,0,0,0,0,0,0,0,0,0,0.0,0.0,0.0
6115,0.4405321673208432,31,50,1,6115,2698,600.0,1833.0,256.0,1256.0,955.0,1250.0,6.0,885,759.0,6124.410883337435,56.80687471732247,22.23869532987398,67.93921423276501,9.488510007412899,122,41,38,72,9,812110,Salones y clínicas de belleza y peluquerías,13.0,276.93777900932804,93.06925360149549,86.2593082160202,163.43868925140671,45.2186805040771,3,0,5,2,0,1,0,0,0,0,0,0,6.809945385475279,1.111934766493699,0.02459016393442623
612A,0.6003752140769563,31,50,1,612A,3319,755.0,2328.0,236.0,1810.0,888.0,1801.0,9.0,1059,910.0,5528.209563252506,67.0867309117865,22.747815607110574,70.1416089183489,7.110575474540524,152,58,57,67,27,461110,"Comercio al por menor en tiendas de abarrotes, ultramarinos y misceláneas",21.0,253.1750086213862,96.60625328973948,94.94062823301984,111.59687880021629,45.79692678517626,8,0,9,1,2,1,0,0,0,0,3,1,13.32500045375717,2.4103645676408556,0.05263157894736842
6134,0.6824097455399807,31,50,1,6134,1287,361.0,854.0,72.0,651.0,354.0,647.0,4.0,507,366.0,1885.9636873761467,64.77611940298507,28.049728049728053,66.35586635586635,5.594405594405594,89,40,27,39,10,461110,"Comercio al por menor en tiendas de abarrotes, ultramarinos y misceláneas",12.0,130.42017729329996,58.61581001946066,39.565671763135946,57.150414768974144,69.15306915306915,12,0,17,3,0,3,1,0,0,0,5,0,17.5847430058382,9.324009324009324,0.1348314606741573
6149,0.48684285083853934,31,50,1,6149,2360,667.0,1598.0,95.0,1173.0,653.0,1168.0,5.0,764,672.0,4847.560143761237,64.23877327491785,28.262711864406782,67.71186440677967,4.025423728813559,86,32,29,43,11,461110,"Comercio al por menor en tiendas de abarrotes, ultramarinos y misceláneas",11.0,176.64837812011285,65.72962906794896,59.567476342828755,88.32418906005643,36.440677966101696,10,0,18,3,0,0,0,0,0,0,6,1,20.540509083734054,4.237288135593221,0.11627906976744186
6153,0.09149594812445545,31,50,1,6153,1056,280.0,742.0,34.0,567.0,249.0,556.0,11.0,462,363.0,11541.494696176032,69.48529411764706,26.515151515151516,70.26515151515152,3.2196969696969697,42,15,14,20,7,812110,Salones y clínicas de belleza y peluquerías,4.0,459.0367208706376,163.94168602522774,153.01224029021256,218.58891470030363,39.77272727272727,2,0,2,1,0,0,0,0,0,0,1,0,21.858891470030365,1.893939393939394,0.047619047619047616
6168,0.20367008570184422,31,50,1,6168,14,4.0,10.0,0.0,8.0,3.0,8.0,0.0,24,4.0,68.73861692430775,72.72727272727273,28.57142857142857,71.42857142857143,0.0,1,0,0,1,0,813210,Asociaciones y organizaciones religiosas,1.0,4.909901208879125,0.0,0.0,4.909901208879125,71.42857142857143,0,0,0,0,0,0,0,0,0,0,0,0,0.0,0.0,0.0
6172,0.015587661118557042,31,50,1,6172,119,37.0,81.0,,65.0,25.0,65.0,0.0,43,31.0,7634.243463140921,72.22222222222221,31.092436974789916,68.0672268907563,,2,1,1,1,0,467115,Comercio al por menor de artículos para la limpieza,1.0,128.30661282589784,64.15330641294892,64.15330641294892,64.15330641294892,16.80672268907563,0,0,0,0,0,0,0,0,0,0,0,0,0.0,0.0,0.0
6187,0.0692998529899027,31,50,1,6187,606,187.0,398.0,21.0,296.0,163.0,294.0,,205,174.0,8744.60729502986,64.4880174291939,30.85808580858086,65.67656765676567,3.4653465346534658,12,6,6,4,2,461110,"Comercio al por menor en tiendas de abarrotes, ultramarinos y misceláneas",3.0,173.1605404956408,86.5802702478204,86.5802702478204,57.7201801652136,19.801980198019802,0,0,0,0,0,0,0,0,0,0,0,0,0.0,0.0,0.0
6191,0.06143939091903627,31,50,1,6191,260,94.0,156.0,10.0,154.0,31.0,154.0,0.0,88,74.0,4231.812785101066,83.24324324324324,36.15384615384615,60.0,3.8461538461538463,10,2,2,7,1,722517,"Restaurantes con servicio de preparación de pizzas, hamburguesas, hot dogs y pollos rostizados para llevar",3.0,162.76203019619484,32.55240603923897,32.55240603923897,113.93342113733638,38.46153846153847,0,0,0,0,0,0,0,0,0,0,0,0,0.0,0.0,0.0
6204,0.02121576734950774,31,50,1,6204,0,0.0,0.0,0.0,0.0,0.0,0.0,0.0,1,,0.0,,,,,0,0,0,0,0,,,,0.0,0.0,0.0,0.0,,0,0,0,0,0,0,0,0,0,0,0,0,0.0,,
6219,0.16306331247906003,31,50,1,6219,136,37.0,88.0,11.0,72.0,28.0,72.0,0.0,66,42.0,834.0318734630428,72.0,27.205882352941174,64.70588235294117,8.088235294117647,0,0,0,0,0,,,,0.0,0.0,0.0,0.0,0.0,0,0,0,0,0,0,0,0,0,0,0,0,0.0,0.0,
6223,0.01515906485393087,31,50,1,6223,0,0.0,0.0,0.0,0.0,0.0,0.0,0.0,1,,0.0,,,,,0,0,0,0,0,,,,0.0,0.0,0.0,0.0,,0,0,0,0,0,0,0,0,0,0,0,0,0.0,,
6238,0.09588220561593146,31,50,1,6238,636,147.0,454.0,35.0,354.0,156.0,350.0,4.0,318,245.0,6633.139026312974,69.41176470588235,23.11320754716981,71.38364779874213,5.50314465408805,12,2,1,8,2,339999,Otras industrias manufactureras,2.0,125.15356653420707,20.858927755701178,10.429463877850589,83.43571102280471,18.867924528301884,0,0,0,0,0,0,0,0,0,0,0,0,0.0,0.0,0.0
6242,0.9633139314638576,31,50,1,6242,0,0.0,0.0,0.0,0.0,0.0,0.0,0.0,0,0.0,0.0,,,,,44,16,6,17,11,484129,Otro autotransporte foráneo de carga general,3.0,45.6756604081676,16.609331057515494,6.22849914656831,17.64741424861021,,3,0,2,1,1,1,0,0,0,0,0,0,3.114249573284155,,0.06818181818181818
6257,1.0612284367975944,31,50,1,6257,221,46.0,159.0,16.0,131.0,50.0,130.0,,131,84.0,208.24922546072972,72.37569060773481,20.81447963800905,71.94570135746606,7.239819004524888,1,0,0,1,0,812110,Salones y clínicas de belleza y peluquerías,1.0,0.9423041876051119,0.0,0.0,0.9423041876051119,4.524886877828055,0,0,0,0,0,0,0,0,0,0,0,0,0.0,0.0,0.0
6261,0.575050487491724,31,50,1,6261,570,115.0,421.0,34.0,299.0,172.0,290.0,9.0,552,203.0,991.2173146504867,63.481953290870486,20.175438596491226,73.85964912280701,5.964912280701754,11,6,6,5,0,464113,"Comercio al por menor de productos naturistas, medicamentos homeopáticos y de complementos alimenticios",3.0,19.128755195009393,10.433866470005123,10.433866470005123,8.694888725004269,19.29824561403509,0,0,0,0,0,0,0,0,0,0,0,0,0.0,0.0,0.0
6350,0.02218004524741902,31,50,1,6350,9,,6.0,,6.0,,6.0,0.0,10,3.0,405.77013705809657,,,66.66666666666666,,2,1,1,0,1,311830,Elaboración de tortillas de maíz y molienda de nixtamal,1.0,90.1711415684659,45.08557078423295,45.08557078423295,0.0,222.2222222222222,0,0,0,0,0,0,0,0,0,0,0,0,0.0,0.0,0.0
6365,0.2444891502205207,31,50,1,6365,1795,298.0,1367.0,130.0,1012.0,553.0,986.0,26.0,698,576.0,7341.839089305077,64.66453674121406,16.601671309192202,76.15598885793872,7.242339832869081,65,23,22,37,5,461110,"Comercio al por menor en tiendas de abarrotes, ultramarinos y misceláneas",5.0,265.8604684149471,94.0737042083659,89.98354315582824,151.33595894389296,36.211699164345404,3,0,4,0,0,1,2,0,0,0,0,0,12.270483157612944,1.671309192200557,0.046153846153846156
637A,0.15819398644986096,31,50,1,637A,1748,262.0,1082.0,404.0,864.0,679.0,842.0,22.0,571,525.0,11049.72470337248,55.994815294880105,14.988558352402745,61.89931350114416,23.112128146453088,101,44,43,54,3,461110,"Comercio al por menor en tiendas de abarrotes, ultramarinos y misceláneas",12.0,638.4566333184328,278.1395234258519,271.8181706207189,341.35305147718185,57.78032036613273,3,0,0,3,0,0,0,0,0,0,0,0,18.96405841539899,1.7162471395881005,0.0297029702970297
6384,0.17292133046786046,31,50,1,6384,2016,329.0,1254.0,433.0,891.0,877.0,878.0,13.0,640,600.0,11658.480735404117,50.39592760180995,16.319444444444446,62.202380952380956,21.4781746031746,67,35,34,29,3,461110,"Comercio al por menor en tiendas de abarrotes, ultramarinos y misceláneas",11.0,387.45942920241856,202.40417943409923,196.62120287883926,167.70632010253937,33.23412698412698,3,0,4,1,0,0,0,0,0,0,2,0,17.348929665779934,1.488095238095238,0.04477611940298507
6399,0.236649733730818,31,50,1,6399,1069,204.0,711.0,154.0,516.0,398.0,501.0,15.0,370,304.0,4517.22460510332,56.455142231947484,19.083255378858745,66.51075771749298,14.405986903648268,105,32,25,66,7,464111,Farmacias sin minisúper,6.0,443.6937170587919,135.22094234172707,105.64136120447426,278.8931935798121,98.22263797942001,4,0,1,0,0,2,0,0,1,0,1,0,16.902617792715883,3.7418147801683816,0.0380952380952381
6401,0.24897397173976282,31,50,1,6401,1601,328.0,1080.0,193.0,819.0,526.0,813.0,6.0,478,433.0,6430.391051773985,60.89219330855019,20.487195502810742,67.4578388507183,12.054965646470956,83,31,26,38,14,461110,"Comercio al por menor en tiendas de abarrotes, ultramarinos y misceláneas",6.0,333.36818069783936,124.5110072485906,104.42858672462438,152.62639598214332,51.84259837601499,3,0,1,1,0,1,0,0,0,0,1,0,12.049452314379735,1.8738288569643973,0.03614457831325301
6416,0.48745914674582624,31,50,1,6416,741,184.0,501.0,56.0,448.0,144.0,443.0,5.0,346,233.0,1520.1273890268726,75.67567567567568,24.831309041835357,67.61133603238866,7.557354925775979,44,17,12,20,7,461110,"Comercio al por menor en tiendas de abarrotes, ultramarinos y misceláneas",6.0,90.26397451711524,34.87471742706725,24.617447595576884,41.029079325961476,59.37921727395411,1,0,2,0,0,0,0,0,0,0,1,0,2.0514539662980735,1.3495276653171389,0.022727272727272728
6420,0.25851950385597783,31,50,1,6420,139,25.0,105.0,9.0,81.0,43.0,81.0,0.0,68,40.0,537.6770337507587,65.32258064516128,17.985611510791365,75.53956834532374,6.474820143884892,17,7,6,7,3,461110,"Comercio al por menor en tiendas de abarrotes, ultramarinos y misceláneas",5.0,65.75906168174747,27.077260692484256,23.209080593557932,27.077260692484256,122.3021582733813,0,0,0,0,0,0,0,0,0,0,0,0,0.0,0.0,0.0
6435,0.7050997080653275,31,50,1,6435,773,160.0,546.0,39.0,393.0,233.0,387.0,6.0,263,211.0,1096.2988512943498,62.77955271565495,20.69857697283312,70.63389391979301,5.045278137128072,45,18,18,21,6,461110,"Comercio al por menor en tiendas de abarrotes, ultramarinos y misceláneas",7.0,63.82076107146927,25.528304428587706,25.528304428587706,29.783021833352326,58.214747736093145,0,0,0,0,0,0,0,0,0,0,0,0,0.0,0.0,0.0
644A,1.022734682370837,31,50,1,644A,231,37.0,171.0,23.0,108.0,93.0,106.0,,102,65.0,225.8650302779513,53.73134328358209,16.017316017316016,74.02597402597402,9.956709956709958,25,2,1,16,7,531113,Alquiler sin intermediación de salones para fiestas y convenciones,6.0,24.444267346098627,1.95554138768789,0.977770693843945,15.64433110150312,108.22510822510823,0,0,0,0,0,0,0,0,0,0,0,0,0.0,0.0,0.0
6454,0.3542907509919426,31,50,1,6454,2134,428.0,1601.0,105.0,1179.0,597.0,1148.0,31.0,1175,789.0,6023.301466451581,66.38513513513513,20.056232427366446,75.02343017806935,4.920337394564199,34,7,6,23,4,811111,Reparación mecánica en general de automóviles y camiones,4.0,95.96637762856315,19.75778362941006,16.935243110922908,64.91843192520449,15.932521087160262,1,0,0,0,0,1,0,0,0,0,0,0,2.8225405184871515,0.46860356138706655,0.029411764705882353
6469,0.2362141543410534,31,50,1,6469,1519,323.0,1118.0,78.0,810.0,427.0,802.0,8.0,688,541.0,6430.605330308955,65.48100242522231,21.263989466754442,73.60105332455564,5.1349572086899276,41,9,9,29,3,812110,Salones y clínicas de belleza y peluquerías,3.0,173.57130911301326,38.101019073588276,38.101019073588276,122.76995034822889,26.991441737985518,2,0,1,1,1,0,0,0,0,0,0,0,8.466893127464061,1.3166556945358787,0.04878048780487805
6473,0.4779634644788397,31,50,1,6473,2666,429.0,1882.0,355.0,1389.0,924.0,1359.0,30.0,833,741.0,5577.832194573584,60.05188067444877,16.09152288072018,70.5926481620405,13.31582895723931,184,87,84,91,6,461121,Comercio al por menor de carnes rojas,14.0,384.9666630913502,182.02228091819273,175.74565054170336,190.39112142017862,69.0172543135784,6,0,9,2,0,0,0,0,0,0,3,1,12.55326075297881,2.250562640660165,0.03260869565217391
6488,0.4695276043091222,31,50,1,6488,2573,420.0,1856.0,297.0,1465.0,756.0,1451.0,14.0,957,790.0,5479.975993713923,65.96127870328681,16.323357947920716,72.13369607462107,11.54294597745822,145,49,48,77,19,461110,"Comercio al por menor en tiendas de abarrotes, ultramarinos y misceláneas",11.0,308.82103345842165,104.36021130663904,102.23041107589131,163.99461776757565,56.35445005829771,6,0,6,4,0,1,0,0,0,0,0,1,12.778801384486414,2.331908278274388,0.041379310344827586
6492,0.6659915869607361,31,50,1,6492,2413,519.0,1740.0,154.0,1254.0,744.0,1239.0,15.0,801,701.0,3623.168891684903,62.76276276276276,21.508495648570243,72.10940737670948,6.382096974720265,129,42,35,63,24,461212,Comercio al por menor de cerveza,7.0,193.6961405003533,63.06385969778944,52.55321641482453,94.59578954668416,53.4604227103191,8,0,4,4,0,1,0,0,2,0,1,0,12.012163751959894,3.315375051802735,0.06201550387596899
6505,1.6604982622151532,31,50,1,6505,2179,431.0,1605.0,143.0,1216.0,639.0,1194.0,22.0,739,613.0,1312.2567181089069,65.55256064690028,19.779715465810003,73.65764111977971,6.56264341441028,208,54,50,133,21,722511,Restaurantes con servicio de preparación de alimentos a la carta o de comida corrida,18.0,125.2636059507355,32.52035923721017,30.11144373815757,80.09644034349914,95.45663148233135,27,0,28,8,0,12,1,0,2,0,3,1,16.260179618605086,12.391005048187242,0.12980769230769232
651A,0.3428906350390141,31,50,1,651A,1755,309.0,1332.0,114.0,930.0,603.0,916.0,14.0,678,577.0,5118.250021031679,60.665362035225044,17.60683760683761,75.8974358974359,6.495726495726497,57,12,11,42,3,812110,Salones y clínicas de belleza y peluquerías,7.0,166.23376136684087,34.99658134038755,32.080199562021924,122.48803469135643,32.478632478632484,2,0,0,2,0,0,0,0,0,0,0,0,5.832763556731258,1.1396011396011396,0.03508771929824561
6524,0.28870407942865706,31,50,1,6524,2524,394.0,1988.0,142.0,1464.0,763.0,1441.0,23.0,925,813.0,8742.515883374335,65.73866187696453,15.61014263074485,78.76386687797148,5.625990491283677,83,26,25,50,7,621211,Consultorios dentales del sector privado,8.0,287.4916078922622,90.05761211082913,86.59385779887415,173.1877155977483,32.884310618066564,2,0,1,0,1,1,0,0,0,0,0,0,6.927508623909933,0.7923930269413629,0.024096385542168676
6539,0.3340613777246331,31,50,1,6539,591,90.0,466.0,35.0,348.0,171.0,346.0,,202,180.0,1769.1359714356488,67.05202312138728,15.228426395939088,78.84940778341793,5.922165820642978,51,19,18,31,1,722511,Restaurantes con servicio de preparación de alimentos a la carta o de comida corrida,9.0,152.6665559106905,56.87577573143371,53.88231385083194,92.79731829865501,86.29441624365482,6,0,7,6,0,0,0,0,0,0,0,0,17.960771283610647,10.15228426395939,0.11764705882352941
6543,0.5257766157634529,31,50,1,6543,1787,279.0,1331.0,177.0,955.0,628.0,935.0,20.0,657,581.0,3398.7818142219776,60.328490208464935,15.612758813654168,74.48237269166201,9.904868494683827,119,29,25,82,8,722511,Restaurantes con servicio de preparación de alimentos a la carta o de comida corrida,21.0,226.33186115971756,55.15650398009924,47.548710327671756,155.95976987476337,66.59205372132065,3,0,4,2,0,1,0,0,0,0,0,0,5.705845239320611,1.6787912702853947,0.025210084033613446
6558,0.21672409084948785,31,50,1,6558,1841,320.0,1371.0,150.0,978.0,621.0,954.0,24.0,642,542.0,8494.671694244418,61.16322701688556,17.381857686040195,74.47039652362847,8.147745790331342,94,36,35,50,8,461110,"Comercio al por menor en tiendas de abarrotes, ultramarinos y misceláneas",10.0,433.73120003203434,166.10982128886423,161.49565958639576,230.70808512342253,51.059206952743075,4,0,1,1,0,1,0,0,0,0,2,0,18.456646809873803,2.1727322107550244,0.0425531914893617
6581,0.23988322509016924,31,50,1,6581,21,,14.0,5.0,10.0,9.0,8.0,,19,7.0,87.54259491094615,52.63157894736842,,66.66666666666666,23.809523809523807,0,0,0,0,0,,,,0.0,0.0,0.0,0.0,0.0,0,0,0,0,0,0,0,0,0,0,0,0,0.0,0.0,
6613,0.7359913811453772,31,50,1,6613,1140,311.0,802.0,27.0,585.0,302.0,576.0,9.0,629,380.0,1548.9311820824444,65.95264937993235,27.280701754385966,70.35087719298245,2.368421052631579,32,19,12,9,4,435210,Comercio al por mayor de maquinaria y equipo para la construcción y la minería,2.0,43.47877002336686,25.815519701374072,16.304538758762572,12.22840406907193,28.070175438596493,4,0,3,0,0,0,2,0,2,0,0,0,5.434846252920858,3.5087719298245617,0.125
6628,0.8505250572131519,31,50,1,6628,3620,856.0,2580.0,184.0,1887.0,1026.0,1845.0,42.0,1569,1192.0,4256.194416965642,64.77857878475798,23.646408839779006,71.27071823204419,5.082872928176796,4,2,2,2,0,462112,Comercio al por menor en minisupers,2.0,4.702977256315626,2.351488628157813,2.351488628157813,2.351488628157813,1.1049723756906078,5,1,2,1,0,1,3,0,0,0,0,0,5.878721570394533,1.3812154696132597,1.25
6632,0.48335920382240705,31,50,1,6632,3343,700.0,2462.0,181.0,1936.0,821.0,1915.0,21.0,1531,1258.0,6916.1815344852,70.22125498730503,20.939276099311996,73.64642536643733,5.414298534250673,71,25,24,43,3,812210,Lavanderías y tintorerías,5.0,146.88868948502818,51.721369536981754,49.65251475550249,88.96075560360862,21.23840861501645,7,0,5,3,0,2,0,0,1,0,1,0,14.481983470354892,2.0939276099311996,0.09859154929577464
6647,0.4465508510918814,31,50,1,6647,3676,841.0,2675.0,160.0,2076.0,896.0,2026.0,50.0,1549,1303.0,8231.985206190177,69.85195154777928,22.878128400435255,72.76931447225245,4.352557127312296,59,19,14,32,8,461110,"Comercio al por menor en tiendas de abarrotes, ultramarinos y misceláneas",4.0,132.12381043667583,42.54834573384476,31.351412645990877,71.66037176226486,16.05005440696409,8,0,7,3,0,3,0,0,0,0,2,0,17.915092940566215,2.176278563656148,0.13559322033898305
6651,0.6177464725066778,31,50,1,6651,3447,699.0,2585.0,162.0,1906.0,932.0,1857.0,49.0,1521,1253.0,5579.959017835975,67.1599718111346,20.278503046127067,74.9927473165071,4.699738903394255,74,14,12,53,7,812210,Lavanderías y tintorerías,8.0,119.7902429126377,22.663018929417944,19.42544479664395,85.79571451851078,21.467943138961417,10,0,5,1,0,5,2,0,0,0,2,0,16.18787066386996,2.901073397156948,0.13513513513513514
6666,0.1677665831529397,31,50,1,6666,1413,396.0,974.0,33.0,763.0,300.0,754.0,9.0,641,485.0,8422.416272922947,71.7779868297272,28.02547770700637,68.9313517338995,2.335456475583864,27,5,5,19,3,812110,Salones y clínicas de belleza y peluquerías,5.0,160.9378905654066,29.80331306766789,29.80331306766789,113.25258965713799,19.108280254777068,1,0,0,1,0,0,0,0,0,0,0,0,5.960662613533578,0.7077140835102619,0.037037037037037035
6670,0.0476810443284482,31,50,1,6670,494,156.0,320.0,18.0,338.0,39.0,337.0,,161,139.0,10360.511330186242,89.65517241379311,31.57894736842105,64.77732793522267,3.643724696356275,7,3,3,2,2,461110,"Comercio al por menor en tiendas de abarrotes, ultramarinos y misceláneas",3.0,146.80886500263907,62.918085001131026,62.918085001131026,41.94539000075402,14.17004048582996,0,0,0,0,0,0,0,0,0,0,0,0,0.0,0.0,0.0
669A,0.9641923674013572,31,50,1,669A,2532,539.0,1889.0,104.0,1427.0,639.0,1397.0,30.0,1155,935.0,2626.0319886415605,69.07066795740562,21.287519747235386,74.60505529225908,4.107424960505529,45,11,10,33,1,611312,Escuelas de educación superior del sector público,5.0,46.67118463225522,11.40851179899572,10.371374362723383,34.22553539698716,17.77251184834123,5,0,1,0,0,5,0,0,0,0,0,0,5.185687181361692,1.9747235387045812,0.1111111111111111
6702,0.5131099130802089,31,50,1,6702,1957,540.0,1356.0,57.0,1063.0,451.0,1058.0,5.0,756,659.0,3813.9976447776858,70.2113606340819,27.593254982115482,69.28972917731221,2.912621359223301,54,20,18,28,6,812110,Salones y clínicas de belleza y peluquerías,4.0,105.2406095135386,38.97800352353281,35.080203171179534,54.569204932945944,27.593254982115482,8,0,3,1,0,4,0,0,2,0,1,0,15.591201409413125,4.087889626980072,0.14814814814814814
6717,0.3906326913149618,31,50,1,6717,2544,685.0,1775.0,84.0,1422.0,512.0,1404.0,18.0,1032,850.0,6512.511770165205,73.52637021716649,26.926100628930815,69.77201257861635,3.30188679245283,62,16,16,40,6,812110,Salones y clínicas de belleza y peluquerías,7.0,158.71687490182495,40.9591935230516,40.9591935230516,102.397983807629,24.371069182389938,8,0,8,2,0,2,0,0,0,0,4,0,20.4795967615258,3.1446540880503147,0.12903225806451613
6721,0.49244572528192687,31,50,1,6721,3951,1019.0,2807.0,125.0,2292.0,772.0,2270.0,22.0,1612,1370.0,8023.219203980376,74.80417754569191,25.790939002784107,71.04530498607947,3.1637560111364214,131,43,43,79,9,812110,Salones y clínicas de belleza y peluquerías,11.0,266.01916368550474,87.31926746928781,87.31926746928781,160.4237704668311,33.156162996709696,4,0,2,3,0,0,0,0,0,0,1,0,8.122722555282587,1.0124019235636548,0.030534351145038167
6736,0.7008422120166758,31,50,1,6736,160,33.0,115.0,12.0,88.0,45.0,88.0,0.0,54,47.0,228.29675104700024,66.16541353383458,20.625,71.875,7.5,4,1,1,3,0,468411,Comercio al por menor de gasolina y diesel,1.0,5.707418776175006,1.4268546940437514,1.4268546940437514,4.280564082131255,25.0,0,0,0,0,0,0,0,0,0,0,0,0,0.0,0.0,0.0
6740,1.437056362220226,31,50,1,6740,2635,723.0,1865.0,47.0,1460.0,563.0,1454.0,6.0,1413,919.0,1833.6093623558181,72.1700444883836,27.438330170777984,70.77798861480076,1.7836812144212524,114,63,38,40,11,461110,"Comercio al por menor en tiendas de abarrotes, ultramarinos y misceláneas",14.0,79.32883009812647,43.839616633175154,26.442943366042158,27.834677227412797,43.26375711574953,6,0,8,3,0,1,0,0,0,0,2,0,4.17520158411192,2.2770398481973433,0.05263157894736842
6755,0.45878992822740666,31,50,1,6755,875,242.0,616.0,17.0,491.0,169.0,490.0,,328,292.0,1907.1909520347886,74.39393939393939,27.65714285714286,70.39999999999999,1.9428571428571426,22,7,7,12,3,461110,"Comercio al por menor en tiendas de abarrotes, ultramarinos y misceláneas",2.0,47.952229651160394,15.257527616278308,15.257527616278308,26.155761627905672,25.142857142857142,5,0,1,3,0,2,0,0,0,0,0,0,10.898234011627363,5.714285714285714,0.22727272727272727
676A,0.08445259798293711,31,50,1,676A,368,83.0,263.0,22.0,203.0,105.0,201.0,,176,140.0,4357.47400067374,65.9090909090909,22.554347826086957,71.46739130434783,5.978260869565218,0,0,0,0,0,,,,0.0,0.0,0.0,0.0,0.0,0,0,0,0,0,0,0,0,0,0,0,0,0.0,0.0,
6774,0.5267623816772349,31,50,1,6774,2791,647.0,2057.0,87.0,1669.0,566.0,1656.0,13.0,1298,1030.0,5298.404170611674,74.67561521252797,23.181655320673595,73.70118237190971,3.1171623074166965,52,15,14,35,2,812110,Salones y clínicas de belleza y peluquerías,5.0,98.71623678674564,28.475837534638163,26.57744836566229,66.44362091415572,18.631314940881403,3,0,2,1,0,1,0,0,0,0,1,0,5.695167506927633,1.0748835542816195,0.057692307692307696
6789,0.6034089042674068,31,50,1,6789,433,63.0,367.0,3.0,173.0,212.0,172.0,,338,215.0,717.5896758197516,44.935064935064936,14.549653579676674,84.75750577367207,0.6928406466512702,12,5,3,7,0,531210,Inmobiliarias y corredores de bienes raíces,3.0,19.887011801009283,8.286254917087202,4.971752950252321,11.600756883922083,27.71362586605081,3,0,0,1,0,1,0,0,1,0,0,0,4.971752950252321,6.928406466512702,0.25
6793,0.8166054291876447,31,50,1,6793,3657,806.0,2654.0,197.0,1831.0,1164.0,1811.0,20.0,1647,1281.0,4478.2949871371375,61.13522537562604,22.03992343450916,72.57314738856986,5.386929176920974,9,5,5,3,1,462112,Comercio al por menor en minisupers,2.0,11.02123458688385,6.122908103824361,6.122908103824361,3.6737448622946167,2.4610336341263332,8,0,6,0,0,7,1,0,0,0,0,0,9.796652966118979,2.1875854525567404,0.8888888888888888
6806,0.5207562710564618,31,50,1,6806,1163,256.0,852.0,55.0,635.0,325.0,631.0,4.0,542,416.0,2233.290436696257,66.14583333333334,22.012037833190025,73.25881341358556,4.729148753224419,21,11,9,7,3,236111,Edificación de vivienda unifamiliar,2.0,40.325966612744104,21.123125368580247,17.282557119747473,13.441988870914702,18.056749785038694,2,0,1,1,0,1,0,0,0,0,0,0,3.840568248832772,1.7196904557179709,0.09523809523809523
6810,0.49375599347097515,31,50,1,6810,3350,885.0,2385.0,80.0,1902.0,693.0,1877.0,25.0,1456,1142.0,6784.727768974263,73.29479768786126,26.417910447761194,71.19402985074626,2.3880597014925375,53,20,18,28,5,812110,Salones y clínicas de belleza y peluquerías,6.0,107.34046918078684,40.50583742671202,36.45525368404082,56.70817239739682,15.820895522388062,3,0,4,0,0,1,0,0,0,0,2,0,6.075875614006803,0.8955223880597015,0.05660377358490566
6825,1.3149735691241802,31,50,1,6825,7244,2006.0,5041.0,196.0,4146.0,1371.0,4106.0,40.0,3268,2499.0,5508.855972538494,75.14953779227841,27.691882937603534,69.58862506902264,2.70568746548868,124,64,62,47,13,461110,"Comercio al por menor en tiendas de abarrotes, ultramarinos y misceláneas",24.0,94.29847330132154,48.67017976842402,47.14923665066077,35.74216326743639,17.11761457758145,11,0,9,2,0,6,2,0,0,0,1,0,8.36518714769788,1.5184980673660962,0.08870967741935484
683A,0.5282634522533659,31,50,1,683A,3083,739.0,2239.0,105.0,1713.0,745.0,1686.0,27.0,1402,1065.0,5836.103154305156,69.69080553295363,23.9701589361012,72.62406746675316,3.4057735971456373,50,21,19,23,6,461110,"Comercio al por menor en tiendas de abarrotes, ultramarinos y misceláneas",9.0,94.64974301500415,39.75289206630175,35.96690234570158,43.53888178690191,16.217969510217323,6,0,7,1,0,3,0,0,0,0,2,0,11.357969161800499,1.9461563412260785,0.12
6844,0.47167821388421616,31,50,1,6844,1414,320.0,1046.0,48.0,841.0,290.0,834.0,7.0,1156,539.0,2997.8064671587686,74.35897435897436,22.63083451202263,73.97454031117398,3.3946251768033946,10,8,8,2,0,461110,"Comercio al por menor en tiendas de abarrotes, ultramarinos y misceláneas",4.0,21.200894392919153,16.960715514335323,16.960715514335323,4.240178878583831,7.072135785007072,0,0,0,0,0,0,0,0,0,0,0,0,0.0,0.0,0.0
6859,0.11266444008422587,31,50,1,6859,1325,505.0,781.0,39.0,587.0,321.0,582.0,5.0,416,361.0,11760.587448971959,64.64757709251101,38.113207547169814,58.94339622641509,2.943396226415094,31,18,17,12,1,461110,"Comercio al por menor en tiendas de abarrotes, ultramarinos y misceláneas",7.0,275.1533667306647,159.7664710049021,150.89055594907418,106.51098066993472,23.39622641509434,0,0,0,0,0,0,0,0,0,0,0,0,0.0,0.0,0.0
6863,0.20760878586461085,31,50,1,6863,1620,455.0,1147.0,18.0,939.0,272.0,929.0,10.0,881,569.0,7803.137970550342,77.53922378199834,28.08641975308642,70.80246913580247,1.1111111111111112,50,25,25,18,7,461110,"Comercio al por menor en tiendas de abarrotes, ultramarinos y misceláneas",7.0,240.83759168365253,120.41879584182627,120.41879584182627,86.70153300611491,30.864197530864196,0,0,0,0,0,0,0,0,0,0,0,0,0.0,0.0,0.0
6878,0.5062216955890051,31,50,1,6878,2991,820.0,2111.0,59.0,1695.0,561.0,1683.0,12.0,1503,1043.0,5908.47849087123,75.13297872340425,27.415580073553997,70.57840187228351,1.972584419926446,74,27,24,45,2,812110,Salones y clínicas de belleza y peluquerías,10.0,146.18101247892713,53.33631536393287,47.41005810127366,88.89385893988812,24.74088933467068,0,0,0,0,0,0,0,0,0,0,0,0,0.0,0.0,0.0
6882,0.38057758527983643,31,50,1,6882,1662,386.0,1238.0,38.0,932.0,412.0,921.0,11.0,848,586.0,4367.046469060812,69.34523809523809,23.225030084235858,74.48856799037304,2.286401925391095,18,10,10,7,1,461110,"Comercio al por menor en tiendas de abarrotes, ultramarinos y misceláneas",9.0,47.29653215589328,26.275851197718488,26.275851197718488,18.393095838402942,10.830324909747292,1,0,1,0,0,0,0,0,1,0,0,0,2.6275851197718487,0.601684717208183,0.05555555555555555
6897,0.2820238292063407,31,50,1,6897,2103,370.0,1620.0,113.0,1153.0,648.0,1122.0,31.0,956,796.0,7456.816702043127,64.0199888950583,17.59391345696624,77.03281027104137,5.373276271992392,25,9,9,16,0,812110,Salones y clínicas de belleza y peluquerías,6.0,88.6449917028427,31.91219701302337,31.91219701302337,56.73279468981933,11.887779362815026,3,0,3,1,1,1,0,0,0,0,0,0,10.637399004341123,1.4265335235378032,0.12
690A,0.19428254183038624,31,50,1,690A,1414,278.0,1065.0,71.0,777.0,417.0,774.0,3.0,626,525.0,7278.060018560284,65.07537688442211,19.660537482319658,75.31824611032532,5.021216407355021,18,4,4,13,1,812110,Salones y clínicas de belleza y peluquerías,3.0,92.64857166484096,20.588571481075768,20.588571481075768,66.91285731349625,12.72984441301273,0,0,0,0,0,0,0,0,0,0,0,0,0.0,0.0,0.0
6914,0.6834495331779993,31,50,1,6914,632,131.0,468.0,33.0,328.0,200.0,323.0,5.0,276,197.0,924.720801346133,62.121212121212125,20.72784810126582,74.0506329113924,5.2215189873417724,4,1,1,3,0,461110,"Comercio al por menor en tiendas de abarrotes, ultramarinos y misceláneas",1.0,5.85266329965907,1.4631658249147674,1.4631658249147674,4.389497474744302,6.329113924050633,0,0,0,0,0,0,0,0,0,0,0,0,0.0,0.0,0.0
6929,0.2502468474508701,31,50,1,6929,456,107.0,331.0,18.0,211.0,161.0,208.0,3.0,188,136.0,1822.2007775323705,56.72043010752689,23.464912280701753,72.58771929824562,3.9473684210526314,3,1,1,0,2,327320,Fabricación de concreto,1.0,11.988163010081385,3.9960543366937946,3.9960543366937946,0.0,6.578947368421052,1,0,1,0,0,1,0,0,0,0,0,0,3.9960543366937946,2.1929824561403506,0.3333333333333333
6948,0.7684519527597459,31,50,1,6948,448,120.0,314.0,14.0,243.0,104.0,238.0,5.0,158,147.0,582.9902551370909,70.02881844380403,26.785714285714285,70.08928571428571,3.125,159,96,92,58,5,463211,"Comercio al por menor de ropa, excepto de bebé y lencería",26.0,206.90948787231576,124.92648324366235,119.72121310850974,75.47641695971267,354.9107142857143,2,0,3,0,0,1,1,0,0,0,0,0,2.602635067576299,4.464285714285714,0.012578616352201259
6952,0.4276373129316568,31,50,1,6952,2132,567.0,1536.0,29.0,1207.0,429.0,1200.0,7.0,1403,782.0,4985.5331504730675,73.77750611246944,26.594746716697937,72.04502814258912,1.3602251407129455,53,21,21,30,2,812110,Salones y clínicas de belleza y peluquerías,11.0,123.93679970688207,49.10703384612309,49.10703384612309,70.15290549446155,24.859287054409005,6,0,10,2,0,2,0,0,0,0,2,0,14.030581098892311,2.8142589118198873,0.11320754716981132
6967,0.2609021872042827,31,50,1,6967,360,68.0,269.0,23.0,229.0,77.0,226.0,3.0,129,118.0,1379.8274512667274,74.83660130718954,18.88888888888889,74.72222222222223,6.388888888888888,0,0,0,0,0,,,,0.0,0.0,0.0,0.0,0.0,1,0,1,0,0,1,0,0,0,0,0,0,3.832854031296465,2.7777777777777777,
6971,0.33222774651380643,31,50,1,6971,1053,220.0,782.0,51.0,589.0,270.0,585.0,4.0,516,394.0,3169.5125137786777,68.56810244470314,20.892687559354226,74.26400759734094,4.843304843304843,1,1,1,0,0,462112,Comercio al por menor en minisupers,1.0,3.0099833939018783,3.0099833939018783,3.0099833939018783,0.0,0.9496676163342831,3,0,1,0,0,2,0,0,1,0,0,0,9.029950181705635,2.849002849002849,3.0
6986,0.37639303910583405,31,50,1,6986,656,168.0,484.0,4.0,390.0,118.0,380.0,10.0,586,240.0,1742.859011310106,76.77165354330708,25.609756097560975,73.78048780487805,0.6097560975609756,43,22,21,18,3,461110,"Comercio al por menor en tiendas de abarrotes, ultramarinos y misceláneas",5.0,114.24228275355878,58.449540013448676,55.7927427401101,47.82235092009437,65.54878048780488,3,0,3,1,0,2,0,0,0,0,0,0,7.970391820015728,4.573170731707317,0.06976744186046512
6990,0.1792399658488826,31,50,1,6990,1207,307.0,866.0,34.0,686.0,262.0,679.0,7.0,453,397.0,6733.989232165012,72.36286919831224,25.43496271748136,71.74813587406794,2.8169014084507045,22,7,6,13,2,812110,Salones y clínicas de belleza y peluquerías,5.0,122.74048310491324,39.05379007883603,33.47467721043088,72.52846728926691,18.227009113504554,1,0,0,1,0,0,0,0,0,0,0,0,5.579112868405147,0.828500414250207,0.045454545454545456
7005,0.19039551748049022,31,50,1,7005,1512,388.0,1084.0,40.0,882.0,301.0,866.0,16.0,616,516.0,7941.363431284218,74.55621301775149,25.66137566137566,71.6931216931217,2.6455026455026456,38,13,11,21,4,722514,Restaurantes con servicio de preparación de tacos y tortas,3.0,199.58453068042346,68.27891839067118,57.774469407491,110.29671432339191,25.13227513227513,1,0,0,0,0,1,0,0,0,0,0,0,5.252224491590091,0.6613756613756614,0.02631578947368421
701A,0.11780012682542289,31,50,1,701A,2128,577.0,1532.0,19.0,1201.0,425.0,1194.0,7.0,1196,746.0,18064.496680497192,73.86223862238623,27.114661654135336,71.99248120300751,0.8928571428571428,36,15,15,18,3,812110,Salones y clínicas de belleza y peluquerías,9.0,305.6023874520202,127.33432810500841,127.33432810500841,152.8011937260101,16.917293233082706,2,0,3,0,0,0,0,0,0,0,2,0,16.97791041400112,0.9398496240601504,0.05555555555555555
7024,0.2746507423664676,31,50,1,7024,1015,187.0,774.0,54.0,531.0,326.0,524.0,7.0,776,381.0,3695.6026088059193,61.96032672112018,18.423645320197043,76.25615763546799,5.320197044334975,11,2,2,8,1,812110,Salones y clínicas de belleza y peluquerías,3.0,40.050865711197154,7.281975583854028,7.281975583854028,29.127902335416113,10.83743842364532,1,0,0,1,0,0,0,0,0,0,0,0,3.640987791927014,0.9852216748768472,0.09090909090909091
7039,0.03779802137753593,31,50,1,7039,167,61.0,105.0,,81.0,32.0,80.0,,144,50.0,4418.220687584753,71.68141592920354,36.52694610778443,62.874251497005986,,26,14,14,4,8,461110,"Comercio al por menor en tiendas de abarrotes, ultramarinos y misceláneas",8.0,687.8666938754707,370.389758240638,370.389758240638,105.82564521161086,155.68862275449104,0,0,0,0,0,0,0,0,0,0,0,0,0.0,0.0,0.0
7043,0.31037477698501376,31,50,1,7043,311,56.0,243.0,12.0,159.0,107.0,153.0,6.0,450,127.0,1002.014413094581,59.77443609022557,18.006430868167204,78.13504823151125,3.858520900321544,1,1,1,0,0,462112,Comercio al por menor en minisupers,1.0,3.2219112961240546,3.2219112961240546,3.2219112961240546,0.0,3.215434083601286,1,0,0,0,0,1,0,0,0,0,0,0,3.2219112961240546,3.215434083601286,1.0
